affiliation_key,affiliation_variant,group_key,source
icrs-a-00001,"., New Zealand",.|new zealand,geocode_csv
icrs-a-00001,New Zealand,.|new zealand,delegate_list
icrs-a-00002,"A*STAR Institute of High Performance Computing, Singapore",a*star institute of high performance computing|singapore,delegate_list|geocode_csv|programme
icrs-a-00003,"A*Star-Agency for Science, Technology and Research, Singapore","a*star-agency for science, technology and research|singapore",delegate_list|geocode_csv
icrs-a-00004,Academia Sinica,academia sinica|taiwan,display_alias
icrs-a-00004,"Academia Sinica, Taiwan",academia sinica|taiwan,delegate_list|display_alias|geocode_csv|programme
icrs-a-00005,"ACIAR Coral Restoration Governance Project, Philippines",aciar coral restoration governance project|philippines,delegate_list|geocode_csv|programme
icrs-a-00006,"Adam Mickiewicz University, Poland",adam mickiewicz university|poland,delegate_list|geocode_csv
icrs-a-00007,"Adelaide University, Australia",adelaide university|australia,delegate_list|geocode_csv|programme
icrs-a-00008,"Adelphi University, United States",adelphi university|united states,delegate_list|geocode_csv|programme
icrs-a-00009,"Africa Ocean Alliance, Ghana",africa ocean alliance|ghana,delegate_list|geocode_csv
icrs-a-00010,Alfred Wegener Institute For Marine And Polar Research (awi),alfred wegener institute for marine and polar research (awi)|,programme
icrs-a-00011,"Alfred Wegener Institute For Marine And Polar Research, Germany",alfred wegener institute for marine and polar research|germany,delegate_list|geocode_csv
icrs-a-00012,"Alligator Head Foundation, Jamaica",alligator head foundation|jamaica,delegate_list|geocode_csv|programme
icrs-a-00013,"Altasea, United States",altasea|united states,delegate_list|geocode_csv
icrs-a-00014,"American Samoa Community College & University of Hawaii, American Samoa",american samoa community college & university of hawaii|american samoa,delegate_list|geocode_csv
icrs-a-00015,"American Samoa Government, American Samoa",american samoa government|american samoa,delegate_list|geocode_csv
icrs-a-00016,"American University, United States",american university|united states,delegate_list|geocode_csv
icrs-a-00017,"Aquatic Resources Research Institute, Chualalongkorn, Thailand","aquatic resources research institute, chualalongkorn|thailand",delegate_list|geocode_csv|programme
icrs-a-00018,Arizona State University,arizona state university|united states,display_alias
icrs-a-00018,"Arizona State University, United States",arizona state university|united states,delegate_list|display_alias|geocode_csv|programme
icrs-a-00019,"Atlantic Oceanographic and Meteorological Laboratory, United States",atlantic oceanographic and meteorological laboratory|united states,delegate_list|geocode_csv|programme
icrs-a-00020,Auckland University of Technology,auckland university of technology|new zealand,display_alias
icrs-a-00020,"Auckland University of Technology, New Zealand",auckland university of technology|new zealand,delegate_list|display_alias|geocode_csv|programme
icrs-a-00021,Australian Institute Of Marine Science,australian institute of marine science|australia,display_alias
icrs-a-00021,"Australian Institute Of Marine Science, Australia",australian institute of marine science|australia,delegate_list|programme
icrs-a-00021,Australian Institute of Marine Science,australian institute of marine science|australia,display_alias
icrs-a-00021,"Australian Institute of Marine Science, Australia",australian institute of marine science|australia,delegate_list|geocode_csv|programme
icrs-a-00022,"Australian Institute of Marine Science, United States",australian institute of marine science|united states,delegate_list|geocode_csv
icrs-a-00023,"Australian Museum Research Institute, Australia",australian museum research institute|australia,delegate_list|geocode_csv|programme
icrs-a-00024,"Australian Museum, Australia",australian museum|australia,delegate_list|geocode_csv|programme
icrs-a-00025,"Auxilia, Italy",auxilia|italy,delegate_list|geocode_csv
icrs-a-00026,"Backpacker, United States",backpacker|united states,delegate_list|geocode_csv
icrs-a-00027,"Bangor University, Maldives",bangor university|maldives,delegate_list|geocode_csv|programme
icrs-a-00028,Bar-Ilan University,bar-ilan university|israel,display_alias
icrs-a-00028,"Bar-Ilan University, Israel",bar-ilan university|israel,delegate_list|display_alias|geocode_csv|programme
icrs-a-00029,"Ben Gurion University of the Negev, Israel",ben gurion university of the negev|israel,delegate_list|geocode_csv|programme
icrs-a-00030,Bergische Universitat Wuppertal,bergische universität wuppertal|germany,display_alias
icrs-a-00030,"Bergische Universitat Wuppertal, Germany",bergische universität wuppertal|germany,delegate_list|display_alias|programme
icrs-a-00030,"Bergische Universität Wuppertal, Germany",bergische universität wuppertal|germany,display_alias|geocode_csv
icrs-a-00031,"Bermuda Institute of Ocean Sciences, Bermuda",bermuda institute of ocean sciences|bermuda,delegate_list|geocode_csv|programme
icrs-a-00032,"Bermuda Institute of Ocean Sciences, New Caledonia",bermuda institute of ocean sciences|new caledonia,delegate_list|geocode_csv|programme
icrs-a-00033,"Bigelow Laboratory for Ocean Sciences, United States",bigelow laboratory for ocean sciences|united states,delegate_list|geocode_csv|programme
icrs-a-00034,"Biodiversity Research Center,  Academia Sinica","biodiversity research center, academia sinica|",programme
icrs-a-00035,"Bloomberg Ocean Fund, United States",bloomberg ocean fund|united states,delegate_list|geocode_csv
icrs-a-00036,"Blue Alliance, Barbados",blue alliance|barbados,delegate_list|geocode_csv
icrs-a-00037,"Blue Alliance, Indonesia",blue alliance|indonesia,delegate_list|geocode_csv|programme
icrs-a-00038,"Blue Alliance, Tanzania, United Republic of","blue alliance|tanzania, united republic of",delegate_list|geocode_csv|programme
icrs-a-00039,"Blue Corner Marine Research, Indonesia",blue corner marine research|indonesia,delegate_list|geocode_csv|programme
icrs-a-00040,"Blue Prosperity Fiji, Fiji",blue prosperity fiji|fiji,delegate_list|geocode_csv|programme
icrs-a-00041,"Boston College, United States",boston college|united states,delegate_list|geocode_csv|programme
icrs-a-00042,Boston University,boston university|united states,display_alias
icrs-a-00042,"Boston University, United States",boston university|united states,delegate_list|display_alias|geocode_csv|programme
icrs-a-00043,"Boxfish Robotics Limited, New Zealand",boxfish robotics limited|new zealand,delegate_list|geocode_csv
icrs-a-00044,"Boxfish Robotics, New Zealand",boxfish robotics|new zealand,delegate_list|geocode_csv
icrs-a-00045,"Bpp, United Kingdom",bpp|united kingdom,delegate_list|geocode_csv
icrs-a-00046,"BRANCH Applications BV / Foundation, Netherlands",branch applications bv / foundation|netherlands,delegate_list|geocode_csv
icrs-a-00047,"BRANCH Foundation, Netherlands",branch foundation|netherlands,delegate_list|geocode_csv
icrs-a-00048,"Brin, Indonesia",brin|indonesia,delegate_list|geocode_csv|programme
icrs-a-00049,"Bureau of Meteorology, Australia",bureau of meteorology|australia,delegate_list|geocode_csv|programme
icrs-a-00050,"Byoguides, Australia",byoguides|australia,delegate_list|geocode_csv
icrs-a-00051,"California Academy of Sciences, Australia",california academy of sciences|australia,delegate_list|geocode_csv|programme
icrs-a-00052,"California Academy of Sciences, Auckland",california academy of sciences|new zealand,display_alias
icrs-a-00052,"California Academy of Sciences, New Zealand",california academy of sciences|new zealand,delegate_list|display_alias|geocode_csv|programme
icrs-a-00053,"California Academy of Sciences, United States",california academy of sciences|united states,delegate_list|geocode_csv|programme
icrs-a-00054,"California State Polytechnic University, United States",california state polytechnic university|united states,delegate_list|geocode_csv|programme
icrs-a-00055,"California State University Monterey Bay, United States",california state university monterey bay|united states,delegate_list|geocode_csv|programme
icrs-a-00056,"California State University Northridge, United States",california state university northridge|united states,delegate_list|geocode_csv|programme
icrs-a-00057,"California State University, Monterey Bay And Moss, United States","california state university, monterey bay and moss|united states",delegate_list|geocode_csv|programme
icrs-a-00058,"California State University, United States",california state university|united states,delegate_list|geocode_csv|programme
icrs-a-00059,"Camphora Pte Ltd, Singapore",camphora pte ltd|singapore,delegate_list|geocode_csv
icrs-a-00060,"Cape Eleuthera Institute, Bahamas",cape eleuthera institute|bahamas,delegate_list|geocode_csv|programme
icrs-a-00061,"Caraga State University / National Sun Yat-sen, Philippines",caraga state university / national sun yat-sen|philippines,delegate_list|geocode_csv|programme
icrs-a-00062,"Carl Von Ossietzky University of Oldenburg, Germany",carl von ossietzky university of oldenburg|germany,delegate_list|geocode_csv|programme
icrs-a-00063,"Carl-von-Ossietzky University of Oldenburg, Germany",carl-von-ossietzky university of oldenburg|germany,delegate_list|geocode_csv|programme
icrs-a-00064,"Catholic University of Korea, South Korea",catholic university of korea|south korea,delegate_list|geocode_csv
icrs-a-00065,Cawthron Institute,cawthron institute|,programme
icrs-a-00066,"Cefas, United Kingdom",cefas|united kingdom,delegate_list|geocode_csv|programme
icrs-a-00067,"Center for Marine and Environmental Studies, United States Virgin Islands",center for marine and environmental studies|united states virgin islands,delegate_list|geocode_csv|programme
icrs-a-00068,Center For Research And Advanced Studies Ipn-mérida Unit,center for research and advanced studies ipn-mérida unit|,programme
icrs-a-00069,"Center For Research And Advanced Studies Ipn-mérida, Mexico",center for research and advanced studies ipn-mérida|mexico,delegate_list|geocode_csv
icrs-a-00070,"Central Provincial Administrations, Papua New Guinea",central provincial administrations|papua new guinea,delegate_list|geocode_csv
icrs-a-00071,"Central Queensland University, Australia",central queensland university|australia,delegate_list|geocode_csv|programme
icrs-a-00072,"Centre de recherche du CHU de Québec-Université Laval, Canada",centre de recherche du chu de québec-université laval|canada,delegate_list|geocode_csv
icrs-a-00073,"Centre de Recherches Insulaires et Observatoire de l'Environnement de Moorea, French Polynesia",centre de recherches insulaires et observatoire de l'environnement de moorea|french polynesia,delegate_list|geocode_csv|programme
icrs-a-00074,Centre for Scientific Research and Higher Education of Ensenada,centre for scientific research and higher education of ensenada|mexico,display_alias
icrs-a-00074,"Centre for Scientific Research and Higher Education of Ensenada Ensenada, Mexico",centre for scientific research and higher education of ensenada|mexico,display_alias
icrs-a-00074,"Centre for Scientific Research and Higher Education of Ensenada, Mexico",centre for scientific research and higher education of ensenada|mexico,delegate_list|display_alias|geocode_csv|programme
icrs-a-00075,"Centre Scientifique de Monaco, France",centre scientifique de monaco|france,delegate_list|geocode_csv
icrs-a-00076,Centre Scientifique de Monaco,centre scientifique de monaco|monaco,display_alias
icrs-a-00076,"Centre Scientifique de Monaco, France",centre scientifique de monaco|monaco,display_alias
icrs-a-00076,"Centre Scientifique de Monaco, Monaco",centre scientifique de monaco|monaco,delegate_list|display_alias|geocode_csv|programme
icrs-a-00077,Centro de Ciências do Mar do Algarve,centro de ciências do mar do algarve|portugal,display_alias
icrs-a-00077,"Centro de Ciências do Mar do Algarve, Portugal",centro de ciências do mar do algarve|portugal,delegate_list|display_alias|geocode_csv|programme
icrs-a-00078,Centro de Investigaciones Biológicas del Noroeste,centro de investigaciones biológicas del noroeste|mexico,display_alias
icrs-a-00078,"Centro de Investigaciones Biológicas del Noroeste, Mexico",centro de investigaciones biológicas del noroeste|mexico,delegate_list|display_alias|geocode_csv|programme
icrs-a-00079,"Centro Interdisciplinario de Ciencias marinas, Mexico",centro interdisciplinario de ciencias marinas|mexico,delegate_list|geocode_csv|programme
icrs-a-00080,"Charles Darwin Foundation, Ecuador",charles darwin foundation|ecuador,delegate_list|geocode_csv|programme
icrs-a-00081,"Chinese University of Hong Kong, Hong Kong",chinese university of hong kong|hong kong,delegate_list|geocode_csv|programme
icrs-a-00082,"Chulalongkorn University, Thailand",chulalongkorn university|thailand,delegate_list|geocode_csv|programme
icrs-a-00083,"Chungnam National University, South Korea",chungnam national university|south korea,delegate_list|geocode_csv|programme
icrs-a-00084,Cinvestav Mérida,cinvestav mérida|mexico,display_alias
icrs-a-00084,"Cinvestav Mérida, Mexico",cinvestav mérida|mexico,delegate_list|display_alias|geocode_csv|programme
icrs-a-00085,"Citizens of the Reef, Australia",citizens of the reef|australia,delegate_list|geocode_csv|programme
icrs-a-00086,"Citizens of the Sea, New Zealand",citizens of the sea|new zealand,delegate_list|geocode_csv
icrs-a-00087,"Civil Society Forum of Tonga, Tonga",civil society forum of tonga|tonga,delegate_list|geocode_csv
icrs-a-00088,"Clemson University, United States",clemson university|united states,delegate_list|geocode_csv|programme
icrs-a-00089,"CMOANA Consulting, French Polynesia",cmoana consulting|french polynesia,delegate_list|geocode_csv|programme
icrs-a-00090,"CNRS/UPVD, France",cnrs/upvd|france,delegate_list|geocode_csv|programme
icrs-a-00091,"CNRS, France",cnrs|france,delegate_list|geocode_csv|programme
icrs-a-00092,"CNRS, French Polynesia",cnrs|french polynesia,delegate_list|geocode_csv|programme
icrs-a-00093,"Coastal and Marine Resource Development, Kenya",coastal and marine resource development|kenya,delegate_list|geocode_csv
icrs-a-00094,"College of Charleston, United States",college of charleston|united states,delegate_list|geocode_csv|programme
icrs-a-00095,"Colorado State University, United States",colorado state university|united states,delegate_list|geocode_csv|programme
icrs-a-00096,"Columbia University, United States",columbia university|united states,delegate_list|geocode_csv|programme
icrs-a-00097,"Commonwealth Scientific and Industrial Research, Australia",commonwealth scientific and industrial research|australia,delegate_list|geocode_csv|programme
icrs-a-00098,"Connecticut College, United States",connecticut college|united states,delegate_list|geocode_csv|programme
icrs-a-00099,"Conservation International, New Caledonia",conservation international|new caledonia,delegate_list|geocode_csv|programme
icrs-a-00100,"Conservation International, Samoa",conservation international|samoa,delegate_list|geocode_csv|programme
icrs-a-00101,"Conservation Metrics, United States",conservation metrics|united states,delegate_list|geocode_csv|programme
icrs-a-00102,"Conservation Society of Pohnpei, Micronesia, Federated States of","conservation society of pohnpei|micronesia, federated states of",delegate_list|geocode_csv|programme
icrs-a-00103,"Cooperative Institute Of Marine and Atmospheric Research, United States",cooperative institute for marine and atmospheric research|united states,display_alias
icrs-a-00103,"Cooperative Institute for Marine and Atmospheric Research, United States",cooperative institute for marine and atmospheric research|united states,display_alias
icrs-a-00103,"Cooperative Institute of Marine and Atmospheric Research, United States",cooperative institute for marine and atmospheric research|united states,display_alias
icrs-a-00104,"Cooperative Institute For Marine and Atmospheric, United States",cooperative institute for marine and atmospheric|united states,delegate_list|programme
icrs-a-00104,"Cooperative Institute for Marine and Atmospheric, United States",cooperative institute for marine and atmospheric|united states,delegate_list|geocode_csv|programme
icrs-a-00105,"Cooperative Institute Of Marine and Atmospheric, United States",cooperative institute of marine and atmospheric|united states,delegate_list|programme
icrs-a-00105,"Cooperative Institute of Marine and Atmospheric, United States",cooperative institute of marine and atmospheric|united states,delegate_list|geocode_csv|programme
icrs-a-00106,"Coral Guardian, France",coral guardian|france,delegate_list|geocode_csv|programme
icrs-a-00107,"Coral Reef Advisory Group, American Samoa",coral reef advisory group|american samoa,delegate_list|geocode_csv|programme
icrs-a-00108,"Coral Reef Alliance, Honduras",coral reef alliance|honduras,delegate_list|geocode_csv|programme
icrs-a-00109,"Coral Reef Alliance, Mexico",coral reef alliance|mexico,delegate_list|geocode_csv
icrs-a-00110,"Coral Reef Alliance, United States",coral reef alliance|united states,delegate_list|geocode_csv|programme
icrs-a-00111,"Coral Reef Conservation Program, United States",coral reef conservation program|united states,delegate_list|geocode_csv|programme
icrs-a-00112,"Coral Reef Conservation Restoration Network, Philippines",coral reef conservation restoration network|philippines,delegate_list|geocode_csv|programme
icrs-a-00113,"Coral Reef Consulting, American Samoa",coral reef consulting|american samoa,delegate_list|geocode_csv|programme
icrs-a-00114,"Coral Reef Initiative, Northern Mariana Islands",coral reef initiative|northern mariana islands,delegate_list|geocode_csv
icrs-a-00115,"Coral Reef Watch, Australia",coral reef watch|australia,delegate_list|geocode_csv|programme
icrs-a-00116,"Coral Reef Watch, United States",coral reef watch|united states,delegate_list|geocode_csv|programme
icrs-a-00117,"Coral Restoration Consortium, Sint Maarten",coral restoration consortium|sint maarten,delegate_list|geocode_csv|programme
icrs-a-00118,"Coral Restoration Consortium, United States",coral restoration consortium|united states,delegate_list|geocode_csv
icrs-a-00119,"Coral Restoration Foundation / Coral Restoration, United States",coral restoration foundation|united states,delegate_list|geocode_csv
icrs-a-00119,"Coral Restoration Foundation, United States",coral restoration foundation|united states,delegate_list|geocode_csv|programme
icrs-a-00120,"Coral Restoration Foundation, United States Virgin Islands",coral restoration foundation|united states virgin islands,delegate_list|geocode_csv|programme
icrs-a-00121,Coral soul,coral soul|,programme
icrs-a-00122,"Coral Triangle Center, Indonesia",coral triangle center|indonesia,delegate_list|geocode_csv|programme
icrs-a-00123,"Coral Vivo Institute, Brazil",coral vivo institute|brazil,delegate_list|geocode_csv|programme
icrs-a-00124,"Corales De Paz, Colombia",corales de paz|colombia,delegate_list|geocode_csv|programme
icrs-a-00125,"Coralition for Concerned Polyps, United States",coralition for concerned polyps|united states,delegate_list|geocode_csv
icrs-a-00126,"Coralku Solutions, Malaysia",coralku solutions|malaysia,delegate_list|geocode_csv|programme
icrs-a-00127,Corals For Conservation,corals for conservation|fiji,display_alias
icrs-a-00127,"Corals For Conservation, Fiji",corals for conservation|fiji,delegate_list|display_alias
icrs-a-00127,Corals for Conservation,corals for conservation|fiji,display_alias
icrs-a-00127,"Corals for Conservation, Fiji",corals for conservation|fiji,delegate_list|display_alias|geocode_csv|programme
icrs-a-00128,"Coralwatch, Australia",coralwatch|australia,delegate_list|geocode_csv|programme
icrs-a-00129,"CORDIO East Africa, Kenya",cordio east africa|kenya,delegate_list|geocode_csv|programme
icrs-a-00130,"Criobe Moorea, United States",criobe moorea|united states,delegate_list|programme
icrs-a-00131,"CRIOBE, France",criobe|france,delegate_list|geocode_csv|programme
icrs-a-00132,"CRIOBE, French Polynesia",criobe|french polynesia,delegate_list|geocode_csv|programme
icrs-a-00133,"CRIOBE, Réunion",criobe|réunion,delegate_list|geocode_csv|programme
icrs-a-00134,"CSIR National Institute of India, India",csir national institute of india|india,delegate_list|geocode_csv|programme
icrs-a-00135,"CSIR National Institute of Oceanography, India",csir national institute of oceanography|india,delegate_list|geocode_csv|programme
icrs-a-00136,"CSS-INC., Under Contract to NOAA-NCCOS","css-inc., under contract to noaa-nccos|united states",geocode_csv
icrs-a-00136,"CSS-INC., Under Contract to NOAA-NCCOS, United States","css-inc., under contract to noaa-nccos|united states",delegate_list|geocode_csv|programme
icrs-a-00137,"Curtin University, Australia",curtin university|australia,delegate_list|geocode_csv|programme
icrs-a-00138,"Cut the Mustard Ltd., New Zealand",cut the mustard ltd.|new zealand,delegate_list|geocode_csv
icrs-a-00139,"Darla White - Marine Ecological Consulting, LLC","darla white - marine ecological consulting, llc|united states",geocode_csv
icrs-a-00139,"Darla White - Marine Ecological Consulting, LLC, United States","darla white - marine ecological consulting, llc|united states",delegate_list|geocode_csv|programme
icrs-a-00140,"De La Salle University, Philippines",de la salle university|philippines,delegate_list|geocode_csv|programme
icrs-a-00141,"Delta Environmental and Educational Foundation, Taiwan",delta environmental and educational foundation|taiwan,delegate_list|geocode_csv
icrs-a-00142,"Department of Biodiversity, Conservation and Attractions, Australia","department of biodiversity, conservation and attractions - western australia|australia",delegate_list|geocode_csv|programme
icrs-a-00143,"Department of Conservation - New Zealand, New Zealand",department of conservation - new zealand|new zealand,delegate_list|geocode_csv|programme
icrs-a-00144,Department of Environment and Natural Resources - Philippines,department of environment and natural resources - philippines|philippines,display_alias
icrs-a-00144,"Department of Environment and Natural Resources - Philippines Philippines, Philippines",department of environment and natural resources - philippines|philippines,display_alias
icrs-a-00144,"Department of Environment and Natural Resources - Philippines, Philippines",department of environment and natural resources - philippines|philippines,delegate_list|display_alias|geocode_csv
icrs-a-00145,"Department of Fisheries - Malaysia, Malaysia",department of fisheries - malaysia|malaysia,delegate_list|geocode_csv
icrs-a-00146,"Department of Natural and Environmental Resources of Puerto Rico (DNER), Puerto Rico",department of natural and environmental resources of puerto rico (dner)|puerto rico,delegate_list|geocode_csv
icrs-a-00147,Department of Planning and Natural Resources - Virgin Islands,department of planning and natural resources - virgin islands|,programme
icrs-a-00148,"DHI Water and Environment, Singapore",dhi water and environment|singapore,delegate_list|geocode_csv|programme
icrs-a-00149,"Disaster Risk Reduction Center Universitas Indonesia, Indonesia",disaster risk reduction center universitas indonesia|indonesia,delegate_list|geocode_csv
icrs-a-00150,"Division of Aquatic and Wildlife Resources - Guam, Guam",division of aquatic and wildlife resources - guam|guam,delegate_list|geocode_csv|programme
icrs-a-00151,"Drawaqa Marine Conservation Trust, Fiji",drawaqa marine conservation trust|fiji,delegate_list|geocode_csv
icrs-a-00152,"Duke University, United States",duke university|united states,delegate_list|geocode_csv|programme
icrs-a-00153,"Durrell Institute of Conservation and Ecology, United Kingdom",durrell institute of conservation and ecology|united kingdom,delegate_list|geocode_csv|programme
icrs-a-00154,"Early Careers, United Kingdom",early careers|united kingdom,delegate_list|geocode_csv
icrs-a-00155,Earth and Life Institute,earth and life institute|,programme
icrs-a-00156,"Earth Observatory of Singapore, Singapore",earth observatory of singapore|singapore,delegate_list|geocode_csv|programme
icrs-a-00157,"Earth Sciences New Zealand, New Zealand",earth sciences new zealand|new zealand,delegate_list|geocode_csv|programme
icrs-a-00158,"East Carolina University, United States",east carolina university|united states,delegate_list|geocode_csv|programme
icrs-a-00159,"Eco Marine Consultants Ltd, Mauritius",eco marine consultants ltd|mauritius,delegate_list|geocode_csv|programme
icrs-a-00160,"Eco-Sud, Mauritius",eco-sud|mauritius,delegate_list|geocode_csv|programme
icrs-a-00161,"ECOH Corporation, Japan",ecoh corporation|japan,delegate_list|geocode_csv|programme
icrs-a-00162,"Edith Cowan University, Australia",edith cowan university|australia,delegate_list|geocode_csv|programme
icrs-a-00163,"Ehime University, Japan",ehime university|japan,delegate_list|geocode_csv|programme
icrs-a-00164,"ENTROPIE, Réunion",entropie|réunion,delegate_list|geocode_csv|programme
icrs-a-00165,"Envirotech-Coralz Group, Fiji",envirotech-coralz group|fiji,delegate_list|geocode_csv|programme
icrs-a-00166,"EPHE-Paris PSL-CRIOBE, French Polynesia",ephe-paris psl-criobe|french polynesia,delegate_list|geocode_csv|programme
icrs-a-00167,"Eveline Kolijn Studio, Canada",eveline kolijn studio|canada,delegate_list|geocode_csv|programme
icrs-a-00168,"Experience Co, Australia",experience co|australia,delegate_list|geocode_csv|programme
icrs-a-00169,"Experimental Marine Ecology Lab, Singapore",experimental marine ecology lab|singapore,delegate_list|geocode_csv|programme
icrs-a-00170,Federal University of Paraná,federal university of paraná|brazil,display_alias
icrs-a-00170,"Federal University of Paraná, Brazil",federal university of paraná|brazil,delegate_list|display_alias|geocode_csv|programme
icrs-a-00171,"Federal University of Pernambuco, Brazil",federal university of pernambuco|brazil,delegate_list|geocode_csv|programme
icrs-a-00172,"Federal University of Santa Maria, Brazil",federal university of santa maria|brazil,delegate_list|geocode_csv|programme
icrs-a-00173,"Federal University of Technology - Akure, Nigeria",federal university of technology - akure|nigeria,delegate_list|geocode_csv|programme
icrs-a-00174,"Fish-i Inc, Philippines",fish-i inc|philippines,delegate_list|geocode_csv|programme
icrs-a-00175,"Fisheries Infrastructure Development Center, Japan",fisheries infrastructure development center|japan,delegate_list|geocode_csv|programme
icrs-a-00176,Fisheries Research Institute,fisheries research institute|,programme
icrs-a-00177,"Fisheries Technology Institute, Japan",fisheries technology institute|japan,delegate_list|geocode_csv|programme
icrs-a-00178,"Florida Atlantic University - Harbor Branch, United States",florida atlantic university - harbor branch|united states,delegate_list|geocode_csv|programme
icrs-a-00179,Florida Atlantic University,florida atlantic university|united states,display_alias
icrs-a-00179,"Florida Atlantic University, United States",florida atlantic university|united states,delegate_list|display_alias|geocode_csv|programme
icrs-a-00180,"Florida Fish and Wildlife Conservation Commission, United States",florida fish and wildlife conservation commission|united states,delegate_list|geocode_csv|programme
icrs-a-00181,"Florida Fish and Wildlife Research Institute, United States",florida fish and wildlife research institute|united states,delegate_list|geocode_csv|programme
icrs-a-00182,Florida International Univeristy,florida international university|united states,display_alias
icrs-a-00182,"Florida International Univeristy, United States",florida international university|united states,delegate_list|display_alias|geocode_csv|programme
icrs-a-00182,Florida International University,florida international university|united states,display_alias
icrs-a-00182,"Florida International University, United States",florida international university|united states,delegate_list|display_alias|geocode_csv|programme
icrs-a-00183,"Florida Keys National Marine Sanctuary, United States",florida keys national marine sanctuary|united states,delegate_list|geocode_csv|programme
icrs-a-00184,"Florida Sea Grant, United States",florida sea grant|united states,delegate_list|geocode_csv
icrs-a-00185,"Florida State University, United States",florida state university|united states,delegate_list|geocode_csv|programme
icrs-a-00186,"Fluoresci Research, Australia",fluoresci research|australia,delegate_list|geocode_csv|programme
icrs-a-00187,"Fluvio, Australia",fluvio|australia,delegate_list|geocode_csv|programme
icrs-a-00188,"Fondo Acción, Colombia",fondo acción|colombia,delegate_list|geocode_csv
icrs-a-00189,"Foreign Commonwealth Development Office, Fiji",foreign commonwealth development office|fiji,delegate_list|geocode_csv
icrs-a-00190,"Fundacion Puntacana, Dominican Republic",fundacion puntacana|dominican republic,delegate_list|geocode_csv|programme
icrs-a-00191,Fundacion Dominicana de Estudios Marinos,fundación dominicana de estudios marinos|dominican republic,display_alias
icrs-a-00191,"Fundacion Dominicana de Estudios Marinos, Dominican Republic",fundación dominicana de estudios marinos|dominican republic,delegate_list|display_alias|programme
icrs-a-00191,Fundación Dominicana de Estudios Marinos,fundación dominicana de estudios marinos|dominican republic,display_alias
icrs-a-00191,"Fundación Dominicana de Estudios Marinos, Dominican Republic",fundación dominicana de estudios marinos|dominican republic,delegate_list|display_alias|geocode_csv
icrs-a-00192,"G20 Coral Research and Development Accelerator, Saudi Arabia",g20 coral research and development accelerator|saudi arabia,delegate_list|geocode_csv|programme
icrs-a-00193,General Organization for Conservation of Coral Reef in the Red Sea,general organization for conservation of coral reef in the red sea|saudi arabia,display_alias
icrs-a-00193,"General Organization for Conservation of Coral Reef in the Red Sea, Saudi Arabia",general organization for conservation of coral reef in the red sea|saudi arabia,delegate_list|display_alias|geocode_csv|programme
icrs-a-00193,General Organization for Conservation of Coral Reefs in the Red Sea,general organization for conservation of coral reef in the red sea|saudi arabia,display_alias
icrs-a-00193,"General Organization for Conservation of Coral Reefs in the Red Sea, Saudi Arabia",general organization for conservation of coral reef in the red sea|saudi arabia,delegate_list|display_alias|geocode_csv|programme
icrs-a-00194,"Geomar Helmholtz Centre for Ocean Research, Germany",geomar helmholtz centre for ocean research|germany,delegate_list|geocode_csv|programme
icrs-a-00195,Georgia Institute of Technology,georgia institute of technology|united states,display_alias
icrs-a-00195,"Georgia Institute of Technology, United States",georgia institute of technology|united states,delegate_list|display_alias|geocode_csv|programme
icrs-a-00196,"Georgia Southern University, United States",georgia southern university|united states,delegate_list|geocode_csv|programme
icrs-a-00197,"GG Biotech Design, Germany",gg biotech design|germany,delegate_list|geocode_csv|programme
icrs-a-00198,"GIS and Spatial Ecology Lab, United States",gis and spatial ecology lab|united states,delegate_list|geocode_csv
icrs-a-00199,"Global Discovery and Conservation Science, United States",global discovery and conservation science|united states,delegate_list|geocode_csv|programme
icrs-a-00200,"Global Island Partnership, New Zealand",global island partnership|new zealand,delegate_list|geocode_csv|programme
icrs-a-00201,"Global Reef, Thailand",global reef|thailand,delegate_list|geocode_csv|programme
icrs-a-00202,"Global Science and Technology, LLC","global science and technology, llc|united states",geocode_csv
icrs-a-00202,"Global Science and Technology, LLC, United States","global science and technology, llc|united states",delegate_list|geocode_csv|programme
icrs-a-00203,Goethe-Universität,goethe-universität|germany,display_alias
icrs-a-00203,"Goethe-Universität, Germany",goethe-universität|germany,delegate_list|display_alias|geocode_csv|programme
icrs-a-00204,"Great Barrier Reef Foundation, Australia",great barrier reef foundation|australia,delegate_list|geocode_csv|programme
icrs-a-00205,"Great Barrier Reef Marine Park Authority, Australia",great barrier reef marine park authority|australia,delegate_list|geocode_csv|programme
icrs-a-00206,"Great Barrier Reef Safaris, Australia",great barrier reef safaris|australia,delegate_list|geocode_csv|programme
icrs-a-00207,"Griffith University, Australia",griffith university|australia,delegate_list|geocode_csv|programme
icrs-a-00208,"Grow Reefs, United States",grow reefs|united states,delegate_list|geocode_csv
icrs-a-00209,"Guam Coral Reef Initiative, Guam",guam coral reef initiative|guam,delegate_list|geocode_csv|programme
icrs-a-00210,"Guangxi University, China",guangxi university|china,delegate_list|geocode_csv|programme
icrs-a-00211,"Gunggandji-Mandingalbay Yidinji Peoples Prescribed, Australia",gunggandji-mandingalbay yidinji peoples prescribed|australia,delegate_list
icrs-a-00211,"Gunggandji-mandingalbay Yidinji Peoples Prescribed, Australia",gunggandji-mandingalbay yidinji peoples prescribed|australia,delegate_list|geocode_csv|programme
icrs-a-00212,"Hamburg University, Germany",hamburg university|germany,delegate_list|geocode_csv|programme
icrs-a-00213,"Hampton University, United States",hampton university|united states,delegate_list|geocode_csv|programme
icrs-a-00214,"Harbor Branch Oceanographic Institute, United States",harbor branch oceanographic institute|united states,delegate_list|geocode_csv|programme
icrs-a-00215,"Harvey Mudd College, United States",harvey mudd college|united states,delegate_list|geocode_csv|programme
icrs-a-00216,"Hasanuddin University, Indonesia",hasanuddin university|indonesia,delegate_list|geocode_csv|programme
icrs-a-00217,"Hawai'i Cooperative Fishery Research Unit, United States",hawai'i cooperative fishery research unit|united states,delegate_list|geocode_csv
icrs-a-00218,"Hawai'i Pacific University, United States",hawai'i pacific university|united states,delegate_list|geocode_csv|programme
icrs-a-00219,"Hawai'i State Department of Land and Natural, United States",hawai'i state department of land and natural|united states,delegate_list|geocode_csv|programme
icrs-a-00220,Division of Aquatic Resources - Hawai'i,hawaiʻi division of aquatic resources|united states,display_alias
icrs-a-00220,"Division of Aquatic Resources - Hawai'i, United States",hawaiʻi division of aquatic resources|united states,delegate_list|display_alias|geocode_csv|programme
icrs-a-00220,Division of Aquatic Resources - Kauaʻi,hawaiʻi division of aquatic resources|united states,display_alias
icrs-a-00220,"Division of Aquatic Resources - Kauaʻi, United States",hawaiʻi division of aquatic resources|united states,delegate_list|display_alias|geocode_csv|programme
icrs-a-00220,Hawai'i Division of Aquatic Resources,hawaiʻi division of aquatic resources|united states,display_alias
icrs-a-00220,"Hawai'i Division of Aquatic Resources, United States",hawaiʻi division of aquatic resources|united states,delegate_list|display_alias|geocode_csv|programme
icrs-a-00220,Hawaii Division of Aquatic Resources,hawaiʻi division of aquatic resources|united states,display_alias
icrs-a-00220,"Hawaii Division of Aquatic Resources, United States",hawaiʻi division of aquatic resources|united states,delegate_list|display_alias|programme
icrs-a-00220,Hawaiʻi Division of Aquatic Resources,hawaiʻi division of aquatic resources|united states,display_alias
icrs-a-00220,"Hawaiʻi Division of Aquatic Resources, United States",hawaiʻi division of aquatic resources|united states,delegate_list|display_alias|geocode_csv|programme
icrs-a-00221,Hawai'i Institute of Marine Biology,hawaiʻi institute of marine biology|united states,display_alias
icrs-a-00221,"Hawai'i Institute of Marine Biology, United States",hawaiʻi institute of marine biology|united states,delegate_list|display_alias|programme
icrs-a-00221,Hawaii Institute of Marine Biology,hawaiʻi institute of marine biology|united states,display_alias
icrs-a-00221,Hawaii institute of Marine Biology,hawaiʻi institute of marine biology|united states,display_alias
icrs-a-00221,"Hawaii institute of Marine Biology, United States",hawaiʻi institute of marine biology|united states,delegate_list|display_alias|programme
icrs-a-00221,Hawaiʻi Institute of Marine Biology,hawaiʻi institute of marine biology|united states,display_alias
icrs-a-00221,"Hawaiʻi Institute of Marine Biology, United States",hawaiʻi institute of marine biology|united states,delegate_list|display_alias|programme
icrs-a-00221,Hawaiʻi institute of Marine Biology,hawaiʻi institute of marine biology|united states,display_alias
icrs-a-00221,"Hawaiʻi institute of Marine Biology, United States",hawaiʻi institute of marine biology|united states,display_alias|geocode_csv
icrs-a-00221,Hawai‘i Institute of Marine Biology,hawaiʻi institute of marine biology|united states,display_alias
icrs-a-00221,"Hawai‘i Institute of Marine Biology, United States",hawaiʻi institute of marine biology|united states,delegate_list|display_alias|geocode_csv|programme
icrs-a-00222,"Healthy Reefs for Healthy People, United States",healthy reefs for healthy people|united states,delegate_list|geocode_csv|programme
icrs-a-00223,Helmholtz Institute for Functional Marine Biodiversity,helmholtz institute for functional marine biodiversity|germany,display_alias
icrs-a-00223,"Helmholtz Institute for Functional Marine Biodiversity, Germany",helmholtz institute for functional marine biodiversity|germany,delegate_list|display_alias|geocode_csv|programme
icrs-a-00224,"HI-LEX CORPORATION, Japan",hi-lex corporation|japan,delegate_list|geocode_csv|programme
icrs-a-00225,"Hiroshima University, Japan",hiroshima university|japan,delegate_list|geocode_csv|programme
icrs-a-00226,"Hong Kong Polytechnic University, Hong Kong",hong kong polytechnic university|hong kong,delegate_list|geocode_csv|programme
icrs-a-00227,"Hong Kong University of Science and Technology, China",hong kong university of science and technology|china,delegate_list|display_alias|geocode_csv
icrs-a-00227,"Hong Kong University of Science and Technology, Hong Kong",hong kong university of science and technology|china,display_alias
icrs-a-00228,Hong Kong University of Science and Technology,hong kong university of science and technology|hong kong,display_alias
icrs-a-00228,"Hong Kong University of Science and Technology, Hong Kong",hong kong university of science and technology|hong kong,delegate_list|display_alias|geocode_csv|programme
icrs-a-00228,Hong Kong University of Science and Techonology,hong kong university of science and technology|hong kong,display_alias
icrs-a-00228,"Hong Kong University of Science and Techonology, Hong Kong",hong kong university of science and technology|hong kong,delegate_list|display_alias|geocode_csv|programme
icrs-a-00229,"Hopkins Marine Station of Stanford University, United States",hopkins marine station of stanford university|united states,delegate_list|geocode_csv|programme
icrs-a-00230,"Horniman Museum and Gardens, United Kingdom",horniman museum and gardens|united kingdom,delegate_list|geocode_csv|programme
icrs-a-00231,"Hoʻāla Kealakekua Nui, Inc.","hoʻāla kealakekua nui, inc.|united states",display_alias|geocode_csv
icrs-a-00231,"Hoʻāla Kealakekua Nui, Inc., United States","hoʻāla kealakekua nui, inc.|united states",delegate_list|display_alias|geocode_csv|programme
icrs-a-00232,"I.CARE, United States",i.care|united states,delegate_list|geocode_csv|programme
icrs-a-00233,"IATS/CSIC, Spain",iats/csic|spain,delegate_list|geocode_csv|programme
icrs-a-00234,"ICML/UNAM, Mexico",icml/unam|mexico,delegate_list|geocode_csv|programme
icrs-a-00235,"Ifremer, New Caledonia",ifremer|new caledonia,delegate_list|geocode_csv|programme
icrs-a-00236,IHPE,ihpe|france,display_alias
icrs-a-00236,"IHPE, France",ihpe|france,delegate_list|display_alias|geocode_csv|programme
icrs-a-00237,"Imperial College London, United Kingdom",imperial college london|united kingdom,delegate_list|geocode_csv|programme
icrs-a-00238,"Independent Consultant/Researcher, Colombia",independent consultant/researcher|colombia,delegate_list|geocode_csv|programme
icrs-a-00239,"Independent Scientist, Australia",independent scientist|australia,delegate_list|geocode_csv|programme
icrs-a-00240,"Indiana University, United States",indiana university|united states,delegate_list|geocode_csv
icrs-a-00241,"Individual, New Zealand",individual|new zealand,delegate_list|geocode_csv|programme
icrs-a-00242,"Indo Ocean Foundation, Indonesia",indo ocean foundation|indonesia,delegate_list|geocode_csv|programme
icrs-a-00243,Indonesian Librarian Association of South Sulawesi,indonesian librarian association of south sulawesi|,programme
icrs-a-00244,"Inland Ocean Coalition, United States",inland ocean coalition|united states,delegate_list|geocode_csv
icrs-a-00245,"Institut de Recherche pour le Développement/Université, France",institut de recherche pour le développement/université|france,delegate_list|geocode_csv|programme
icrs-a-00246,"Institut de recherche pour le Développement, France",institut de recherche pour le développement|france,delegate_list|geocode_csv|programme
icrs-a-00247,"Institut de Recherche pour le Développement, New Caledonia",institut de recherche pour le développement|new caledonia,delegate_list|programme
icrs-a-00247,"Institut de recherche pour le Développement, New Caledonia",institut de recherche pour le développement|new caledonia,delegate_list|geocode_csv|programme
icrs-a-00248,"Institut Halieutique et des Sciences Marines/University, Madagascar",institut halieutique et des sciences marines/university|madagascar,geocode_csv
icrs-a-00249,"Institut Halieutique et des Sciences Marines, Madagascar",institut halieutique et des sciences marines|madagascar,delegate_list|geocode_csv|programme
icrs-a-00250,"Institut Teknologi Bandung, Indonesia",institut teknologi bandung|indonesia,delegate_list|geocode_csv|programme
icrs-a-00251,"Institute for Research and Development, Mayotte",institute for research and development|mayotte,delegate_list|geocode_csv|programme
icrs-a-00252,"Institute for Systems Biology, United States",institute for systems biology|united states,delegate_list|geocode_csv|programme
icrs-a-00253,"Institute of Fisheries Science, Taiwan",institute of fisheries science|taiwan,delegate_list|geocode_csv|programme
icrs-a-00254,"Institute of Marine and Antarctic Studies, Australia",institute of marine and antarctic studies|australia,delegate_list|geocode_csv|programme
icrs-a-00255,"Institute of Paleobiology, Poland",institute of paleobiology|poland,delegate_list|geocode_csv|programme
icrs-a-00256,"Institute of Science - Tokyo, Brazil",institute of science - tokyo|brazil,delegate_list|geocode_csv
icrs-a-00257,"Institute of Science - Tokyo, Japan",institute of science - tokyo|japan,delegate_list|geocode_csv|programme
icrs-a-00258,"Institute of Zoology, United Kingdom",institute of zoology|united kingdom,delegate_list|geocode_csv|programme
icrs-a-00259,"Instituto de Estudos do Mar Almirante Paulo Moreira, Brazil",instituto de estudos do mar almirante paulo moreira|brazil,delegate_list|geocode_csv|programme
icrs-a-00260,"Instituto de Zoología y Ecología Tropical, Venezuela, Bolivarian Republic of","instituto de zoología y ecología tropical|venezuela, bolivarian republic of",delegate_list|geocode_csv|programme
icrs-a-00261,"Instituto Politecnico Nacional, Mexico",instituto politecnico nacional|mexico,delegate_list|geocode_csv|programme
icrs-a-00262,"Instituto Recifes Costeiros, Brazil",instituto recifes costeiros|brazil,delegate_list|geocode_csv|programme
icrs-a-00263,Instituto Superior Técnico,instituto superior técnico|portugal,display_alias
icrs-a-00263,"Instituto Superior Técnico, Portugal",instituto superior técnico|portugal,delegate_list|display_alias|geocode_csv|programme
icrs-a-00264,Instituto Tecnológico de Bahía de Banderas,instituto tecnológico de bahía de banderas|mexico,display_alias
icrs-a-00264,"Instituto Tecnológico de Bahía de Banderas, Mexico",instituto tecnológico de bahía de banderas|mexico,delegate_list|display_alias|geocode_csv|programme
icrs-a-00265,"International Coral Reef Society, United States",international coral reef society|united states,delegate_list|geocode_csv
icrs-a-00266,"International Islamic University Malaysia, Malaysia",international islamic university malaysia|malaysia,delegate_list|geocode_csv|programme
icrs-a-00267,"IPB University, Indonesia",ipb university|indonesia,delegate_list|geocode_csv|programme
icrs-a-00268,Iranian National Institute for Oceanography and Atmospheric Science,iranian national institute for oceanography and atmospheric science|,programme
icrs-a-00269,"Island Conservation, United States",island conservation|united states,delegate_list|geocode_csv|programme
icrs-a-00270,"Israel Oceanographic and Limnological Research, Israel",israel oceanographic and limnological research|israel,delegate_list|geocode_csv|programme
icrs-a-00271,"Istituto Italiano Di Tecnologia, Italy",istituto italiano di tecnologia|italy,delegate_list|geocode_csv|programme
icrs-a-00272,"C2o Consulting And James Cook University, Australia",james cook university|australia,delegate_list|geocode_csv|programme
icrs-a-00272,"James Cook University, Australia",james cook university|australia,delegate_list|geocode_csv|programme
icrs-a-00273,"James Cook University, Philippines",james cook university|philippines,delegate_list|geocode_csv
icrs-a-00274,"James Cook University, Tonga",james cook university|tonga,delegate_list|geocode_csv
icrs-a-00275,"James Cook University, United States",james cook university|united states,delegate_list|geocode_csv|programme
icrs-a-00276,"John G. Shedd Aquarium, United States",john g. shedd aquarium|united states,delegate_list|geocode_csv|programme
icrs-a-00277,"Johnston Applied Marine Sciences/University of Amsterdam, Northern Mariana Islands",johnston applied marine sciences/university of amsterdam|northern mariana islands,delegate_list|geocode_csv|programme
icrs-a-00278,"Johnston Applied Marine Sciences/University of Northern Mariana Amsterdam Islands, United States",johnston applied marine sciences/university of northern mariana amsterdam islands|united states,delegate_list|programme
icrs-a-00279,"Johnston Applied Marine Sciences, Northern Mariana Islands",johnston applied marine sciences|northern mariana islands,delegate_list|geocode_csv|programme
icrs-a-00280,"Johnston Applied Marine Sciences, United States",johnston applied marine sciences|united states,delegate_list|geocode_csv
icrs-a-00281,"Justus Liebig University Giessen, Germany",justus liebig university giessen|germany,delegate_list|geocode_csv|programme
icrs-a-00282,"Kagoshima University, Japan",kagoshima university|japan,delegate_list|geocode_csv|programme
icrs-a-00283,"Kalanihale, United States",kalanihale|united states,delegate_list|geocode_csv|programme
icrs-a-00284,"Kanaloa, United Kingdom",kanaloa|united kingdom,delegate_list|geocode_csv
icrs-a-00285,"Kansai University, Japan",kansai university|japan,delegate_list|geocode_csv|programme
icrs-a-00286,"Karolinska Institute, Sweden",karolinska institute|sweden,delegate_list|geocode_csv|programme
icrs-a-00287,KAUST  & Harvard T.H. Chan School of Public Health,kaust & harvard t.h. chan school of public health|,programme
icrs-a-00288,"KAUST & Harvard T.H. Chan School of Public Health, Saudi Arabia",kaust & harvard t.h. chan school of public health|saudi arabia,geocode_csv
icrs-a-00288,"KAUST, Saudi Arabia",kaust & harvard t.h. chan school of public health|saudi arabia,delegate_list|geocode_csv
icrs-a-00289,"KAUST Coral Restoration Initiative, Saudi Arabia",kaust coral restoration initiative|saudi arabia,delegate_list|geocode_csv|programme
icrs-a-00290,KAUST,kaust|saudi arabia,display_alias
icrs-a-00290,"KAUST, Saudi Arabia",kaust|saudi arabia,programme
icrs-a-00290,King Abdullah University of Science and Technology,kaust|saudi arabia,display_alias
icrs-a-00290,"King Abdullah University of Science and Technology, Saudi Arabia",kaust|saudi arabia,delegate_list|geocode_csv|programme
icrs-a-00291,"Kikai Institute for Coral Reef Science, Thailand",kikai institute for coral reef science|thailand,delegate_list|geocode_csv|programme
icrs-a-00292,"KIOST (korea Institute Of Ocean Science & Technology), South Korea",kiost (korea institute of ocean science & technology)|south korea,delegate_list|geocode_csv
icrs-a-00293,"KIOST South Korea, United States",kiost south korea|united states,delegate_list|programme
icrs-a-00294,"KIOST, South Korea",kiost|south korea,delegate_list|geocode_csv|programme
icrs-a-00295,"Kipuka Olowalu, United States",kipuka olowalu|united states,delegate_list|geocode_csv|programme
icrs-a-00296,"Kitasato University, Japan",kitasato university|japan,delegate_list|geocode_csv|programme
icrs-a-00297,"Kochi University, Japan",kochi university|japan,delegate_list|geocode_csv|programme
icrs-a-00298,"Kokusai Kogyo Co., Ltd.","kokusai kogyo co., ltd.|japan",geocode_csv
icrs-a-00298,"Kokusai Kogyo Co., Ltd., Japan","kokusai kogyo co., ltd.|japan",delegate_list|geocode_csv|programme
icrs-a-00299,"Konservasi Indonesia, Indonesia",konservasi indonesia|indonesia,delegate_list|geocode_csv|programme
icrs-a-00300,Koraï and IH.SM,koraï and ih.sm|madagascar,display_alias
icrs-a-00300,"Koraï and IH.SM, Madagascar",koraï and ih.sm|madagascar,delegate_list|display_alias|geocode_csv|programme
icrs-a-00301,Kuaʻāina Ulu ʻAuamo,kuaʻāina ulu ʻauamo|united states,display_alias
icrs-a-00301,"Kuaʻāina Ulu ʻAuamo, United States",kuaʻāina ulu ʻauamo|united states,delegate_list|display_alias|geocode_csv|programme
icrs-a-00302,"Kuleana Coral Restoration, United States",kuleana coral restoration|united states,delegate_list|geocode_csv
icrs-a-00303,KUPA - Ho’āla Kealakekua Nui,kupa - ho’āla kealakekua nui|united states,display_alias
icrs-a-00303,"KUPA - Ho’āla Kealakekua Nui, United States",kupa - ho’āla kealakekua nui|united states,delegate_list|display_alias|geocode_csv
icrs-a-00304,"Kyushu University, Japan",kyushu university|japan,delegate_list|geocode_csv|programme
icrs-a-00305,Kōrero O Te 'Ōrau,kōrero o te 'ōrau|cook islands,display_alias
icrs-a-00305,"Kōrero O Te 'Ōrau, Cook Islands",kōrero o te 'ōrau|cook islands,delegate_list|display_alias|geocode_csv
icrs-a-00306,Lancaster University,lancaster university|united kingdom,display_alias
icrs-a-00306,"Lancaster University, United Kingdom",lancaster university|united kingdom,delegate_list|display_alias|geocode_csv|programme
icrs-a-00307,"Land and Sea Advisory, Australia",land and sea advisory|australia,delegate_list|geocode_csv
icrs-a-00308,Leibniz Centre for Tropical Marine Research,leibniz centre for tropical marine research|germany,display_alias
icrs-a-00308,"Leibniz Centre for Tropical Marine Research, Germany",leibniz centre for tropical marine research|germany,delegate_list|display_alias|geocode_csv|programme
icrs-a-00309,"Leibniz Centre for Tropical Marine Research, New Zealand",leibniz centre for tropical marine research|new zealand,delegate_list|geocode_csv|programme
icrs-a-00310,"Leibniz Institute of Plant Biochemistry, Germany",leibniz institute of plant biochemistry|germany,delegate_list|geocode_csv|programme
icrs-a-00311,"Lingnan University, Hong Kong",lingnan university|hong kong,delegate_list|geocode_csv|programme
icrs-a-00312,"Lingnan University, United States",lingnan university|united states,geocode_csv
icrs-a-00313,"LMMA Network, Fiji",lmma network|fiji,delegate_list|geocode_csv
icrs-a-00314,Louisiana State University,louisiana state university|united states,display_alias
icrs-a-00314,"Louisiana State University, United States",louisiana state university|united states,delegate_list|display_alias|geocode_csv|programme
icrs-a-00315,"LSCE, France",lsce|france,delegate_list|geocode_csv|programme
icrs-a-00316,"Luminocean, Indonesia",luminocean|indonesia,delegate_list|geocode_csv|programme
icrs-a-00317,"M.M. Bridge Co., Ltd.","m.m. bridge co., ltd.|japan",geocode_csv
icrs-a-00317,"M.M. Bridge Co., Ltd., Japan","m.m. bridge co., ltd.|japan",delegate_list|geocode_csv|programme
icrs-a-00318,"Macquarie University/University of Groningen, Netherlands",macquarie university/university of groningen|netherlands,delegate_list|geocode_csv|programme
icrs-a-00319,Macquarie University,macquarie university|australia,display_alias
icrs-a-00319,"Macquarie University, Australia",macquarie university|australia,delegate_list|display_alias|geocode_csv|programme
icrs-a-00320,"Madagascar National Parks, Madagascar",madagascar national parks|madagascar,delegate_list|geocode_csv
icrs-a-00321,"Mahonia Na Dari, Papua New Guinea",mahonia na dari|papua new guinea,delegate_list|geocode_csv|programme
icrs-a-00322,"Malama Maunalua, United States",malama maunalua|united states,delegate_list|geocode_csv|programme
icrs-a-00323,"Maldives Coral Institute, Maldives",maldives coral institute|maldives,delegate_list|geocode_csv|programme
icrs-a-00324,"Mana Island Resort Fiji, Fiji",mana island resort fiji|fiji,delegate_list|geocode_csv
icrs-a-00325,"Marepolis, French Polynesia",marepolis|french polynesia,delegate_list|geocode_csv
icrs-a-00326,"MARE, Portugal",mare|portugal,delegate_list|geocode_csv|programme
icrs-a-00327,"Marine and Environmental Research Institute Of Pohnpei, Micronesia, Federated States of","marine and environmental research institute of pohnpei|micronesia, federated states of",delegate_list|geocode_csv
icrs-a-00328,"Marine Biological Association, United Kingdom",marine biological association|united kingdom,delegate_list|geocode_csv|programme
icrs-a-00329,"Marine Conservation International, United Kingdom",marine conservation international|united kingdom,delegate_list|geocode_csv|programme
icrs-a-00330,"Marine Conservation Society Seychelles, Seychelles",marine conservation society seychelles|seychelles,delegate_list|geocode_csv|programme
icrs-a-00331,"Marine Ecology Consulting, Fiji",marine ecology consulting|fiji,delegate_list|geocode_csv
icrs-a-00332,"Marine Environment and Resources Foundation, Philippines",marine environment and resources foundation|philippines,delegate_list|geocode_csv|programme
icrs-a-00333,"Marine Institute at Maui Ocean Center, United States",marine institute at maui ocean center|united states,delegate_list|geocode_csv|programme
icrs-a-00334,"MarineGEO, United States",marinegeo|united states,delegate_list|geocode_csv|programme
icrs-a-00335,Maritime And Marine Science Center Of Excellence Of Pattimura University,maritime and marine science center of excellence of pattimura university|,programme
icrs-a-00336,"Maritime and Marine Science Center of Excellence, Pattimura University","maritime and marine science center of excellence, pattimura university|",programme
icrs-a-00337,"Maritime and Marine Science Center of Excellence,, Indonesia",maritime and marine science center of excellence|indonesia,delegate_list|geocode_csv|programme
icrs-a-00338,"Maritime and Marine Science Centre of Excellence,, Indonesia",maritime and marine science centre of excellence|indonesia,delegate_list|geocode_csv|programme
icrs-a-00339,"Mars Sustainable Solutions, Australia",mars sustainable solutions|australia,delegate_list|geocode_csv
icrs-a-00340,"Marshall Islands Conservation Society, Marshall Islands",marshall islands conservation society|marshall islands,delegate_list|geocode_csv
icrs-a-00341,"Marshall Islands Marine Resources Authority, Marshall Islands",marshall islands marine resources authority|marshall islands,delegate_list|geocode_csv
icrs-a-00342,"Max Planck Institute for Chemistry, Germany",max planck institute for chemistry|germany,delegate_list|geocode_csv|programme
icrs-a-00343,"Max Planck Institute for Chemsitry, Germany",max planck institute for chemsitry|germany,delegate_list|geocode_csv|programme
icrs-a-00344,"McGill University, Canada",mcgill university|canada,delegate_list|geocode_csv|programme
icrs-a-00345,"Meio University, Japan",meio university|japan,delegate_list|geocode_csv|programme
icrs-a-00346,"Memorial University of Newfoundland and Labrador, Canada",memorial university of newfoundland and labrador|canada,delegate_list|geocode_csv|programme
icrs-a-00347,Memorial University,memorial university|,programme
icrs-a-00348,"MesoReef DAO Foundation, Mexico",mesoreef dao foundation|mexico,delegate_list|geocode_csv|programme
icrs-a-00349,"Michigan State University, United States",michigan state university|united states,delegate_list|geocode_csv|programme
icrs-a-00350,"Micronesian Conservation Coalition, New Zealand",micronesian conservation coalition|new zealand,delegate_list|geocode_csv|programme
icrs-a-00351,"Mindanao State University - Naawan, Philippines",mindanao state university - naawan|philippines,delegate_list|geocode_csv|programme
icrs-a-00352,"Mindanao State University, Philippines",mindanao state university|philippines,delegate_list|geocode_csv|programme
icrs-a-00353,"Minderoo Foundation, Australia",minderoo foundation|australia,delegate_list|geocode_csv|programme
icrs-a-00354,"Ministry of Agriculture, Fisheries and Environment - Palau, Palau","ministry of agriculture, fisheries and environment - palau|palau",delegate_list|geocode_csv
icrs-a-00355,"Ministry of Environment and Climate Change - Germany, Germany",ministry of environment and climate change - germany|germany,delegate_list|geocode_csv|programme
icrs-a-00356,"Ministry of Environment and Natural Resources - Dominican Republic, Dominican Republic",ministry of environment and natural resources - dominican republic|dominican republic,delegate_list|geocode_csv
icrs-a-00357,"Ministry of Fisheries, Oceans and Maritime Affairs - Vanuatu","ministry of fisheries, oceans and maritime affairs - vanuatu|vanuatu",geocode_csv
icrs-a-00357,"Ministry of Fisheries, Oceans and Maritime Affairs - Vanuatu, Vanuatu","ministry of fisheries, oceans and maritime affairs - vanuatu|vanuatu",delegate_list|geocode_csv|programme
icrs-a-00358,"Ministry of MEIDECC, Tonga",ministry of meidecc|tonga,delegate_list|geocode_csv
icrs-a-00359,"MIT-WHOI Joint Program in Oceanography, United States",mit-whoi joint program in oceanography|united states,delegate_list|geocode_csv|programme
icrs-a-00360,"MIT-Woods Hole Joint Program, United States",mit-woods hole joint program|united states,delegate_list|geocode_csv|programme
icrs-a-00361,"Moews-Asher Art, Imagery and Design","moews-asher art, imagery and design|saudi arabia",geocode_csv
icrs-a-00361,"Moews-Asher Art, Imagery and Design, Saudi Arabia","moews-asher art, imagery and design|saudi arabia",delegate_list|geocode_csv|programme
icrs-a-00362,"Molecular Invertebrate Systematics & Ecology, Japan",molecular invertebrate systematics & ecology|japan,delegate_list|geocode_csv|programme
icrs-a-00363,"Montana State University, United States",montana state university|united states,delegate_list|geocode_csv|programme
icrs-a-00364,Mote Marine Laboratory,mote marine laboratory|united states,display_alias
icrs-a-00364,"Mote Marine Laboratory, United States",mote marine laboratory|united states,delegate_list|display_alias|geocode_csv|programme
icrs-a-00365,"MP Tropical Marine Consultant, Australia",mp tropical marine consultant|australia,delegate_list|geocode_csv|programme
icrs-a-00366,"MPAConnect, Australia",mpaconnect|australia,delegate_list|geocode_csv|programme
icrs-a-00367,"Murdoch University, Australia",murdoch university|australia,delegate_list|geocode_csv|programme
icrs-a-00368,"Nagoya University, Japan",nagoya university|japan,delegate_list|geocode_csv|programme
icrs-a-00369,Nanyang Technological University,nanyang technological university|singapore,display_alias
icrs-a-00369,"Nanyang Technological University, Singapore",nanyang technological university|singapore,delegate_list|display_alias|geocode_csv|programme
icrs-a-00370,"National Academy of Marine Research, Taiwan",national academy of marine research|taiwan,delegate_list|geocode_csv
icrs-a-00371,"National Center for Scientific Research - Rāhui Center, French Polynesia",national center for scientific research - rāhui center|french polynesia,delegate_list|geocode_csv|programme
icrs-a-00372,National Center for Wildlife,national center for wildlife|saudi arabia,display_alias
icrs-a-00372,"National Center for Wildlife, Saudi Arabia",national center for wildlife|saudi arabia,delegate_list|display_alias|geocode_csv|programme
icrs-a-00372,National Center of Wildlife,national center for wildlife|saudi arabia,display_alias
icrs-a-00372,"National Center of Wildlife, Saudi Arabia",national center for wildlife|saudi arabia,delegate_list|display_alias|geocode_csv
icrs-a-00373,"National Centre for Biological Sciences, India",national centre for biological sciences|india,delegate_list|geocode_csv|programme
icrs-a-00374,"National Centre for Sustainable Coastal Management, India",national centre for sustainable coastal management|india,delegate_list|geocode_csv|programme
icrs-a-00375,"National Cheng Kung University, Taiwan",national cheng kung university|taiwan,delegate_list|geocode_csv
icrs-a-00376,"National Chiayi University, Taiwan",national chiayi university|taiwan,delegate_list|geocode_csv|programme
icrs-a-00377,"National Coral Reef Institute, United States",national coral reef institute|united states,delegate_list|geocode_csv|programme
icrs-a-00378,"National Geographic Pristine Seas, United States",national geographic pristine seas|united states,delegate_list|geocode_csv
icrs-a-00379,"National Geographic Society Pristine Seas, United States",national geographic society pristine seas|united states,delegate_list|geocode_csv|programme
icrs-a-00380,"National Institute of Advanced Industrial Science and Technology, Japan",national institute of advanced industrial science and technology|japan,delegate_list|geocode_csv|programme
icrs-a-00381,"National Marine Biodiversity Institute of Korea, South Korea",national marine biodiversity institute of korea|south korea,delegate_list|geocode_csv|programme
icrs-a-00382,"National Marine Sanctuary Foundation, United States",national marine sanctuary foundation|united states,delegate_list|geocode_csv|programme
icrs-a-00383,"National Marine Sanctuary of American Samoa, American Samoa",national marine sanctuary of american samoa|american samoa,delegate_list|geocode_csv|programme
icrs-a-00384,"National Museum of Marine Biology and Aquarium, Taiwan",national museum of marine biology and aquarium|taiwan,delegate_list|geocode_csv|programme
icrs-a-00385,"National Museum, Brazil",national museum|brazil,delegate_list|geocode_csv|programme
icrs-a-00386,National Natural Parks of Colombia. Utria National Natural Park,national natural parks of colombia. utria national natural park|,programme
icrs-a-00387,"National Oceanic and Atmospheric Administration - Fisheries, United States",national oceanic and atmospheric administration - fisheries|united states,delegate_list|geocode_csv|programme
icrs-a-00388,National Oceanic and Atmospheric Administration - Pacific Islands,national oceanic and atmospheric administration - pacific islands|,programme
icrs-a-00389,"National Oceanic and Atmospheric Administration - Sea, United States",national oceanic and atmospheric administration - sea|united states,delegate_list|geocode_csv
icrs-a-00390,National Oceanic and Atmospheric Administration,national oceanic and atmospheric administration|united states,display_alias
icrs-a-00390,"National Oceanic and Atmospheric Administration, United States",national oceanic and atmospheric administration|united states,delegate_list|display_alias|geocode_csv|programme
icrs-a-00391,"National Pingtung University of Science and Technology, Taiwan",national pingtung university of science and technology|taiwan,delegate_list|geocode_csv|programme
icrs-a-00392,"National Research and Innovation Agency, Indonesia",national research and innovation agency|indonesia,delegate_list|geocode_csv|programme
icrs-a-00393,"National Sun Yat-sen University, Taiwan",national sun yat-sen university|taiwan,delegate_list|geocode_csv|programme
icrs-a-00394,"National Taiwan Ocean University, Malaysia",national taiwan ocean university|malaysia,delegate_list|geocode_csv|programme
icrs-a-00395,"National Taiwan Ocean University, Taiwan",national taiwan ocean university|taiwan,delegate_list|geocode_csv|programme
icrs-a-00396,"National Technological Institute of Mexico, Mexico",national technological institute of mexico|mexico,delegate_list|geocode_csv|programme
icrs-a-00397,"National University of Colombia - Caribbean Campus, Colombia",national university of colombia - caribbean campus|colombia,delegate_list|geocode_csv|programme
icrs-a-00398,"National University of Singapore, Malaysia",national university of singapore|malaysia,delegate_list|geocode_csv|programme
icrs-a-00399,"National University of Singapore, New Zealand",national university of singapore|new zealand,delegate_list|geocode_csv|programme
icrs-a-00400,"National University of Singapore, Singapore",national university of singapore|singapore,delegate_list|geocode_csv|programme
icrs-a-00401,"National Yang Ming Chiao Tung University, Taiwan",national yang ming chiao tung university|taiwan,delegate_list|geocode_csv|programme
icrs-a-00402,"Naturalis Biodiversity Center, Netherlands",naturalis biodiversity center|netherlands,delegate_list|geocode_csv|programme
icrs-a-00403,"Nature Conservation Foundation, India",nature conservation foundation|india,delegate_list|geocode_csv|programme
icrs-a-00404,Nature Seychelles,nature seychelles|,programme
icrs-a-00405,"NEOM Nature Reserve, Saudi Arabia",neom nature reserve|saudi arabia,delegate_list|geocode_csv|programme
icrs-a-00406,"New York University - Abu Dhabi, United Arab Emirates",new york university - abu dhabi|united arab emirates,delegate_list|geocode_csv|programme
icrs-a-00407,"Newcastle University, Germany",newcastle university|germany,geocode_csv
icrs-a-00408,"Newcastle University, United Kingdom",newcastle university|united kingdom,delegate_list|geocode_csv|programme
icrs-a-00409,"Nortek Instruments Australia Pty Ltd, Australia",nortek instruments australia pty ltd|australia,delegate_list|geocode_csv
icrs-a-00410,"North Carolina State University, El Salvador",north carolina state university|el salvador,geocode_csv
icrs-a-00411,"North Carolina State University, United States",north carolina state university|united states,delegate_list|geocode_csv|programme
icrs-a-00412,"Northeastern University Marine Science Center, United States",northeastern university marine science center|united states,delegate_list|geocode_csv|programme
icrs-a-00413,"Northeastern University, United States",northeastern university|united states,delegate_list|geocode_csv|programme
icrs-a-00414,"Northwestern University - Marcelino Lab, United States",northwestern university - marcelino lab|united states,delegate_list|geocode_csv|programme
icrs-a-00415,"Northwestern University, United States",northwestern university|united states,delegate_list|geocode_csv|programme
icrs-a-00416,Nova Southeastern University,nova southeastern university|united states,display_alias
icrs-a-00416,"Nova Southeastern University, United States",nova southeastern university|united states,delegate_list|display_alias|geocode_csv|programme
icrs-a-00417,Nā Kai ʻEwalu,nā kai ʻewalu|united states,display_alias
icrs-a-00417,"Nā Kai ʻEwalu, United States",nā kai ʻewalu|united states,delegate_list|display_alias|geocode_csv|programme
icrs-a-00418,Observatoire Océanologique De Banyuls-sur-mer,observatoire océanologique de banyuls-sur-mer|,programme
icrs-a-00419,"Ocean Futures Group, Australia",ocean futures group|australia,delegate_list|geocode_csv
icrs-a-00420,"Ocean Gardener, Indonesia",ocean gardener|indonesia,delegate_list|geocode_csv
icrs-a-00421,"Ocean Rescue Alliance International, United States",ocean rescue alliance international|united states,delegate_list|geocode_csv|programme
icrs-a-00422,"Ocean Toa, Cook Islands",ocean toa|cook islands,delegate_list|geocode_csv
icrs-a-00423,"Ocean University of Sri Lanka, Sri Lanka",ocean university of sri lanka|sri lanka,delegate_list|geocode_csv|programme
icrs-a-00424,"Oceanis International, Australia",oceanis international|australia,delegate_list|geocode_csv
icrs-a-00425,"Oceanographic Institute, Brazil",oceanographic institute|brazil,delegate_list|geocode_csv|programme
icrs-a-00426,"Ochanomizu University, Japan",ochanomizu university|japan,delegate_list|geocode_csv|programme
icrs-a-00427,"Ohio State University, United States",ohio state university|united states,delegate_list|geocode_csv|programme
icrs-a-00428,"Okinawa Institute of Science and Technology, Japan",okinawa institute of science and technology|japan,delegate_list|geocode_csv|programme
icrs-a-00429,"Old Dominion University, United States",old dominion university|united states,delegate_list|geocode_csv|programme
icrs-a-00430,"Olohana Foundation, United States",olohana foundation|united states,delegate_list|geocode_csv
icrs-a-00431,"One People One Reef, United States",one people one reef|united states,delegate_list|geocode_csv|programme
icrs-a-00432,"OneReef Worldwide Stewardship, United States",onereef worldwide stewardship|united states,delegate_list|geocode_csv|programme
icrs-a-00433,"Oregon State University, United States",oregon state university|united states,delegate_list|geocode_csv|programme
icrs-a-00434,"Oswaldo Cruz Foundation, Brazil",oswaldo cruz foundation|brazil,delegate_list|geocode_csv|programme
icrs-a-00435,Pacific Blue Foundation & Scripps Inst. of Oceanography,pacific blue foundation & scripps inst. of oceanography|,programme
icrs-a-00436,"Pacific Blue Foundation, Fiji",pacific blue foundation|fiji,geocode_csv
icrs-a-00437,"Pacific Blue Foundation, United States",pacific blue foundation|united states,delegate_list|geocode_csv
icrs-a-00438,"Pacific Community, New Caledonia",pacific community|new caledonia,delegate_list|geocode_csv|programme
icrs-a-00439,Pacific Islands Fisheries Science Center,pacific islands fisheries science center|,programme
icrs-a-00440,Paepae o Heʻeia,paepae o heʻeia|united states,display_alias
icrs-a-00440,"Paepae o Heʻeia, United States",paepae o heʻeia|united states,delegate_list|display_alias|geocode_csv
icrs-a-00441,"Palau Governors Association, Palau",palau governors association|palau,delegate_list|geocode_csv
icrs-a-00442,Palau International Coral Reef Center,palau international coral reef center|palau,display_alias
icrs-a-00442,"Palau International Coral Reef Center, Palau",palau international coral reef center|palau,delegate_list|display_alias|geocode_csv|programme
icrs-a-00443,"Pauahi Bishop Museum, United States",pauahi bishop museum|united states,delegate_list|geocode_csv|programme
icrs-a-00444,"Pelita Bangsa University, Indonesia",pelita bangsa university|indonesia,delegate_list|geocode_csv|programme
icrs-a-00445,Pennsylvania State University,pennsylvania state university|united states,display_alias
icrs-a-00445,"Pennsylvania State University, United States",pennsylvania state university|united states,delegate_list|display_alias|geocode_csv|programme
icrs-a-00446,"Perry Institute for Marine Science, Colombia",perry institute for marine science|colombia,delegate_list|geocode_csv|programme
icrs-a-00447,"Perry Institute for Marine Science, United States",perry institute for marine science|united states,delegate_list|geocode_csv|programme
icrs-a-00448,"Pondicherry University, India",pondicherry university|india,delegate_list|geocode_csv|programme
icrs-a-00449,Posgrado en Ciencias del Mar y Limnología,posgrado en ciencias del mar y limnología|mexico,display_alias
icrs-a-00449,"Posgrado en Ciencias del Mar y Limnología, Mexico",posgrado en ciencias del mar y limnología|mexico,delegate_list|display_alias|geocode_csv|programme
icrs-a-00450,"Positive Ripple Consulting, France",positive ripple consulting|france,delegate_list|geocode_csv|programme
icrs-a-00451,"Princeton University, United States",princeton university|united states,delegate_list|geocode_csv|programme
icrs-a-00452,"Projeto Costão Rochoso, Brazil",projeto costão rochoso|brazil,delegate_list|geocode_csv|programme
icrs-a-00453,"PT Pupuk Kalimantan Timur, Indonesia",pt pupuk kalimantan timur|indonesia,delegate_list|geocode_csv|programme
icrs-a-00454,"Puerto Rico Department of Natural and Environmental, Puerto Rico",puerto rico department of natural and environmental|puerto rico,delegate_list|geocode_csv|programme
icrs-a-00455,"Puipikak Malu Indigenous Corporation, Australia",puipikak malu indigenous corporation|australia,delegate_list|geocode_csv
icrs-a-00456,"Qatar University, Qatar",qatar university|qatar,delegate_list|geocode_csv|programme
icrs-a-00457,"Qubit Systems Inc., Canada",qubit systems inc.|canada,delegate_list|geocode_csv
icrs-a-00458,"Queensland Museum, Australia",queensland museum|australia,delegate_list|geocode_csv|programme
icrs-a-00459,Queensland University of Technology,queensland university of technology|australia,display_alias
icrs-a-00459,"Queensland University of Technology, Australia",queensland university of technology|australia,delegate_list|display_alias|geocode_csv|programme
icrs-a-00460,"Raising Coral Costa Rica, Costa Rica",raising coral costa rica|costa rica,delegate_list|geocode_csv|programme
icrs-a-00461,Ramkhamhaeng University,ramkhamhaeng university|thailand,display_alias
icrs-a-00461,"Ramkhamhaeng University, Thailand",ramkhamhaeng university|thailand,delegate_list|display_alias|geocode_csv|programme
icrs-a-00462,"Randolph-Macon College, United States",randolph-macon college|united states,delegate_list|geocode_csv|programme
icrs-a-00463,"Rare - Indonesia, Indonesia",rare - indonesia|indonesia,delegate_list|geocode_csv|programme
icrs-a-00464,"Rare, Australia",rare|australia,delegate_list|geocode_csv
icrs-a-00465,"Rebuilding with Nature, Japan",rebuilding with nature|japan,delegate_list|geocode_csv|programme
icrs-a-00466,"Red Sea Global, Saudi Arabia",red sea global|saudi arabia,delegate_list|geocode_csv|programme
icrs-a-00467,"Reef and Rainforest Research Centre, Australia",reef and rainforest research centre|australia,delegate_list|geocode_csv|programme
icrs-a-00468,"Reef Check Indonesia, Indonesia",reef check indonesia|indonesia,delegate_list|geocode_csv|programme
icrs-a-00469,"Reef Conservation, Mauritius",reef conservation|mauritius,delegate_list|geocode_csv|programme
icrs-a-00470,"Reef Explorer - Fiji, Fiji",reef explorer - fiji|fiji,delegate_list|geocode_csv|programme
icrs-a-00471,Reef Renewal Foundation,reef renewal foundation - curacao|curacao,display_alias
icrs-a-00471,"Reef Renewal Foundation - Curacao, Curacao",reef renewal foundation - curacao|curacao,display_alias
icrs-a-00472,Reef Renewal Foundation,reef renewal foundation - curacao|curaçao,display_alias
icrs-a-00472,"Reef Renewal Foundation - Curacao, Curaçao",reef renewal foundation - curacao|curaçao,delegate_list|display_alias|geocode_csv
icrs-a-00473,"Reef Song, Australia",reef song|australia,delegate_list|geocode_csv
icrs-a-00474,"Reef Support, Colombia",reef support|colombia,delegate_list|geocode_csv|programme
icrs-a-00475,"Rekam Nusantara Foundation, Indonesia",rekam nusantara foundation|indonesia,delegate_list|geocode_csv|programme
icrs-a-00476,"Research Center for Biota System, Indonesia",research center for biota system|indonesia,delegate_list|geocode_csv|programme
icrs-a-00477,"Resiliensea Immersive, United States",resiliensea immersive|united states,delegate_list|geocode_csv|programme
icrs-a-00478,"Resource and Ecosystem Management, United States",resource and ecosystem management|united states,geocode_csv
icrs-a-00479,"Rethinking, Rebuilding, Regenerating Coral Reefs, Philippines","rethinking, rebuilding, regenerating coral reefs|philippines",delegate_list|geocode_csv|programme
icrs-a-00480,"Reva Atea, French Polynesia",reva atea|french polynesia,delegate_list|geocode_csv|programme
icrs-a-00481,"Rockefeller University, United States",rockefeller university|united states,delegate_list|geocode_csv
icrs-a-00482,"Rosenstiel School of Marine, Atmospheric and Earth, United States","rosenstiel school of marine, atmospheric and earth|united states",delegate_list|geocode_csv
icrs-a-00483,"Rosenstiel School of Marine, Atmospheric and Earth Science","rosenstiel school of marine, atmospheric, and earth|united states",programme
icrs-a-00483,"Rosenstiel School of Marine, Atmospheric and Earth Science, United States","rosenstiel school of marine, atmospheric, and earth|united states",display_alias
icrs-a-00483,"Rosenstiel School of Marine, Atmospheric, and Earth, United States","rosenstiel school of marine, atmospheric, and earth|united states",delegate_list|display_alias|geocode_csv|programme
icrs-a-00484,"Royal Netherlands Institute for Sea Research, Netherlands",royal netherlands institute for sea research|netherlands,delegate_list|geocode_csv|programme
icrs-a-00485,RPI under contract to NOAA National Ocean Service,rpi under contract to noaa national ocean service|,programme
icrs-a-00486,"Ruhr University - Bochum, Germany",ruhr university - bochum|germany,delegate_list|geocode_csv|programme
icrs-a-00487,"Ruhuna University, Sri Lanka",ruhuna university|sri lanka,delegate_list|geocode_csv|programme
icrs-a-00488,"Saba Conservation Foundation, Netherlands",saba conservation foundation|netherlands,delegate_list|geocode_csv
icrs-a-00489,"Sail for Reefs, Puerto Rico",sail for reefs|puerto rico,delegate_list|geocode_csv|programme
icrs-a-00490,"San Diego State University, United States",san diego state university|united states,delegate_list|geocode_csv|programme
icrs-a-00491,"Saudi Aramco, Saudi Arabia",saudi aramco|saudi arabia,delegate_list|geocode_csv|programme
icrs-a-00492,Scripps Institution of Oceanography,scripps institution of oceanography|united states,display_alias
icrs-a-00492,"Scripps Institution of Oceanography, United States",scripps institution of oceanography|united states,delegate_list|display_alias|geocode_csv|programme
icrs-a-00493,"Sea Education Association, United States",sea education association|united states,delegate_list|geocode_csv|programme
icrs-a-00494,"Sea Grant, American Samoa",sea grant|american samoa,delegate_list|geocode_csv
icrs-a-00495,"Sea Ventures Marine Response Unit, Puerto Rico",sea ventures marine response unit|puerto rico,delegate_list|geocode_csv|programme
icrs-a-00496,"Sea Women of Melanesia Inc, Papua New Guinea",sea women of melanesia inc|papua new guinea,delegate_list|geocode_csv|programme
icrs-a-00497,"Seatrees, United States",seatrees|united states,delegate_list|geocode_csv|programme
icrs-a-00498,"SECORE International, Mauritius",secore international|mauritius,delegate_list|geocode_csv|programme
icrs-a-00499,"SECORE International, Mexico",secore international|mexico,delegate_list|geocode_csv|programme
icrs-a-00500,"SECORE International, United States",secore international|united states,delegate_list|geocode_csv|programme
icrs-a-00501,"Secretariat of the Pacific Regional Environment, Samoa",secretariat of the pacific regional environment|samoa,delegate_list|geocode_csv
icrs-a-00502,"Senckenberg Nature Museum - Frankfurt, Germany",senckenberg nature museum - frankfurt|germany,delegate_list|geocode_csv|programme
icrs-a-00503,Senckenberg Research Institute,senckenberg research institute|,programme
icrs-a-00504,"Seokyeong University, South Korea",seokyeong university|south korea,delegate_list|geocode_csv
icrs-a-00505,"Settide, LLC","settide, llc|united states",geocode_csv
icrs-a-00505,"Settide, LLC, United States","settide, llc|united states",delegate_list|geocode_csv|programme
icrs-a-00506,"Seychelles Islands Foundation, Seychelles",seychelles islands foundation|seychelles,delegate_list|geocode_csv|programme
icrs-a-00507,Shahid Beheshti University Of Tehran,shahid beheshti university of tehran|,programme
icrs-a-00508,"Shantou University, China",shantou university|china,delegate_list|geocode_csv|programme
icrs-a-00509,"Shenzhen MSU-BIT University, China",shenzhen msu-bit university|china,delegate_list|geocode_csv|programme
icrs-a-00510,"Shoals Rodrigues, Mauritius",shoals rodrigues|mauritius,delegate_list|geocode_csv|programme
icrs-a-00511,"Silliiman University, Philippines",silliiman university|philippines,delegate_list|geocode_csv|programme
icrs-a-00512,Silliman University,silliman university|philippines,display_alias
icrs-a-00512,"Silliman University, Philippines",silliman university|philippines,delegate_list|display_alias|geocode_csv|programme
icrs-a-00513,"Smithsonian Environmental Research Center, United States",smithsonian environmental research center|united states,delegate_list|geocode_csv|programme
icrs-a-00514,"Smithsonian Institution, United States",smithsonian institution|united states,delegate_list|geocode_csv|programme
icrs-a-00515,"Smithsonian Marine Station, United States",smithsonian marine station|united states,delegate_list|geocode_csv|programme
icrs-a-00516,"Smithsonian Tropical Research Center, Panama",smithsonian tropical research center|panama,delegate_list|geocode_csv|programme
icrs-a-00517,"Smithsonian Tropical Research Institute - Panama, Panama",smithsonian tropical research institute - panama|panama,delegate_list|geocode_csv|programme
icrs-a-00518,"Smithsonian Tropical Research Institute, Finland",smithsonian tropical research institute|finland,delegate_list|geocode_csv|programme
icrs-a-00519,"Smithsonian Tropical Research Institute, Panama",smithsonian tropical research institute|panama,delegate_list|geocode_csv|programme
icrs-a-00520,"Smithsonian Tropical Research Institute, United States",smithsonian tropical research institute|united states,delegate_list|geocode_csv|programme
icrs-a-00521,"Soneva Conservation and Sustainability Maldives, Maldives",soneva conservation and sustainability maldives|maldives,delegate_list|geocode_csv|programme
icrs-a-00522,South China Sea Institute of Oceanology,south china sea institute of oceanology|china,display_alias
icrs-a-00522,"South China Sea Institute of Oceanology, China",south china sea institute of oceanology|china,delegate_list|display_alias|geocode_csv|programme
icrs-a-00523,"Southeast Fisheries Science Center, United States",southeast fisheries science center|united states,delegate_list|geocode_csv|programme
icrs-a-00524,"Southern Cross University, Australia",southern cross university|australia,delegate_list|geocode_csv|programme
icrs-a-00525,"Southern Cross University, Maldives",southern cross university|maldives,delegate_list|geocode_csv|programme
icrs-a-00526,"Southern Cross University, New Caledonia",southern cross university|new caledonia,delegate_list|geocode_csv|programme
icrs-a-00527,"Southern Cross University, Philippines",southern cross university|philippines,delegate_list|geocode_csv
icrs-a-00528,"Southern Environmental Association, Belize",southern environmental association|belize,delegate_list|geocode_csv
icrs-a-00529,Southern Marine Science and Engineering Guangdong Laboratory,southern marine science and engineering guangdong laboratory|,programme
icrs-a-00530,"Southern University of Science and Technology, China",southern university of science and technology|china,delegate_list|geocode_csv
icrs-a-00531,"Spanish National Research Council, Spain",spanish national research council|spain,delegate_list|geocode_csv|programme
icrs-a-00532,Stanford University,stanford university|united states,display_alias
icrs-a-00532,"Stanford University, United States",stanford university|united states,delegate_list|display_alias|geocode_csv|programme
icrs-a-00533,"Stantec GS, United States",stantec gs|united states,delegate_list|geocode_csv|programme
icrs-a-00534,State of Hawai'i,state of hawaiʻi|united states,display_alias
icrs-a-00534,"State of Hawai'i, United States",state of hawaiʻi|united states,delegate_list|display_alias|geocode_csv|programme
icrs-a-00534,State of Hawaiʻi,state of hawaiʻi|united states,display_alias
icrs-a-00534,"State of Hawaiʻi, United States",state of hawaiʻi|united states,delegate_list|display_alias|geocode_csv
icrs-a-00535,"State University of New York, United States",state university of new york|united states,delegate_list|geocode_csv|programme
icrs-a-00536,"Stazione Zoologica Anton Dohrn, Italy",stazione zoologica anton dohrn|italy,delegate_list|geocode_csv|programme
icrs-a-00537,"Stony Brook University, United States",stony brook university|united states,delegate_list|geocode_csv|programme
icrs-a-00538,"Suganthi Devadason Marine Research Institute, India",suganthi devadason marine research institute|india,delegate_list|geocode_csv|programme
icrs-a-00539,"Sultan Qaboos University, Oman",sultan qaboos university|oman,delegate_list|geocode_csv|programme
icrs-a-00540,"Sulubaai Environmental Foundation, Philippines",sulubaai environmental foundation|philippines,delegate_list|geocode_csv|programme
icrs-a-00541,"Sustainable Environment and Livelihood Solutions, Tuvalu",sustainable environment and livelihood solutions|tuvalu,delegate_list|geocode_csv|programme
icrs-a-00542,"Swedish University of Agricultural Sciences, Sweden",swedish university of agricultural sciences|sweden,delegate_list|geocode_csv|programme
icrs-a-00543,"Talanoa Consulting Fiji, Fiji",talanoa consulting fiji|fiji,delegate_list|geocode_csv|programme
icrs-a-00544,"Talanoa Consulting, Fiji",talanoa consulting|fiji,delegate_list|geocode_csv|programme
icrs-a-00545,Tamil Nadu Coastal Restoration Mission,tamil nadu coastal restoration mission|,programme
icrs-a-00546,"Tanzania Marine Parks and Reserves Unit, Tanzania, United Republic of","tanzania marine parks and reserves unit|tanzania, united republic of",delegate_list|geocode_csv|programme
icrs-a-00547,"Taupulega Fakaofo, Tokelau",taupulega fakaofo|tokelau,delegate_list|geocode_csv
icrs-a-00548,"Technical University of Denmark, Denmark",technical university of denmark|denmark,delegate_list|geocode_csv|programme
icrs-a-00549,Technion,technion|,programme
icrs-a-00550,Tel Aviv University,tel aviv university|israel,display_alias
icrs-a-00550,"Tel Aviv University, Israel",tel aviv university|israel,delegate_list|display_alias|geocode_csv|programme
icrs-a-00551,"TerraCarbon LLC, United States",terracarbon llc|united states,delegate_list|geocode_csv
icrs-a-00552,"Tetra Tech Coffey, New Zealand",tetra tech coffey|new zealand,delegate_list|geocode_csv
icrs-a-00553,Texas A&M University - Corpus Christi,texas a&m university - corpus christi|,programme
icrs-a-00554,"Texas A&M University - Corpus Christi, United States",texas a&m university - corpus christi|united states,geocode_csv
icrs-a-00555,"Texas A&M University - Galveston, United States",texas a&m university - galveston|united states,delegate_list|geocode_csv|programme
icrs-a-00556,"Texas A&M University, United States",texas a&m university|united states,delegate_list|geocode_csv|programme
icrs-a-00557,"Texas State University, United States",texas state university|united states,delegate_list|geocode_csv|programme
icrs-a-00558,The Florida Aquarium,the florida aquarium|united states,display_alias
icrs-a-00558,"The Florida Aquarium, United States",the florida aquarium|united states,delegate_list|display_alias|geocode_csv|programme
icrs-a-00558,the Florida Aquarium,the florida aquarium|united states,display_alias
icrs-a-00559,"The International Seakeepers Society, New Zealand",the international seakeepers society|new zealand,delegate_list|geocode_csv|programme
icrs-a-00560,"The Nature Conservancy - Jamaica, Jamaica",the nature conservancy - jamaica|jamaica,delegate_list|geocode_csv|programme
icrs-a-00561,"The Nature Conservancy - Micronesia & Polynesia, Palau",the nature conservancy - micronesia & polynesia|palau,delegate_list|geocode_csv|programme
icrs-a-00562,The Nature Conservancy - Reef Resilience Network,the nature conservancy - reef resilience network|united states,display_alias
icrs-a-00562,"The Nature Conservancy - Reef Resilience Network, United States",the nature conservancy - reef resilience network|united states,delegate_list|display_alias|geocode_csv
icrs-a-00562,the Nature Conservancy - Reef Resilience Network,the nature conservancy - reef resilience network|united states,display_alias
icrs-a-00563,"The Nature Conservancy, Guam",the nature conservancy|guam,delegate_list|geocode_csv|programme
icrs-a-00564,"The Nature Conservancy, Jamaica",the nature conservancy|jamaica,delegate_list|geocode_csv
icrs-a-00565,"The Nature Conservancy, Mexico",the nature conservancy|mexico,delegate_list|geocode_csv|programme
icrs-a-00566,"The Nature Conservancy, Micronesia, Federated States of","the nature conservancy|micronesia, federated states of",delegate_list|geocode_csv
icrs-a-00567,"The Nature Conservancy, Papua New Guinea",the nature conservancy|papua new guinea,delegate_list|geocode_csv
icrs-a-00568,"The Nature Conservancy, United States",the nature conservancy|united states,delegate_list|geocode_csv|programme
icrs-a-00569,"The Nature Conservancy, United States Virgin Islands",the nature conservancy|united states virgin islands,delegate_list|geocode_csv|programme
icrs-a-00570,"The Nature Conservancy, Venezuela, Bolivarian Republic of","the nature conservancy|venezuela, bolivarian republic of",delegate_list|geocode_csv|programme
icrs-a-00571,"The Two Frontiers Project, United States",the two frontiers project|united states,delegate_list|geocode_csv|programme
icrs-a-00572,"Tohoku University, Japan",tohoku university|japan,delegate_list|geocode_csv|programme
icrs-a-00573,"Tokelau Ministry of Climate, Ocean and Resilience, Tokelau","tokelau ministry of climate, ocean and resilience|tokelau",delegate_list|geocode_csv
icrs-a-00574,"Tokyo Metroplolitan University, Japan",tokyo metroplolitan university|japan,delegate_list|geocode_csv|programme
icrs-a-00575,"Tokyo Metropolitan University, Japan",tokyo metropolitan university|japan,delegate_list|geocode_csv|programme
icrs-a-00576,"Tonga Ministry of Fisheries, Tonga",tonga ministry of fisheries|tonga,delegate_list|geocode_csv
icrs-a-00577,"Transformations Community, United States",transformations community|united states,delegate_list|geocode_csv|programme
icrs-a-00578,Trent University,trent university|,programme
icrs-a-00579,"Tubbataha Reefs Natural Park and World Heritage Site, Philippines",tubbataha reefs natural park and world heritage site|philippines,delegate_list|geocode_csv
icrs-a-00580,"Tulane University, United States",tulane university|united states,delegate_list|geocode_csv|programme
icrs-a-00581,"Turks and Caicos Reef Foundation, United States",turks and caicos reef foundation|united states,delegate_list|geocode_csv|programme
icrs-a-00582,"Turks and Caicos Reef Fund, United Kingdom",turks and caicos reef fund|united kingdom,delegate_list|geocode_csv|programme
icrs-a-00583,"Tuvalu Meteorological Service, Tuvalu",tuvalu meteorological service|tuvalu,delegate_list|geocode_csv|programme
icrs-a-00584,"UCLouvain, Belgium",uclouvain|belgium,delegate_list|geocode_csv|programme
icrs-a-00585,UCSD,ucsd|,programme
icrs-a-00586,Umeå Univeristy,umeå university|sweden,display_alias
icrs-a-00586,"Umeå Univeristy, Sweden",umeå university|sweden,delegate_list|display_alias|geocode_csv|programme
icrs-a-00586,Umeå University,umeå university|sweden,display_alias
icrs-a-00586,"Umeå University, Sweden",umeå university|sweden,delegate_list|display_alias|geocode_csv|programme
icrs-a-00587,"United Nations Capital Development Funds, Switzerland",united nations capital development funds|switzerland,delegate_list|geocode_csv
icrs-a-00588,"United Nations Development Programme - Mauritius & Seychelles, Mauritius",united nations development programme - mauritius & seychelles|mauritius,delegate_list|geocode_csv|programme
icrs-a-00589,"United Nations Development Programme, Seychelles",united nations development programme|seychelles,delegate_list|geocode_csv
icrs-a-00590,"United Nations Environment Programme, Kenya",united nations environment programme|kenya,delegate_list|geocode_csv
icrs-a-00591,"United States Geological Survey, United States",united states geological survey|united states,delegate_list|geocode_csv|programme
icrs-a-00592,Universidad Autonoma de Baja California Sur,universidad autónoma de baja california sur|mexico,display_alias
icrs-a-00592,"Universidad Autonoma de Baja California Sur, Mexico",universidad autónoma de baja california sur|mexico,delegate_list|display_alias|programme
icrs-a-00592,Universidad Autónoma de Baja California Sur,universidad autónoma de baja california sur|mexico,display_alias
icrs-a-00592,"Universidad Autónoma de Baja California Sur, Mexico",universidad autónoma de baja california sur|mexico,delegate_list|display_alias|geocode_csv|programme
icrs-a-00593,"Universidad Autónoma Del Estado de Quintana Roo, Mexico",universidad autónoma del estado de quintana roo|mexico,delegate_list|geocode_csv|programme
icrs-a-00594,"Universidad Central de Venezuela, Venezuela, Bolivarian Republic of","universidad central de venezuela|venezuela, bolivarian republic of",delegate_list|geocode_csv|programme
icrs-a-00595,"Universidad De Guadalajara, Mexico",universidad de guadalajara|mexico,delegate_list|geocode_csv|programme
icrs-a-00596,"Universidad Del Magdalena, Colombia",universidad del magdalena|colombia,delegate_list|geocode_csv|programme
icrs-a-00597,"Universidad del Valle, Colombia",universidad del valle|colombia,delegate_list|geocode_csv|programme
icrs-a-00598,Universidad Nacional Autonoma De Mexico,universidad nacional autónoma de méxico|mexico,display_alias
icrs-a-00598,Universidad Nacional Autonoma de Mexico,universidad nacional autónoma de méxico|mexico,display_alias
icrs-a-00598,"Universidad Nacional Autonoma de Mexico, Mexico",universidad nacional autónoma de méxico|mexico,delegate_list|display_alias|programme
icrs-a-00598,Universidad Nacional Autónoma De México,universidad nacional autónoma de méxico|mexico,display_alias
icrs-a-00598,"Universidad Nacional Autónoma De México, Mexico",universidad nacional autónoma de méxico|mexico,delegate_list|display_alias|geocode_csv|programme
icrs-a-00598,Universidad Nacional Autónoma de México,universidad nacional autónoma de méxico|mexico,display_alias
icrs-a-00598,"Universidad Nacional Autónoma de México, Mexico",universidad nacional autónoma de méxico|mexico,delegate_list|display_alias|programme
icrs-a-00599,"Universidad San Francisco de Quito, Ecuador",universidad san francisco de quito|ecuador,geocode_csv
icrs-a-00600,"Universidade do Estado do Rio de Janeiro, Brazil",universidade do estado do rio de janeiro|brazil,delegate_list|geocode_csv|programme
icrs-a-00601,"Universidade Estadual Do Norte Fluminense, Brazil",universidade estadual do norte fluminense|brazil,delegate_list|geocode_csv|programme
icrs-a-00602,"Universidade Federal de Santa Catarina, Brazil",universidade federal de santa catarina|brazil,delegate_list|geocode_csv|programme
icrs-a-00603,"Universidade Federal do Rio de Janeiro, Brazil",universidade federal do rio de janeiro|brazil,delegate_list|geocode_csv|programme
icrs-a-00604,Universidade Federal do Rio Grande do Norte,universidade federal do rio grande do norte|brazil,display_alias
icrs-a-00604,"Universidade Federal do Rio Grande do Norte, Brazil",universidade federal do rio grande do norte|brazil,delegate_list|display_alias|geocode_csv|programme
icrs-a-00605,"Universidade Federal Fluminense, Brazil",universidade federal fluminense|brazil,delegate_list|geocode_csv|programme
icrs-a-00606,Universidade Lúrio,universidade lúrio|mozambique,display_alias
icrs-a-00606,"Universidade Lúrio, Mozambique",universidade lúrio|mozambique,delegate_list|display_alias|geocode_csv|programme
icrs-a-00607,"Universitas Indonesia, Indonesia",universitas indonesia|indonesia,delegate_list|geocode_csv
icrs-a-00608,Universitat de Barcelona,universitat de barcelona|,programme
icrs-a-00609,"Universiti Kebangsaan Malaysia, Malaysia",universiti kebangsaan malaysia|malaysia,delegate_list|geocode_csv|programme
icrs-a-00610,"Universiti Malaysia Terengganu, Malaysia",universiti malaysia terengganu|malaysia,delegate_list|geocode_csv|programme
icrs-a-00611,"Universiti Sains Malaysia, Malaysia",universiti sains malaysia|malaysia,delegate_list|geocode_csv|programme
icrs-a-00612,"University at Buffalo, United States",university at buffalo|united states,delegate_list|geocode_csv
icrs-a-00613,"University College London, United Kingdom",university college london|united kingdom,delegate_list|geocode_csv|programme
icrs-a-00614,"University Heidelberg, Germany",university heidelberg|germany,delegate_list|geocode_csv|programme
icrs-a-00615,"University of Alabama - Birmingham, United States",university of alabama at birmingham|united states,geocode_csv
icrs-a-00615,University of Alabama at Birmingham,university of alabama at birmingham|united states,display_alias
icrs-a-00615,"University of Alabama at Birmingham, United States",university of alabama at birmingham|united states,delegate_list|display_alias|programme
icrs-a-00616,University of Alabama,university of alabama|united states,display_alias
icrs-a-00616,"University of Alabama, United States",university of alabama|united states,delegate_list|display_alias|geocode_csv|programme
icrs-a-00617,University of Alberta,university of alberta|canada,display_alias
icrs-a-00617,"University of Alberta, Canada",university of alberta|canada,delegate_list|display_alias|geocode_csv|programme
icrs-a-00618,"University of Amsterdam, Netherlands",university of amsterdam|netherlands,delegate_list|geocode_csv|programme
icrs-a-00619,"University of Antsiranana, Madagascar",university of antsiranana|madagascar,delegate_list|geocode_csv|programme
icrs-a-00620,University of Arizona,university of arizona|united states,display_alias
icrs-a-00620,"University of Arizona, United States",university of arizona|united states,delegate_list|display_alias|geocode_csv|programme
icrs-a-00621,"University of Auckland, Indonesia",university of auckland|indonesia,delegate_list|geocode_csv|programme
icrs-a-00622,"University of Auckland, New Zealand",university of auckland|new zealand,delegate_list|geocode_csv|programme
icrs-a-00623,"University of Basel, Switzerland",university of basel|switzerland,delegate_list|geocode_csv|programme
icrs-a-00624,"University of Belize, Belize",university of belize|belize,delegate_list|geocode_csv|programme
icrs-a-00625,"University of Bologna, Colombia",university of bologna|colombia,delegate_list|geocode_csv|programme
icrs-a-00626,"University of Bologna, Italy",university of bologna|italy,delegate_list|geocode_csv
icrs-a-00627,"University of Bremen, Germany",university of bremen|germany,delegate_list|geocode_csv|programme
icrs-a-00628,University of Bristol,university of bristol|united kingdom,display_alias
icrs-a-00628,"University of Bristol, United Kingdom",university of bristol|united kingdom,delegate_list|display_alias|geocode_csv|programme
icrs-a-00629,"University of British Columbia, Canada",university of british columbia|canada,delegate_list|geocode_csv|programme
icrs-a-00630,University of Berkeley,university of california - berkeley|,programme
icrs-a-00631,"University of California - Berkeley, India",university of california - berkeley|india,delegate_list|display_alias|geocode_csv|programme
icrs-a-00631,"University of California - Berkeley, United States",university of california - berkeley|india,display_alias
icrs-a-00632,University of California - Berkeley,university of california - berkeley|united states,display_alias
icrs-a-00632,"University of California - Berkeley, United States",university of california - berkeley|united states,delegate_list|display_alias|geocode_csv|programme
icrs-a-00633,"University of California - Davis, United States",university of california - davis|united states,delegate_list|geocode_csv|programme
icrs-a-00634,"University of California - Irvine, United States",university of california - irvine|united states,delegate_list|geocode_csv
icrs-a-00635,University of California - Los Angeles,university of california - los angeles|united states,display_alias
icrs-a-00635,"University of California - Los Angeles, United States",university of california - los angeles|united states,delegate_list|display_alias|geocode_csv|programme
icrs-a-00636,"University of California - Merced, United States",university of california - merced|united states,delegate_list|geocode_csv|programme
icrs-a-00637,"University of California - Riverside, United States",university of california - riverside|united states,delegate_list|geocode_csv|programme
icrs-a-00638,University of California - San Diego,university of california - san diego|united states,display_alias
icrs-a-00638,"University of California - San Diego, United States",university of california - san diego|united states,delegate_list|display_alias|geocode_csv|programme
icrs-a-00639,University of California - Santa Barbara,university of california - santa barbara|united states,display_alias
icrs-a-00639,"University of California - Santa Barbara, United States",university of california - santa barbara|united states,delegate_list|display_alias|geocode_csv|programme
icrs-a-00640,"University of California - Santa Cruz, United States",university of california - santa cruz|united states,delegate_list|geocode_csv|programme
icrs-a-00641,University of Cambridge,university of cambridge|united kingdom,display_alias
icrs-a-00641,"University of Cambridge, United Kingdom",university of cambridge|united kingdom,delegate_list|display_alias|geocode_csv|programme
icrs-a-00642,"University Of Canterbury, New Zealand",university of canterbury|new zealand,delegate_list|geocode_csv
icrs-a-00642,"University of Canterbury, New Zealand",university of canterbury|new zealand,delegate_list
icrs-a-00643,"University of Chicago, United States",university of chicago|united states,delegate_list|geocode_csv|programme
icrs-a-00644,"University of Copenhagen, Denmark",university of copenhagen|denmark,delegate_list|geocode_csv|programme
icrs-a-00645,"University of Dar Es Salaam, Tanzania, United Republic of","university of dar es salaam|tanzania, united republic of",delegate_list|geocode_csv|programme
icrs-a-00646,"University of Delaware, United States",university of delaware|united states,delegate_list|geocode_csv|programme
icrs-a-00647,University of Derby,university of derby|united kingdom,display_alias
icrs-a-00647,"University of Derby, United Kingdom",university of derby|united kingdom,delegate_list|display_alias|geocode_csv|programme
icrs-a-00648,"University of Exeter, United Kingdom",university of exeter|united kingdom,delegate_list|geocode_csv|programme
icrs-a-00649,"University of Florida, United States",university of florida|united states,delegate_list|geocode_csv|programme
icrs-a-00650,"University of Geneva, Switzerland",university of geneva|switzerland,delegate_list|geocode_csv|programme
icrs-a-00651,"University of Georgia, United States",university of georgia|united states,delegate_list|geocode_csv|programme
icrs-a-00652,University of Guam,university of guam|guam,display_alias
icrs-a-00652,"University of Guam, Guam",university of guam|guam,delegate_list|display_alias|geocode_csv|programme
icrs-a-00652,"University of Guam, United States",university of guam|guam,display_alias
icrs-a-00653,"University of Guam, United States",university of guam|united states,delegate_list|geocode_csv|programme
icrs-a-00654,"University of Haifa, Israel",university of haifa|israel,delegate_list|geocode_csv|programme
icrs-a-00655,University of Hawaiʻi at Hilo,university of hawaiʻi - hilo|,programme
icrs-a-00656,University of Hawai'i - Hilo,university of hawaiʻi - hilo|united states,display_alias
icrs-a-00656,"University of Hawai'i - Hilo, United States",university of hawaiʻi - hilo|united states,delegate_list|display_alias|geocode_csv|programme
icrs-a-00656,"University of Hawaiʻi - Hilo, United States",university of hawaiʻi - hilo|united states,display_alias|geocode_csv
icrs-a-00657,University of Hawai'i - Maui College,university of hawaiʻi - maui college|united states,display_alias
icrs-a-00657,"University of Hawai'i - Maui College, United States",university of hawaiʻi - maui college|united states,delegate_list|display_alias|geocode_csv
icrs-a-00657,University of Hawaiʻi - Maui College,university of hawaiʻi - maui college|united states,display_alias
icrs-a-00658,"University of Hawai'i - Mānoa, Palau",university of hawaiʻi - mānoa|palau,delegate_list|display_alias|geocode_csv|programme
icrs-a-00658,"University of Hawaiʻi - Mānoa, United States",university of hawaiʻi - mānoa|palau,display_alias
icrs-a-00659,"University of Hawai'i - Mānoa, Philippines",university of hawaiʻi - mānoa|philippines,delegate_list|display_alias|geocode_csv|programme
icrs-a-00659,"University of Hawaiʻi - Mānoa, United States",university of hawaiʻi - mānoa|philippines,display_alias
icrs-a-00660,University of Hawai'i - Mānoa,university of hawaiʻi - mānoa|united states,display_alias
icrs-a-00660,"University of Hawai'i - Mānoa, United States",university of hawaiʻi - mānoa|united states,delegate_list|display_alias|geocode_csv|programme
icrs-a-00660,"University of Hawaiʻi - Mānoa, United States",university of hawaiʻi - mānoa|united states,display_alias|geocode_csv
icrs-a-00660,University of Hawai‘i - Mānoa,university of hawaiʻi - mānoa|united states,display_alias
icrs-a-00660,"University of Hawai‘i - Mānoa, United States",university of hawaiʻi - mānoa|united states,delegate_list|geocode_csv|programme
icrs-a-00661,University of Hawai'i,university of hawaiʻi|united states,display_alias
icrs-a-00661,"University of Hawai'i, United States",university of hawaiʻi|united states,delegate_list|display_alias|geocode_csv|programme
icrs-a-00661,University of Hawaiʻi,university of hawaiʻi|united states,display_alias
icrs-a-00661,"University of Hawaiʻi, United States",university of hawaiʻi|united states,delegate_list|display_alias|geocode_csv
icrs-a-00662,University of Hong Kong,university of hong kong|hong kong,display_alias
icrs-a-00662,"University of Hong Kong, Hong Kong",university of hong kong|hong kong,delegate_list|display_alias|geocode_csv|programme
icrs-a-00663,"University of Konstanz, Cuba",university of konstanz|cuba,delegate_list|geocode_csv
icrs-a-00664,"University of Konstanz, Germany",university of konstanz|germany,delegate_list|geocode_csv|programme
icrs-a-00665,University of Leeds,university of leeds|united kingdom,display_alias
icrs-a-00665,"University of Leeds, United Kingdom",university of leeds|united kingdom,delegate_list|display_alias|geocode_csv|programme
icrs-a-00666,"University of Leicester, United Kingdom",university of leicester|united kingdom,delegate_list|geocode_csv|programme
icrs-a-00667,University of Lisbon,university of lisbon|portugal,display_alias
icrs-a-00667,"University of Lisbon, Portugal",university of lisbon|portugal,delegate_list|display_alias|geocode_csv|programme
icrs-a-00668,University of Liege,university of liège|belgium,display_alias
icrs-a-00668,"University of Liege, Belgium",university of liège|belgium,delegate_list|display_alias|programme
icrs-a-00668,University of Liège,university of liège|belgium,display_alias
icrs-a-00668,"University of Liège, Belgium",university of liège|belgium,delegate_list|display_alias|geocode_csv|programme
icrs-a-00669,"University Of Maine, Presque Isle; University of Southern California, Los Angeles","university of maine, presque isle; university of southern california, los angeles|united states",display_alias
icrs-a-00669,"University Of Maine, Presque Isle; University of Southern California, Los Angeles, United States","university of maine, presque isle; university of southern california, los angeles|united states",delegate_list|display_alias|geocode_csv|programme
icrs-a-00670,University of Maryland Center for Environmental Sciences- Institute of Marine and Environmental Technology,university of maryland|,programme
icrs-a-00671,"University of Maryland Center for Environmental Sciences- Institute of Marine and Environmental Technology, United States",university of maryland|united states,display_alias
icrs-a-00671,"University of Maryland, United States",university of maryland|united states,delegate_list|display_alias|geocode_csv|programme
icrs-a-00672,"University of Massachusetts - Boston, United States",university of massachusetts - boston|united states,delegate_list|geocode_csv|programme
icrs-a-00673,"University of Massachusetts Lowell, United States",university of massachusetts lowell|united states,delegate_list|geocode_csv|programme
icrs-a-00674,"University of Mataram, Indonesia",university of mataram|indonesia,delegate_list|geocode_csv|programme
icrs-a-00675,University Of Mauritius,university of mauritius|mauritius,display_alias
icrs-a-00675,"University Of Mauritius, Mauritius",university of mauritius|mauritius,delegate_list|display_alias|geocode_csv|programme
icrs-a-00675,University of Mauritius,university of mauritius|mauritius,display_alias
icrs-a-00675,"University of Mauritius, Mauritius",university of mauritius|mauritius,delegate_list|display_alias|programme
icrs-a-00676,University of Melbourne,university of melbourne|australia,display_alias
icrs-a-00676,"University of Melbourne, Australia",university of melbourne|australia,delegate_list|display_alias|geocode_csv|programme
icrs-a-00677,"University of Miami / NOAA, United States",university of miami / noaa|united states,delegate_list|geocode_csv|programme
icrs-a-00678,"University Of Miami Rosenstiel School of Marine,, United States",university of miami rosenstiel school of marine|united states,delegate_list|geocode_csv|programme
icrs-a-00679,"University Of Miami, CIMAS","university of miami, cimas|united states",display_alias|geocode_csv
icrs-a-00679,"University Of Miami, CIMAS, United States","university of miami, cimas|united states",delegate_list|display_alias|geocode_csv|programme
icrs-a-00679,"University of Miami, CIMAS","university of miami, cimas|united states",display_alias
icrs-a-00680,University Of Miami,university of miami|united states,display_alias
icrs-a-00680,"University Of Miami, United States",university of miami|united states,delegate_list|display_alias|geocode_csv|programme
icrs-a-00680,University of Miami,university of miami|united states,display_alias
icrs-a-00680,"University of Miami, United States",university of miami|united states,delegate_list|display_alias|programme
icrs-a-00681,"University of Michigan - Ann Arbor, United States",university of michigan - ann arbor|united states,geocode_csv
icrs-a-00682,University Of Michigan,university of michigan|united states,display_alias
icrs-a-00682,"University Of Michigan, United States",university of michigan|united states,delegate_list|display_alias|geocode_csv|programme
icrs-a-00682,University of Michigan,university of michigan|united states,display_alias
icrs-a-00682,"University of Michigan, United States",university of michigan|united states,delegate_list|display_alias|programme
icrs-a-00683,University of Milan-Bicocca,university of milano - bicocca|,programme
icrs-a-00684,University Of Milano-bicocca,university of milano - bicocca|italy,display_alias
icrs-a-00684,"University Of Milano-bicocca, Italy",university of milano - bicocca|italy,delegate_list|display_alias|geocode_csv|programme
icrs-a-00684,University of Milano - Bicocca,university of milano - bicocca|italy,display_alias
icrs-a-00684,"University of Milano - Bicocca, Italy",university of milano - bicocca|italy,delegate_list|display_alias|geocode_csv|programme
icrs-a-00684,University of Milano-Bicocca,university of milano - bicocca|italy,display_alias
icrs-a-00684,"University of Milano-Bicocca, Italy",university of milano - bicocca|italy,delegate_list|display_alias|programme
icrs-a-00684,University of Milano-bicocca,university of milano - bicocca|italy,display_alias
icrs-a-00685,"University of Mississippi, United States",university of mississippi|united states,delegate_list|geocode_csv|programme
icrs-a-00686,"University of Miyazaki, Japan",university of miyazaki|japan,delegate_list|geocode_csv|programme
icrs-a-00687,"University Of Mons, Belgium",university of mons|belgium,display_alias|geocode_csv
icrs-a-00687,"University Of Mons, Belgium, Belgium",university of mons|belgium,delegate_list|geocode_csv|programme
icrs-a-00687,"University of Mons, Belgium",university of mons|belgium,display_alias
icrs-a-00688,"University of Moratuwa, Sri Lanka",university of moratuwa|sri lanka,delegate_list|geocode_csv|programme
icrs-a-00689,"University of New Caledonia, New Caledonia",university of new caledonia|new caledonia,delegate_list|geocode_csv|programme
icrs-a-00690,"University of New Hampshire, United States",university of new hampshire|united states,delegate_list|geocode_csv|programme
icrs-a-00691,"University of New South Wales - Sydney, Australia",university of new south wales - sydney|australia,delegate_list|geocode_csv|programme
icrs-a-00692,University of New South Wales,university of new south wales|australia,display_alias
icrs-a-00692,"University of New South Wales, Australia",university of new south wales|australia,delegate_list|display_alias|geocode_csv|programme
icrs-a-00693,"University Of Newcastle, Australia",university of newcastle|australia,delegate_list
icrs-a-00693,"University of Newcastle, Australia",university of newcastle|australia,delegate_list|geocode_csv|programme
icrs-a-00694,University of North Carolina - Wilmington,university of north carolina - wilmington|united states,display_alias
icrs-a-00694,"University of North Carolina - Wilmington, United States",university of north carolina - wilmington|united states,delegate_list|display_alias|geocode_csv|programme
icrs-a-00695,Oldenburg University,university of oldenburg|germany,display_alias
icrs-a-00695,"Oldenburg University, Germany",university of oldenburg|germany,delegate_list|display_alias|geocode_csv|programme
icrs-a-00695,University of Oldenburg,university of oldenburg|germany,display_alias
icrs-a-00695,"University of Oldenburg, Germany",university of oldenburg|germany,delegate_list|display_alias|geocode_csv|programme
icrs-a-00696,"University of Otago, Fiji",university of otago|fiji,delegate_list|display_alias|geocode_csv
icrs-a-00696,"University of Otago, New Zealand",university of otago|fiji,display_alias
icrs-a-00697,Otago University,university of otago|new zealand,display_alias
icrs-a-00697,"Otago University, New Zealand",university of otago|new zealand,delegate_list|display_alias|geocode_csv|programme
icrs-a-00697,University of Otago,university of otago|new zealand,display_alias
icrs-a-00697,"University of Otago, New Zealand",university of otago|new zealand,delegate_list|display_alias|geocode_csv|programme
icrs-a-00698,"University of Oxford, United Kingdom",university of oxford|united kingdom,delegate_list|geocode_csv|programme
icrs-a-00699,Pattimura University,university of pattimura|indonesia,display_alias
icrs-a-00699,"Pattimura University, Indonesia",university of pattimura|indonesia,delegate_list|display_alias|geocode_csv|programme
icrs-a-00699,University of Pattimura,university of pattimura|indonesia,display_alias
icrs-a-00699,"University of Pattimura, Indonesia",university of pattimura|indonesia,delegate_list|display_alias|geocode_csv|programme
icrs-a-00700,"University of Pennsylvania, United States",university of pennsylvania|united states,delegate_list|geocode_csv|programme
icrs-a-00701,"University of Perpignan - Domitia, France",university of perpignan - domitia|france,delegate_list|geocode_csv|programme
icrs-a-00702,University of Plymouth,university of plymouth|united kingdom,display_alias
icrs-a-00702,"University of Plymouth, United Kingdom",university of plymouth|united kingdom,delegate_list|display_alias|geocode_csv|programme
icrs-a-00703,Faculty Of Engineering - University Of Porto,university of porto|portugal,display_alias
icrs-a-00703,"Faculty Of Engineering - University Of Porto, Portugal",university of porto|portugal,delegate_list|display_alias
icrs-a-00703,Faculty of Engineering - University of Porto,university of porto|portugal,display_alias
icrs-a-00703,"Faculty of Engineering - University of Porto, Portugal",university of porto|portugal,delegate_list|display_alias|geocode_csv
icrs-a-00703,University of Porto,university of porto|portugal,display_alias
icrs-a-00703,"University of Porto, Portugal",university of porto|portugal,delegate_list|geocode_csv|programme
icrs-a-00704,University of Puerto Rico - Mayaguez,university of puerto rico at mayagüez|,programme
icrs-a-00705,University of Puerto Rico - Mayagüez,university of puerto rico at mayagüez|puerto rico,display_alias
icrs-a-00705,"University of Puerto Rico - Mayagüez, Puerto Rico",university of puerto rico at mayagüez|puerto rico,delegate_list|display_alias|geocode_csv|programme
icrs-a-00705,"University of Puerto Rico at Mayagüez, United States",university of puerto rico at mayagüez|puerto rico,display_alias
icrs-a-00706,University of Puerto Rico at Mayaguez,university of puerto rico at mayagüez|united states,display_alias
icrs-a-00706,"University of Puerto Rico at Mayaguez, United States",university of puerto rico at mayagüez|united states,delegate_list|display_alias|programme
icrs-a-00706,"University of Puerto Rico at Mayagüez, United States",university of puerto rico at mayagüez|united states,display_alias|geocode_csv
icrs-a-00707,"University Of Queensland, Australia",university of queensland|australia,delegate_list|programme
icrs-a-00707,"University of Queensland, Australia",university of queensland|australia,delegate_list|geocode_csv|programme
icrs-a-00708,"University of Queensland, Colombia",university of queensland|colombia,delegate_list|geocode_csv
icrs-a-00709,"University of Queensland, Malaysia",university of queensland|malaysia,delegate_list|geocode_csv
icrs-a-00710,"University of Queensland, Philippines",university of queensland|philippines,delegate_list|geocode_csv|programme
icrs-a-00711,University of Rhode Island,university of rhode island|united states,display_alias
icrs-a-00711,"University of Rhode Island, United States",university of rhode island|united states,delegate_list|display_alias|geocode_csv|programme
icrs-a-00712,"University of Salento, Italy",university of salento|italy,delegate_list|geocode_csv|programme
icrs-a-00713,"University of Salzburg, Bolivia, Plurinational State of","university of salzburg|bolivia, plurinational state of",delegate_list|geocode_csv
icrs-a-00714,"University of San Diego, United States",university of san diego|united states,delegate_list|geocode_csv|programme
icrs-a-00715,"University of South Carolina - Chapel Hill, United States",university of south carolina - chapel hill|united states,delegate_list|geocode_csv|programme
icrs-a-00716,University of South Carolina - Beaufort,university of south carolina beaufort|united states,display_alias
icrs-a-00716,"University of South Carolina - Beaufort, United States",university of south carolina beaufort|united states,delegate_list|display_alias|geocode_csv
icrs-a-00716,University of South Carolina Beaufort,university of south carolina beaufort|united states,display_alias
icrs-a-00716,"University of South Carolina Beaufort, United States",university of south carolina beaufort|united states,delegate_list|display_alias|geocode_csv
icrs-a-00717,"University of South Florida, United States",university of south florida|united states,delegate_list|geocode_csv|programme
icrs-a-00718,"University of Southampton, United Kingdom",university of southampton|united kingdom,delegate_list|geocode_csv|programme
icrs-a-00719,University of Southern California,university of southern california|united states,display_alias
icrs-a-00719,"University of Southern California, United States",university of southern california|united states,delegate_list|display_alias|geocode_csv|programme
icrs-a-00720,"University of St Andrews, Netherlands",university of st andrews|netherlands,delegate_list|geocode_csv|programme
icrs-a-00721,University Of Sydney,university of sydney|australia,display_alias
icrs-a-00721,University of Sydney,university of sydney|australia,display_alias
icrs-a-00721,"University of Sydney, Australia",university of sydney|australia,delegate_list|display_alias|geocode_csv|programme
icrs-a-00722,University of São Paulo,university of são paulo|brazil,display_alias
icrs-a-00722,"University of São Paulo, Brazil",university of são paulo|brazil,delegate_list|display_alias|geocode_csv|programme
icrs-a-00723,"University of Tasmania, Australia",university of tasmania|australia,delegate_list|geocode_csv|programme
icrs-a-00724,University of Technology Sydney,university of technology sydney|australia,display_alias
icrs-a-00724,"University of Technology Sydney, Australia",university of technology sydney|australia,delegate_list|display_alias|geocode_csv|programme
icrs-a-00725,"University of Texas - Arlington, United States",university of texas - arlington|united states,delegate_list|geocode_csv|programme
icrs-a-00726,University of Texas - Austin,university of texas - austin|united states,display_alias
icrs-a-00726,"University of Texas - Austin, United States",university of texas - austin|united states,delegate_list|display_alias|geocode_csv|programme
icrs-a-00727,University of Texas - Tyler,university of texas - tyler|,programme
icrs-a-00728,University of the Philippines - Cebu,university of the philippines - cebu|,programme
icrs-a-00729,University Of The Philippines - Diliman,university of the philippines - diliman|philippines,display_alias
icrs-a-00729,"University Of The Philippines - Diliman, Philippines",university of the philippines - diliman|philippines,delegate_list|display_alias|programme
icrs-a-00729,University of The Philippines - Diliman,university of the philippines - diliman|philippines,display_alias
icrs-a-00729,"University of The Philippines - Diliman, Philippines",university of the philippines - diliman|philippines,delegate_list|display_alias
icrs-a-00729,University of the Philippines - Diliman,university of the philippines - diliman|philippines,display_alias
icrs-a-00729,"University of the Philippines - Diliman, Philippines",university of the philippines - diliman|philippines,delegate_list|display_alias|geocode_csv|programme
icrs-a-00730,University of the Philippines,university of the philippines|philippines,display_alias
icrs-a-00730,"University of the Philippines, Philippines",university of the philippines|philippines,delegate_list|display_alias|geocode_csv|programme
icrs-a-00731,"University Of The Ryukyus, Japan",university of the ryukyus|japan,delegate_list|geocode_csv|programme
icrs-a-00731,"University of the Ryukyus, Japan",university of the ryukyus|japan,delegate_list|programme
icrs-a-00732,"University Of The Ryukyus, Maldives",university of the ryukyus|maldives,delegate_list|geocode_csv|programme
icrs-a-00733,"University Of The Ryukyus, Philippines",university of the ryukyus|philippines,delegate_list|geocode_csv
icrs-a-00734,University Of The South Pacific,university of the south pacific|fiji,display_alias
icrs-a-00734,"University Of The South Pacific, Fiji",university of the south pacific|fiji,delegate_list|display_alias|programme
icrs-a-00734,"University Of The South Pacific, Vanuatu",university of the south pacific|fiji,display_alias
icrs-a-00734,University of the South Pacific,university of the south pacific|fiji,display_alias
icrs-a-00734,"University of the South Pacific, Fiji",university of the south pacific|fiji,delegate_list|display_alias|geocode_csv|programme
icrs-a-00735,"University Of The South Pacific, Vanuatu",university of the south pacific|vanuatu,delegate_list|geocode_csv
icrs-a-00736,University of the Virgin Islands,university of the virgin islands|australia,display_alias
icrs-a-00736,"University of the Virgin Islands Virgin Islands (U.S.), Australia",university of the virgin islands|australia,display_alias
icrs-a-00737,University of the Virgin Islands,university of the virgin islands|brazil,display_alias
icrs-a-00737,"University of the Virgin Islands Virgin Islands (U.S.), Brazil",university of the virgin islands|brazil,display_alias
icrs-a-00738,University of the Virgin Islands,university of the virgin islands|ecuador,display_alias
icrs-a-00738,"University of the Virgin Islands Virgin Islands (U.S.), Ecuador",university of the virgin islands|ecuador,display_alias
icrs-a-00739,University of the Virgin Islands,university of the virgin islands|new zealand,display_alias
icrs-a-00739,"University of the Virgin Islands Virgin Islands (U.S.), New Zealand",university of the virgin islands|new zealand,display_alias
icrs-a-00740,University of the Virgin Islands,university of the virgin islands|united states,display_alias
icrs-a-00740,"University of the Virgin Islands Virgin Islands (U.S.), United States",university of the virgin islands|united states,display_alias
icrs-a-00740,"University of the Virgin Islands, United States",university of the virgin islands|united states,delegate_list|geocode_csv|programme
icrs-a-00741,University of the Virgin Islands,university of the virgin islands|united states virgin islands,display_alias
icrs-a-00741,"University of the Virgin Islands, United States",university of the virgin islands|united states virgin islands,display_alias
icrs-a-00741,"University of the Virgin Islands, United States Virgin Islands",university of the virgin islands|united states virgin islands,delegate_list|geocode_csv|programme
icrs-a-00742,"University of the West Indies, Antigua and Barbuda",university of the west indies|antigua and barbuda,delegate_list|geocode_csv|programme
icrs-a-00743,University of Tokyo,university of tokyo|japan,display_alias
icrs-a-00743,"University of Tokyo, Japan",university of tokyo|japan,delegate_list|display_alias|geocode_csv|programme
icrs-a-00744,"University of Toliara, Madagascar",university of toliara|madagascar,delegate_list|geocode_csv|programme
icrs-a-00745,"University of Toronto, Canada",university of toronto|canada,delegate_list|geocode_csv|programme
icrs-a-00746,"University of Victoria, Canada",university of victoria|canada,delegate_list|geocode_csv|programme
icrs-a-00747,"University of Waikato, New Zealand",university of waikato|new zealand,delegate_list|geocode_csv|programme
icrs-a-00748,"University of Warsaw, Poland",university of warsaw|poland,delegate_list|geocode_csv|programme
icrs-a-00749,"University of Warwick, United Kingdom",university of warwick|united kingdom,delegate_list|geocode_csv|programme
icrs-a-00750,"University of Washington, United States",university of washington|united states,delegate_list|geocode_csv|programme
icrs-a-00751,The University Of Western Australia,university of western australia|australia,display_alias
icrs-a-00751,"The University Of Western Australia, Australia",university of western australia|australia,delegate_list|display_alias|geocode_csv
icrs-a-00751,University of Western Australia,university of western australia|australia,display_alias
icrs-a-00751,"University of Western Australia, Australia",university of western australia|australia,delegate_list|display_alias|geocode_csv|programme
icrs-a-00751,the University of Western Australia,university of western australia|australia,display_alias
icrs-a-00752,"The University Of Western Australia, Australia",university of western australia|new zealand,display_alias
icrs-a-00752,"University of Western Australia, New Zealand",university of western australia|new zealand,delegate_list|display_alias|geocode_csv|programme
icrs-a-00753,"University of Wisconsin - Green Bay, United States",university of wisconsin - green bay|united states,delegate_list|geocode_csv|programme
icrs-a-00754,"University of Wisconsin - Madison, United States",university of wisconsin - madison|united states,delegate_list|geocode_csv|programme
icrs-a-00755,"University of Wollongong, Australia",university of wollongong|australia,delegate_list|geocode_csv|programme
icrs-a-00756,"University of York, United Kingdom",university of york|united kingdom,delegate_list|geocode_csv|programme
icrs-a-00757,"University Wuppertal, Germany",university wuppertal|germany,delegate_list|geocode_csv|programme
icrs-a-00758,Université Côte d'azur,université côte d'azur|france,display_alias
icrs-a-00758,"Université Côte d'azur, France",université côte d'azur|france,delegate_list|display_alias|geocode_csv|programme
icrs-a-00759,Universite de la Polynesie Francaise,université de la polynésie française|french polynesia,display_alias
icrs-a-00759,"Universite de la Polynesie Francaise, French Polynesia",université de la polynésie française|french polynesia,delegate_list|display_alias|programme
icrs-a-00759,Université de la Polynésie Française,université de la polynésie française|french polynesia,display_alias
icrs-a-00759,"Université de la Polynésie Française, French Polynesia",université de la polynésie française|french polynesia,delegate_list|display_alias|geocode_csv|programme
icrs-a-00760,Univeristé De Mayotte,université de mayotte|mayotte,display_alias
icrs-a-00760,"Univeristé De Mayotte, Mayotte",université de mayotte|mayotte,delegate_list|display_alias|geocode_csv|programme
icrs-a-00760,Université De Mayotte,université de mayotte|mayotte,display_alias
icrs-a-00761,Université Laval,université laval|canada,display_alias
icrs-a-00761,"Université Laval, Canada",université laval|canada,delegate_list|display_alias|geocode_csv
icrs-a-00762,Université Libre de Bruxelles,université libre de bruxelles|belgium,display_alias
icrs-a-00762,"Université Libre de Bruxelles, Belgium",université libre de bruxelles|belgium,delegate_list|display_alias|geocode_csv|programme
icrs-a-00763,"Ursinus College, United States",ursinus college|united states,delegate_list|geocode_csv|programme
icrs-a-00764,Vava'u Environmental Protection Association,vavaʻu environmental protection association|tonga,display_alias
icrs-a-00764,"Vava'u Environmental Protection Association, Tonga",vavaʻu environmental protection association|tonga,delegate_list|display_alias|geocode_csv|programme
icrs-a-00764,Vavaʻu Environmental Protection Association,vavaʻu environmental protection association|tonga,display_alias
icrs-a-00765,"University of Wellington, New Zealand",victoria university of wellington|new zealand,delegate_list|geocode_csv
icrs-a-00765,"Victoria University of Wellington, New Zealand",victoria university of wellington|new zealand,delegate_list|geocode_csv|programme
icrs-a-00766,"Victoria University of Wellington, United Kingdom",victoria university of wellington|united kingdom,delegate_list|geocode_csv
icrs-a-00767,"Victoria University of Wellington, United States",victoria university of wellington|united states,delegate_list|geocode_csv
icrs-a-00768,"Villanova University, United States",villanova university|united states,delegate_list|geocode_csv|programme
icrs-a-00769,"Wageningen University, Netherlands",wageningen university|netherlands,delegate_list|geocode_csv|programme
icrs-a-00770,"Waitt Institute, United States",waitt institute|united states,delegate_list|geocode_csv
icrs-a-00771,"Waseda University, Japan",waseda university|japan,delegate_list|geocode_csv
icrs-a-00772,"Washington and Lee University, United States",washington and lee university|united states,delegate_list|geocode_csv|programme
icrs-a-00773,"Wayamba University of Sri Lanka, Sri Lanka",wayamba university of sri lanka|sri lanka,delegate_list|geocode_csv|programme
icrs-a-00774,"Western Australian Museum, Australia",western australian museum|australia,delegate_list|geocode_csv|programme
icrs-a-00775,"Wholome Arks, United States",wholome arks|united states,delegate_list|geocode_csv
icrs-a-00776,"Wholome, United States",wholome|united states,delegate_list|geocode_csv
icrs-a-00777,"Wilderlab, Australia",wilderlab|australia,delegate_list|geocode_csv
icrs-a-00778,"Wildflow, United States",wildflow|united states,delegate_list|geocode_csv|programme
icrs-a-00779,"Wildlife Conservation Society - Malaysia, Malaysia",wildlife conservation society - malaysia|malaysia,delegate_list|geocode_csv|programme
icrs-a-00780,Wildlife Conservation Society - Philippines,wildlife conservation society - philippines|,programme
icrs-a-00781,"Wildlife Conservation Society, Australia",wildlife conservation society|australia,delegate_list|geocode_csv|programme
icrs-a-00782,"Wildlife Conservation Society, Canada",wildlife conservation society|canada,delegate_list|geocode_csv|programme
icrs-a-00783,"Wildlife Conservation Society, Fiji",wildlife conservation society|fiji,delegate_list|geocode_csv
icrs-a-00784,"Wildlife Conservation Society, Indonesia",wildlife conservation society|indonesia,delegate_list|geocode_csv|programme
icrs-a-00785,"Wildlife Conservation Society, Kenya",wildlife conservation society|kenya,delegate_list|geocode_csv|programme
icrs-a-00786,"Wildlife Conservation Society, Madagascar",wildlife conservation society|madagascar,delegate_list|geocode_csv|programme
icrs-a-00787,"Wildlife Conservation Society, Panama",wildlife conservation society|panama,delegate_list|geocode_csv
icrs-a-00788,"Wildlife Conservation Society, Papua New Guinea",wildlife conservation society|papua new guinea,delegate_list|geocode_csv
icrs-a-00789,"Wildlife Conservation Society, United States",wildlife conservation society|united states,delegate_list|geocode_csv|programme
icrs-a-00790,"Windward Community College, United States",windward community college|united states,delegate_list|geocode_csv
icrs-a-00791,"Wofford College, United States",wofford college|united states,delegate_list|geocode_csv
icrs-a-00792,"Woods Hole Oceanographic Institution, United States",woods hole oceanographic institution|united states,delegate_list|geocode_csv|programme
icrs-a-00793,"World Conservation Monitoring Centre, United Kingdom",world conservation monitoring centre|united kingdom,delegate_list|geocode_csv|programme
icrs-a-00794,"World Wide Fund for Nature - Indonesia, Indonesia",world wide fund for nature - indonesia|indonesia,delegate_list|geocode_csv|programme
icrs-a-00795,"World Wide Fund for Nature - Madagascar, Madagascar",world wide fund for nature - madagascar|madagascar,delegate_list|geocode_csv|programme
icrs-a-00796,"World Wide Fund for Nature - Malaysia, Malaysia",world wide fund for nature - malaysia|malaysia,delegate_list|geocode_csv|programme
icrs-a-00797,"World Wildlife Fund - Australia, Australia",world wildlife fund - australia|australia,delegate_list|geocode_csv
icrs-a-00798,"World Wildlife Fund - Indonesia, Indonesia",world wildlife fund - indonesia|indonesia,delegate_list|geocode_csv
icrs-a-00799,"World Wildlife Fund, Australia",world wildlife fund|australia,delegate_list|geocode_csv
icrs-a-00800,Wwf - Id,wwf - id|,programme
icrs-a-00801,"Yamaguchi University, Japan",yamaguchi university|japan,delegate_list|geocode_csv|programme
icrs-a-00802,"Yas Seaworld Research and Rescue Center, United Arab Emirates",yas seaworld research and rescue center|united arab emirates,delegate_list|geocode_csv|programme
icrs-a-00803,"Yayasan Almanustra, Indonesia",yayasan almanustra|indonesia,delegate_list|geocode_csv
icrs-a-00804,Yayasan Konservasi Alam Nusantara,yayasan konservasi alam nusantara|indonesia,display_alias
icrs-a-00804,"Yayasan Konservasi Alam Nusantara, Indonesia",yayasan konservasi alam nusantara|indonesia,delegate_list|display_alias|geocode_csv|programme
icrs-a-00805,"Yayasan WWF Indonesia, Indonesia",yayasan wwf indonesia|indonesia,delegate_list|geocode_csv|programme
icrs-a-00806,"Yirrganydji Gurabana Aboriginal Corporation, Australia",yirrganydji gurabana aboriginal corporation|australia,delegate_list|geocode_csv
icrs-a-00807,"Zhejiang University, China",zhejiang university|china,delegate_list|geocode_csv|programme
icrs-a-00808,"Zoological Society of London, Egypt",zoological society of london|egypt,delegate_list|geocode_csv|programme
icrs-a-00809,"Zoological Survey of India, India",zoological survey of india|india,delegate_list|geocode_csv|programme
