affiliation_key,canonical_affiliation,organisation,country,country_code,geocode_status,latitude,longitude,geocode_source,variant_count,attendee_count,in_delegate_list,in_programme,sources,name_variants,needs_review,review_reason,primary_organisation,secondary_organisation,redirect_to_affiliation_key,plot_on_map
icrs-a-00001,.,.,New Zealand,NZ,fallback,-41.2865,174.7762,capital_fallback,1,1,True,False,delegate_list;geocode_csv,"., New Zealand",False,,.,,,True
icrs-a-00002,A*STAR Institute of High Performance Computing,A*STAR Institute of High Performance Computing,Singapore,SG,ok,1.2984608,103.787255,geocode_csv,1,1,True,True,delegate_list;geocode_csv;programme,"A*STAR Institute of High Performance Computing, Singapore",False,,A*STAR Institute of High Performance Computing,,,True
icrs-a-00003,"A*Star-Agency for Science, Technology and Research","A*Star-Agency for Science, Technology and Research",Singapore,SG,ok,1.2983903,103.7886641,geocode_csv,1,1,True,False,delegate_list;geocode_csv,"A*Star-Agency for Science, Technology and Research, Singapore",False,,"A*Star-Agency for Science, Technology and Research",,,True
icrs-a-00004,Academia Sinica,"Academia Sinica, Taiwan",Taiwan,TW,ok,25.0422388,121.6161527,geocode_csv,2,6,True,True,delegate_list;display_alias;geocode_csv;programme,"Academia Sinica; Academia Sinica, Taiwan",False,,"Academia Sinica, Taiwan",,,True
icrs-a-00005,ACIAR Coral Restoration Governance Project,ACIAR Coral Restoration Governance Project,Philippines,PH,fallback,14.5995,120.9842,capital_fallback,1,1,True,True,delegate_list;geocode_csv;programme,"ACIAR Coral Restoration Governance Project, Philippines",False,,ACIAR Coral Restoration Governance Project,,,True
icrs-a-00006,Adam Mickiewicz University,Adam Mickiewicz University,Poland,PL,ok,52.4083974,16.915402,geocode_csv,1,1,True,False,delegate_list;geocode_csv,"Adam Mickiewicz University, Poland",False,,Adam Mickiewicz University,,,True
icrs-a-00007,Adelaide University,Adelaide University,Australia,AU,ok,-34.920603,138.6062277,geocode_csv,1,1,True,True,delegate_list;geocode_csv;programme,"Adelaide University, Australia",False,,Adelaide University,,,True
icrs-a-00008,Adelphi University,Adelphi University,United States,US,ok,40.7200034,-73.6521126,geocode_csv,1,1,True,True,delegate_list;geocode_csv;programme,"Adelphi University, United States",False,,Adelphi University,,,True
icrs-a-00009,Africa Ocean Alliance,Africa Ocean Alliance,Ghana,GH,fallback,5.6037,-0.187,capital_fallback,1,1,True,False,delegate_list;geocode_csv,"Africa Ocean Alliance, Ghana",False,,Africa Ocean Alliance,,,True
icrs-a-00010,Alfred Wegener Institute For Marine And Polar Research (awi),Alfred Wegener Institute For Marine And Polar Research (awi),Germany,DE,fallback,52.52,13.405,capital_fallback,1,0,False,True,programme,Alfred Wegener Institute For Marine And Polar Research (awi),False,,Alfred Wegener Institute For Marine And Polar Research (awi),,,True
icrs-a-00011,Alfred Wegener Institute For Marine And Polar Research,Alfred Wegener Institute For Marine And Polar Research,Germany,DE,ok,53.5332554,8.5805155,geocode_csv,1,1,True,False,delegate_list;geocode_csv,"Alfred Wegener Institute For Marine And Polar Research, Germany",False,,Alfred Wegener Institute For Marine And Polar Research,,,True
icrs-a-00012,Alligator Head Foundation,Alligator Head Foundation,Jamaica,JM,ok,18.175723,-76.4232605,geocode_csv,1,2,True,True,delegate_list;geocode_csv;programme,"Alligator Head Foundation, Jamaica",False,,Alligator Head Foundation,,,True
icrs-a-00013,Altasea,Altasea,United States,US,ok,33.7222724,-118.2734459,geocode_csv,1,1,True,False,delegate_list;geocode_csv,"Altasea, United States",False,,Altasea,,,True
icrs-a-00014,American Samoa Community College & University of Hawaii,American Samoa Community College & University of Hawaii,American Samoa,AS,fallback,-14.2756,-170.702,capital_fallback,1,1,True,False,delegate_list;geocode_csv,"American Samoa Community College & University of Hawaii, American Samoa",False,,American Samoa Community College & University of Hawaii,,,True
icrs-a-00015,American Samoa Government,American Samoa Government,American Samoa,AS,fallback,-14.2756,-170.702,capital_fallback,1,1,True,False,delegate_list;geocode_csv,"American Samoa Government, American Samoa",False,,American Samoa Government,,,True
icrs-a-00016,American University,American University,United States,US,ok,38.9380155,-77.088922,geocode_csv,1,1,True,False,delegate_list;geocode_csv,"American University, United States",False,,American University,,,True
icrs-a-00017,"Aquatic Resources Research Institute, Chualalongkorn","Aquatic Resources Research Institute, Chualalongkorn",Thailand,TH,ok,13.7428052,100.5326187,geocode_csv,1,1,True,True,delegate_list;geocode_csv;programme,"Aquatic Resources Research Institute, Chualalongkorn, Thailand",False,,"Aquatic Resources Research Institute, Chualalongkorn",,,True
icrs-a-00018,Arizona State University,"Arizona State University, United States",United States,US,ok,33.4229975,-111.9278306,geocode_csv,2,10,True,True,delegate_list;display_alias;geocode_csv;programme,"Arizona State University; Arizona State University, United States",False,,"Arizona State University, United States",,,True
icrs-a-00019,Atlantic Oceanographic and Meteorological Laboratory,Atlantic Oceanographic and Meteorological Laboratory,United States,US,ok,25.7346912,-80.1621813,geocode_csv,1,1,True,True,delegate_list;geocode_csv;programme,"Atlantic Oceanographic and Meteorological Laboratory, United States",False,,Atlantic Oceanographic and Meteorological Laboratory,,,True
icrs-a-00020,Auckland University of Technology,"Auckland University of Technology, New Zealand",New Zealand,NZ,ok,-36.8536098,174.7664805,geocode_csv,2,6,True,True,delegate_list;display_alias;geocode_csv;programme,"Auckland University of Technology; Auckland University of Technology, New Zealand",False,,"Auckland University of Technology, New Zealand",,,True
icrs-a-00021,Australian Institute of Marine Science,Australian Institute of Marine Science,Australia,AU,ok,-19.2678413,147.0555877,geocode_csv,4,41,True,True,delegate_list;display_alias;geocode_csv;programme,"Australian Institute Of Marine Science; Australian Institute Of Marine Science, Australia; Australian Institute of Marine Science; Australian Institute of Marine Science, Australia",False,,Australian Institute of Marine Science,,,True
icrs-a-00022,Australian Institute of Marine Science,Australian Institute of Marine Science,United States,US,fallback,38.9072,-77.0369,capital_fallback,1,1,True,False,delegate_list;geocode_csv,"Australian Institute of Marine Science, United States",False,,Australian Institute of Marine Science,,,True
icrs-a-00023,Australian Museum Research Institute,Australian Museum Research Institute,Australia,AU,ok,-33.873917,151.212702,geocode_csv,1,1,True,True,delegate_list;geocode_csv;programme,"Australian Museum Research Institute, Australia",False,,Australian Museum Research Institute,,,True
icrs-a-00024,Australian Museum,Australian Museum,Australia,AU,ok,-33.873917,151.212702,geocode_csv,1,1,True,True,delegate_list;geocode_csv;programme,"Australian Museum, Australia",False,,Australian Museum,,,True
icrs-a-00025,Auxilia,Auxilia,Italy,IT,fallback,41.9028,12.4964,capital_fallback,1,1,True,False,delegate_list;geocode_csv,"Auxilia, Italy",False,,Auxilia,,,True
icrs-a-00026,Bangor University,Bangor University,Maldives,MV,fallback,4.1755,73.5093,capital_fallback,1,1,True,True,delegate_list;geocode_csv;programme,"Bangor University, Maldives",False,,Bangor University,,,True
icrs-a-00027,Bar-Ilan University,"Bar-Ilan University, Israel",Israel,IL,ok,32.0691989,34.8430876,geocode_csv,2,4,True,True,delegate_list;display_alias;geocode_csv;programme,"Bar-Ilan University; Bar-Ilan University, Israel",False,,"Bar-Ilan University, Israel",,,True
icrs-a-00028,Ben Gurion University of the Negev,Ben Gurion University of the Negev,Israel,IL,ok,31.261426,34.7995546,geocode_csv,1,1,True,True,delegate_list;geocode_csv;programme,"Ben Gurion University of the Negev, Israel",False,,Ben Gurion University of the Negev,,,True
icrs-a-00029,Bergische Universität Wuppertal,"Bergische Universität Wuppertal, Germany",Germany,DE,fallback,52.52,13.405,capital_fallback,4,1,True,True,delegate_list;display_alias;geocode_csv;programme,"Bergische Universitat Wuppertal; Bergische Universitat Wuppertal, Germany; Bergische Universität Wuppertal; Bergische Universität Wuppertal, Germany",False,,"Bergische Universität Wuppertal, Germany",,,True
icrs-a-00030,Bermuda Institute of Ocean Sciences,Bermuda Institute of Ocean Sciences,Bermuda,BM,ok,32.3708572,-64.6961517,geocode_csv,1,1,True,True,delegate_list;geocode_csv;programme,"Bermuda Institute of Ocean Sciences, Bermuda",False,,Bermuda Institute of Ocean Sciences,,,True
icrs-a-00031,Bermuda Institute of Ocean Sciences,Bermuda Institute of Ocean Sciences,New Caledonia,NC,fallback,-22.2558,166.4505,capital_fallback,1,1,True,True,delegate_list;geocode_csv;programme,"Bermuda Institute of Ocean Sciences, New Caledonia",False,,Bermuda Institute of Ocean Sciences,,,True
icrs-a-00032,"Biodiversity Research Center, Academia Sinica","Biodiversity Research Center, Academia Sinica",Taiwan,TW,fallback,25.033,121.5654,capital_fallback,1,0,False,True,programme,"Biodiversity Research Center,  Academia Sinica",False,,"Biodiversity Research Center, Academia Sinica",,,True
icrs-a-00033,Bloomberg Ocean Fund,Bloomberg Ocean Fund,United States,US,fallback,38.9072,-77.0369,capital_fallback,1,1,True,False,delegate_list;geocode_csv,"Bloomberg Ocean Fund, United States",False,,Bloomberg Ocean Fund,,,True
icrs-a-00034,"Blue Alliance Tanzania, United Republic of","Blue Alliance Tanzania, United Republic of",United States,US,fallback,38.9072,-77.0369,capital_fallback,2,1,True,True,delegate_list;geocode_csv;programme,"Blue Alliance Tanzania, United Republic of, United States; University of Hawai‘i - Mānoa, United States",False,,"Blue Alliance Tanzania, United Republic of",,,True
icrs-a-00035,Blue Alliance,Blue Alliance,Barbados,BB,fallback,13.0975,-59.6167,capital_fallback,1,1,True,False,delegate_list;geocode_csv,"Blue Alliance, Barbados",False,,Blue Alliance,,,True
icrs-a-00036,Blue Alliance,Blue Alliance,Indonesia,ID,fallback,-6.2088,106.8456,capital_fallback,1,1,True,True,delegate_list;geocode_csv;programme,"Blue Alliance, Indonesia",False,,Blue Alliance,,,True
icrs-a-00037,Blue Alliance,Blue Alliance,"Tanzania, United Republic of",TZ,fallback,-6.163,35.7516,capital_fallback,1,1,True,True,delegate_list;geocode_csv;programme,"Blue Alliance, Tanzania, United Republic of",False,,Blue Alliance,,,True
icrs-a-00038,Blue Corner Marine Research,Blue Corner Marine Research,Indonesia,ID,ok,-8.666393,115.4488612,geocode_csv,1,1,True,True,delegate_list;geocode_csv;programme,"Blue Corner Marine Research, Indonesia",False,,Blue Corner Marine Research,,,True
icrs-a-00039,Blue Prosperity Fiji,Blue Prosperity Fiji,Fiji,FJ,fallback,-18.1416,178.4419,capital_fallback,1,1,True,True,delegate_list;geocode_csv;programme,"Blue Prosperity Fiji, Fiji",False,,Blue Prosperity Fiji,,,True
icrs-a-00040,Boston College,Boston College,United States,US,ok,42.3355488,-71.1684945,geocode_csv,1,1,True,True,delegate_list;geocode_csv;programme,"Boston College, United States",False,,Boston College,,,True
icrs-a-00041,Boston University,"Boston University, United States",United States,US,ok,42.3504997,-71.1053991,geocode_csv,2,9,True,True,delegate_list;display_alias;geocode_csv;programme,"Boston University; Boston University, United States",False,,"Boston University, United States",,,True
icrs-a-00042,Boxfish Robotics Limited,Boxfish Robotics Limited,New Zealand,NZ,ok,-36.8632518,174.8106441,geocode_csv,1,1,True,False,delegate_list;geocode_csv,"Boxfish Robotics Limited, New Zealand",False,,Boxfish Robotics Limited,,,True
icrs-a-00043,Boxfish Robotics,Boxfish Robotics,New Zealand,NZ,ok,-36.8632518,174.8106441,geocode_csv,1,1,True,False,delegate_list;geocode_csv,"Boxfish Robotics, New Zealand",False,,Boxfish Robotics,,,True
icrs-a-00044,Bpp,Bpp,United Kingdom,GB,ok,51.4157907,-1.5146646,geocode_csv,1,1,True,False,delegate_list;geocode_csv,"Bpp, United Kingdom",False,,Bpp,,,True
icrs-a-00045,BRANCH Applications BV / Foundation,BRANCH Applications BV / Foundation,Netherlands,NL,fallback,52.3676,4.9041,capital_fallback,1,2,True,False,delegate_list;geocode_csv,"BRANCH Applications BV / Foundation, Netherlands",False,,BRANCH Applications BV / Foundation,,,True
icrs-a-00046,BRANCH Foundation,BRANCH Foundation,Netherlands,NL,ok,52.1024151,5.0830658,geocode_csv,1,1,True,False,delegate_list;geocode_csv,"BRANCH Foundation, Netherlands",False,,BRANCH Foundation,,,True
icrs-a-00047,Brin,Brin,Indonesia,ID,fallback,-6.2088,106.8456,capital_fallback,1,1,True,True,delegate_list;geocode_csv;programme,"Brin, Indonesia",False,,Brin,,,True
icrs-a-00048,Bureau of Meteorology,Bureau of Meteorology,Australia,AU,fallback,-35.2809,149.13,capital_fallback,1,1,True,True,delegate_list;geocode_csv;programme,"Bureau of Meteorology, Australia",False,,Bureau of Meteorology,,,True
icrs-a-00049,Byoguides,Byoguides,Australia,AU,fallback,-35.2809,149.13,capital_fallback,1,1,True,False,delegate_list;geocode_csv,"Byoguides, Australia",False,,Byoguides,,,True
icrs-a-00050,California Academy of Sciences,California Academy of Sciences,Australia,AU,fallback,-35.2809,149.13,capital_fallback,1,1,True,True,delegate_list;geocode_csv;programme,"California Academy of Sciences, Australia",False,,California Academy of Sciences,,,True
icrs-a-00051,California Academy of Sciences,California Academy of Sciences,United States,US,ok,37.7698646,-122.4660947,geocode_csv,1,5,True,True,delegate_list;geocode_csv;programme,"California Academy of Sciences, United States",False,,California Academy of Sciences,,,True
icrs-a-00052,California State Polytechnic University,California State Polytechnic University,United States,US,ok,34.0596172,-117.8240278,geocode_csv,1,1,True,True,delegate_list;geocode_csv;programme,"California State Polytechnic University, United States",False,,California State Polytechnic University,,,True
icrs-a-00053,California State University Monterey Bay,California State University Monterey Bay,United States,US,ok,36.653712,-121.7989787,geocode_csv,1,2,True,True,delegate_list;geocode_csv;programme,"California State University Monterey Bay, United States",False,,California State University Monterey Bay,,,True
icrs-a-00054,California State University Northridge,California State University Northridge,United States,US,ok,34.2425448,-118.5290922,geocode_csv,1,1,True,True,delegate_list;geocode_csv;programme,"California State University Northridge, United States",False,,California State University Northridge,,,True
icrs-a-00055,"California State University, Monterey Bay And Moss","California State University, Monterey Bay And Moss",United States,US,ok,36.653712,-121.7989787,geocode_csv,1,1,True,True,delegate_list;geocode_csv;programme,"California State University, Monterey Bay And Moss, United States",False,,"California State University, Monterey Bay And Moss",,,True
icrs-a-00056,California State University,California State University,United States,US,fallback,38.5816,-121.4944,capital_fallback,1,1,True,True,delegate_list;geocode_csv;programme,"California State University, United States",False,,California State University,,,True
icrs-a-00057,Camphora Pte Ltd,Camphora Pte Ltd,Singapore,SG,fallback,1.3521,103.8198,capital_fallback,1,3,True,False,delegate_list;geocode_csv,"Camphora Pte Ltd, Singapore",False,,Camphora Pte Ltd,,,True
icrs-a-00058,Cape Eleuthera Institute,Cape Eleuthera Institute,Bahamas,BS,ok,24.8294798,-76.3281061,geocode_csv,1,3,True,True,delegate_list;geocode_csv;programme,"Cape Eleuthera Institute, Bahamas",False,,Cape Eleuthera Institute,,,True
icrs-a-00059,Caraga State University / National Sun Yat-sen,Caraga State University / National Sun Yat-sen,Philippines,PH,fallback,14.5995,120.9842,capital_fallback,1,2,True,True,delegate_list;geocode_csv;programme,"Caraga State University / National Sun Yat-sen, Philippines",False,,Caraga State University / National Sun Yat-sen,,,True
icrs-a-00060,Carl Von Ossietzky University of Oldenburg,Carl Von Ossietzky University of Oldenburg,Germany,DE,ok,53.1467333,8.183124,geocode_csv,1,1,True,True,delegate_list;geocode_csv;programme,"Carl Von Ossietzky University of Oldenburg, Germany",False,,Carl Von Ossietzky University of Oldenburg,,,True
icrs-a-00061,Carl-von-Ossietzky University of Oldenburg,Carl-von-Ossietzky University of Oldenburg,Germany,DE,ok,53.1467333,8.183124,geocode_csv,1,1,True,True,delegate_list;geocode_csv;programme,"Carl-von-Ossietzky University of Oldenburg, Germany",False,,Carl-von-Ossietzky University of Oldenburg,,,True
icrs-a-00062,Catholic University of Korea,Catholic University of Korea,South Korea,KR,ok,37.5857654,127.0048121,geocode_csv,1,1,True,False,delegate_list;geocode_csv,"Catholic University of Korea, South Korea",False,,Catholic University of Korea,,,True
icrs-a-00063,Cawthron Institute,Cawthron Institute,New Zealand,NZ,fallback,-41.2865,174.7762,capital_fallback,1,0,False,True,programme,Cawthron Institute,False,,Cawthron Institute,,,True
icrs-a-00064,Cefas,Cefas,United Kingdom,GB,fallback,51.5074,-0.1278,capital_fallback,1,2,True,True,delegate_list;geocode_csv;programme,"Cefas, United Kingdom",False,,Cefas,,,True
icrs-a-00065,Center for Marine and Environmental Studies,Center for Marine and Environmental Studies,United States Virgin Islands,VI,fallback,18.3419,-64.9307,capital_fallback,1,1,True,True,delegate_list;geocode_csv;programme,"Center for Marine and Environmental Studies, United States Virgin Islands",False,,Center for Marine and Environmental Studies,,,True
icrs-a-00066,Center For Research And Advanced Studies Ipn-mérida Unit,Center For Research And Advanced Studies Ipn-mérida Unit,Mexico,MX,fallback,19.4326,-99.1332,capital_fallback,1,0,False,True,programme,Center For Research And Advanced Studies Ipn-mérida Unit,False,,Center For Research And Advanced Studies Ipn-mérida Unit,,,True
icrs-a-00067,Center For Research And Advanced Studies Ipn-mérida,Center For Research And Advanced Studies Ipn-mérida,Mexico,MX,ok,20.9673702,-89.5925857,geocode_csv,1,1,True,False,delegate_list;geocode_csv,"Center For Research And Advanced Studies Ipn-mérida, Mexico",False,,Center For Research And Advanced Studies Ipn-mérida,,,True
icrs-a-00068,Central Provincial Administrations,Central Provincial Administrations,Papua New Guinea,PG,fallback,-9.4438,147.1803,capital_fallback,1,1,True,False,delegate_list;geocode_csv,"Central Provincial Administrations, Papua New Guinea",False,,Central Provincial Administrations,,,True
icrs-a-00069,Central Queensland University,Central Queensland University,Australia,AU,ok,-23.3242441,150.5189056,geocode_csv,1,1,True,True,delegate_list;geocode_csv;programme,"Central Queensland University, Australia",False,,Central Queensland University,,,True
icrs-a-00070,Centre de recherche du CHU de Québec-Université Laval,Centre de recherche du CHU de Québec-Université Laval,Canada,CA,ok,46.779197,-71.274742,geocode_csv,1,1,True,False,delegate_list;geocode_csv,"Centre de recherche du CHU de Québec-Université Laval, Canada",False,,Centre de recherche du CHU de Québec-Université Laval,,,True
icrs-a-00071,Centre de Recherches Insulaires et Observatoire de l'Environnement de Moorea,Centre de Recherches Insulaires et Observatoire de l'Environnement de Moorea,French Polynesia,PF,ok,-17.5388435,-149.8295234,geocode_csv,1,1,True,True,delegate_list;geocode_csv;programme,"Centre de Recherches Insulaires et Observatoire de l'Environnement de Moorea, French Polynesia",False,,Centre de Recherches Insulaires et Observatoire de l'Environnement de Moorea,,,True
icrs-a-00072,Centre for Scientific Research and Higher Education of Ensenada,"Centre for Scientific Research and Higher Education of Ensenada, Mexico",Mexico,MX,ok,31.8675086,-116.6652197,geocode_csv,4,2,True,True,delegate_list;display_alias;geocode_csv;programme,"Centre for Scientific Research and Higher Education of Ensenada; Centre for Scientific Research and Higher Education of Ensenada Ensenada; Centre for Scientific Research and Higher Education of Ensenada Ensenada, Mexico; Centre for Scientific Research and Higher Education of Ensenada, Mexico",False,,"Centre for Scientific Research and Higher Education of Ensenada, Mexico",,,True
icrs-a-00073,Centre Scientifique de Monaco,"Centre Scientifique de Monaco, France",France,FR,ok,43.7328381,7.4252867,geocode_csv,3,1,True,False,delegate_list;display_alias;geocode_csv,"Centre Scientifique de Monaco; Centre Scientifique de Monaco, France; Centre Scientifique de Monaco, Monaco",False,,"Centre Scientifique de Monaco, France",,,True
icrs-a-00074,Centre Scientifique de Monaco,"Centre Scientifique de Monaco, France",Monaco,MC,ok,43.7328381,7.4252867,geocode_csv,1,5,True,True,delegate_list;geocode_csv;programme,"Centre Scientifique de Monaco, Monaco",False,,"Centre Scientifique de Monaco, France",,,True
icrs-a-00075,Centro de Ciências do Mar do Algarve,"Centro de Ciências do Mar do Algarve, Portugal",Portugal,PT,ok,37.0435555,-7.9697642,geocode_csv,3,1,True,True,delegate_list;display_alias;geocode_csv;programme,"Centro de Ciencias do Mar do Algarve; Centro de Ciências do Mar do Algarve; Centro de Ciências do Mar do Algarve, Portugal",False,,"Centro de Ciências do Mar do Algarve, Portugal",,,True
icrs-a-00076,Centro de Investigaciones Biológicas del Noroeste,"Centro de Investigaciones Biológicas del Noroeste, Mexico",Mexico,MX,ok,24.1357979,-110.4262387,geocode_csv,3,1,True,True,delegate_list;display_alias;geocode_csv;programme,"Centro de Investigaciones Biologicas del Noroeste; Centro de Investigaciones Biológicas del Noroeste; Centro de Investigaciones Biológicas del Noroeste, Mexico",False,,"Centro de Investigaciones Biológicas del Noroeste, Mexico",,,True
icrs-a-00077,Centro Interdisciplinario de Ciencias marinas,Centro Interdisciplinario de Ciencias marinas,Mexico,MX,ok,24.140896,-110.3509768,geocode_csv,1,1,True,True,delegate_list;geocode_csv;programme,"Centro Interdisciplinario de Ciencias marinas, Mexico",False,,Centro Interdisciplinario de Ciencias marinas,,,True
icrs-a-00078,Charles Darwin Foundation,Charles Darwin Foundation,Ecuador,EC,ok,-0.7424663,-90.3041677,geocode_csv,1,1,True,True,delegate_list;geocode_csv;programme,"Charles Darwin Foundation, Ecuador",False,,Charles Darwin Foundation,,,True
icrs-a-00079,Chinese University of Hong Kong,Chinese University of Hong Kong,Hong Kong,HK,ok,22.419625,114.2067606,geocode_csv,1,4,True,True,delegate_list;geocode_csv;programme,"Chinese University of Hong Kong, Hong Kong",False,,Chinese University of Hong Kong,,,True
icrs-a-00080,Chulalongkorn University,Chulalongkorn University,Thailand,TH,ok,13.7385647,100.5321342,geocode_csv,1,3,True,True,delegate_list;geocode_csv;programme,"Chulalongkorn University, Thailand",False,,Chulalongkorn University,,,True
icrs-a-00081,Chungnam National University,Chungnam National University,South Korea,KR,ok,36.3669174,127.346504,geocode_csv,1,1,True,True,delegate_list;geocode_csv;programme,"Chungnam National University, South Korea",False,,Chungnam National University,,,True
icrs-a-00082,Cinvestav Mérida,"Cinvestav Mérida, Mexico",Mexico,MX,ok,21.0215277,-89.6263545,geocode_csv,3,1,True,True,delegate_list;display_alias;geocode_csv;programme,"Cinvestav Merida; Cinvestav Mérida; Cinvestav Mérida, Mexico",False,,"Cinvestav Mérida, Mexico",,,True
icrs-a-00083,Citizens of the Reef,Citizens of the Reef,Australia,AU,fallback,-35.2809,149.13,capital_fallback,1,1,True,True,delegate_list;geocode_csv;programme,"Citizens of the Reef, Australia",False,,Citizens of the Reef,,,True
icrs-a-00084,Citizens of the Sea,Citizens of the Sea,New Zealand,NZ,fallback,-41.2865,174.7762,capital_fallback,1,1,True,False,delegate_list;geocode_csv,"Citizens of the Sea, New Zealand",False,,Citizens of the Sea,,,True
icrs-a-00085,Civil Society Forum of Tonga,Civil Society Forum of Tonga,Tonga,TO,ok,-21.1399022,-175.2065456,geocode_csv,1,1,True,False,delegate_list;geocode_csv,"Civil Society Forum of Tonga, Tonga",False,,Civil Society Forum of Tonga,,,True
icrs-a-00086,Clemson University,Clemson University,United States,US,ok,34.6749926,-82.8406184,geocode_csv,1,1,True,True,delegate_list;geocode_csv;programme,"Clemson University, United States",False,,Clemson University,,,True
icrs-a-00087,CMOANA Consulting,CMOANA Consulting,French Polynesia,PF,fallback,-17.5516,-149.5585,capital_fallback,1,1,True,True,delegate_list;geocode_csv;programme,"CMOANA Consulting, French Polynesia",False,,CMOANA Consulting,,,True
icrs-a-00088,CNRS/UPVD,CNRS/UPVD,France,FR,ok,42.6820471,2.8988581,geocode_csv,1,1,True,True,delegate_list;geocode_csv;programme,"CNRS/UPVD, France",False,,CNRS/UPVD,,,True
icrs-a-00089,CNRS,CNRS,France,FR,fallback,48.8566,2.3522,capital_fallback,1,2,True,True,delegate_list;geocode_csv;programme,"CNRS, France",False,,CNRS,,,True
icrs-a-00090,CNRS,CNRS,French Polynesia,PF,fallback,-17.5516,-149.5585,capital_fallback,1,1,True,True,delegate_list;geocode_csv;programme,"CNRS, French Polynesia",False,,CNRS,,,True
icrs-a-00091,Coastal and Marine Resource Development,Coastal and Marine Resource Development,Kenya,KE,fallback,-1.2921,36.8219,capital_fallback,1,1,True,False,delegate_list;geocode_csv,"Coastal and Marine Resource Development, Kenya",False,,Coastal and Marine Resource Development,,,True
icrs-a-00092,College of Charleston,College of Charleston,United States,US,ok,32.7834441,-79.9370018,geocode_csv,1,2,True,True,delegate_list;geocode_csv;programme,"College of Charleston, United States",False,,College of Charleston,,,True
icrs-a-00093,Colorado State University,Colorado State University,United States,US,ok,40.5729432,-105.0848391,geocode_csv,1,1,True,True,delegate_list;geocode_csv;programme,"Colorado State University, United States",False,,Colorado State University,,,True
icrs-a-00094,Columbia University,Columbia University,United States,US,ok,40.8075355,-73.9625727,geocode_csv,1,1,True,True,delegate_list;geocode_csv;programme,"Columbia University, United States",False,,Columbia University,,,True
icrs-a-00095,Commonwealth Scientific and Industrial Research,Commonwealth Scientific and Industrial Research,Australia,AU,fallback,-35.2809,149.13,capital_fallback,1,3,True,True,delegate_list;geocode_csv;programme,"Commonwealth Scientific and Industrial Research, Australia",False,,Commonwealth Scientific and Industrial Research,,,True
icrs-a-00096,Connecticut College,Connecticut College,United States,US,ok,41.3797568,-72.1043429,geocode_csv,1,1,True,True,delegate_list;geocode_csv;programme,"Connecticut College, United States",False,,Connecticut College,,,True
icrs-a-00097,Conservation International,Conservation International,New Caledonia,NC,ok,-22.2658388,166.4607968,geocode_csv,1,1,True,True,delegate_list;geocode_csv;programme,"Conservation International, New Caledonia",False,,Conservation International,,,True
icrs-a-00098,Conservation International,Conservation International,Samoa,WS,ok,-13.8381329,-171.7680701,geocode_csv,1,2,True,True,delegate_list;geocode_csv;programme,"Conservation International, Samoa",False,,Conservation International,,,True
icrs-a-00099,Conservation Metrics,Conservation Metrics,United States,US,ok,36.9530536,-122.0654221,geocode_csv,1,1,True,True,delegate_list;geocode_csv;programme,"Conservation Metrics, United States",False,,Conservation Metrics,,,True
icrs-a-00100,Conservation Society of Pohnpei,Conservation Society of Pohnpei,Brazil,BR,fallback,-15.7939,-47.8828,capital_fallback,2,1,True,True,delegate_list;geocode_csv;programme,"Conservation Society of Pohnpei Micronesia (the Federated States of), Brazil; Projeto Costão Rochoso, Brazil",False,,Conservation Society of Pohnpei,,,True
icrs-a-00101,Conservation Society of Pohnpei,Conservation Society of Pohnpei,Germany,DE,fallback,52.52,13.405,capital_fallback,1,1,True,False,delegate_list;geocode_csv,"Newcastle University, Germany",False,,Conservation Society of Pohnpei,,,True
icrs-a-00102,Conservation Society of Pohnpei,Conservation Society of Pohnpei,"Micronesia, Federated States of",FM,fallback,6.9147,158.161,capital_fallback,3,2,True,True,delegate_list;display_alias;geocode_csv;programme,"Conservation Society of Pohnpei; Conservation Society of Pohnpei Micronesia (the Federated States of); Conservation Society of Pohnpei, Micronesia, Federated States of",False,,Conservation Society of Pohnpei,,,True
icrs-a-00103,Cooperative Institute for Marine and Atmospheric Research,"Cooperative Institute for Marine and Atmospheric Research, United States",United States,US,fallback,38.9072,-77.0369,capital_fallback,6,0,False,False,display_alias,"Cooperative Institute Of Marine and Atmospheric Research; Cooperative Institute Of Marine and Atmospheric Research, United States; Cooperative Institute for Marine and Atmospheric Research; Cooperative Institute for Marine and Atmospheric Research, United States; Cooperative Institute of Marine and Atmospheric Research; Cooperative Institute of Marine and Atmospheric Research, United States",False,,"Cooperative Institute for Marine and Atmospheric Research, United States",,,False
icrs-a-00104,Cooperative Institute for Marine and Atmospheric,Cooperative Institute for Marine and Atmospheric,United States,US,ok,25.7321908,-80.1637945,geocode_csv,2,6,True,True,delegate_list;geocode_csv;programme,"Cooperative Institute For Marine and Atmospheric, United States; Cooperative Institute for Marine and Atmospheric, United States",False,,Cooperative Institute for Marine and Atmospheric,,,True
icrs-a-00105,Cooperative Institute of Marine and Atmospheric,Cooperative Institute of Marine and Atmospheric,United States,US,fallback,38.9072,-77.0369,capital_fallback,2,2,True,True,delegate_list;geocode_csv;programme,"Cooperative Institute Of Marine and Atmospheric, United States; Cooperative Institute of Marine and Atmospheric, United States",False,,Cooperative Institute of Marine and Atmospheric,,,True
icrs-a-00106,Coral Guardian,Coral Guardian,France,FR,ok,45.7572412,4.8470396,geocode_csv,1,1,True,True,delegate_list;geocode_csv;programme,"Coral Guardian, France",False,,Coral Guardian,,,True
icrs-a-00107,Coral Reef Advisory Group,Coral Reef Advisory Group,American Samoa,AS,fallback,-14.2756,-170.702,capital_fallback,1,1,True,True,delegate_list;geocode_csv;programme,"Coral Reef Advisory Group, American Samoa",False,,Coral Reef Advisory Group,,,True
icrs-a-00108,Coral Reef Alliance,Coral Reef Alliance,Honduras,HN,fallback,14.0723,-87.1921,capital_fallback,1,1,True,True,delegate_list;geocode_csv;programme,"Coral Reef Alliance, Honduras",False,,Coral Reef Alliance,,,True
icrs-a-00109,Coral Reef Alliance,Coral Reef Alliance,Mexico,MX,fallback,19.4326,-99.1332,capital_fallback,1,1,True,False,delegate_list;geocode_csv,"Coral Reef Alliance, Mexico",False,,Coral Reef Alliance,,,True
icrs-a-00110,Coral Reef Alliance,Coral Reef Alliance,United States,US,ok,37.7899574,-122.400884,geocode_csv,1,1,True,True,delegate_list;geocode_csv;programme,"Coral Reef Alliance, United States",False,,Coral Reef Alliance,,,True
icrs-a-00111,Coral Reef Conservation Program,Coral Reef Conservation Program,United States,US,fallback,38.9072,-77.0369,capital_fallback,1,1,True,True,delegate_list;geocode_csv;programme,"Coral Reef Conservation Program, United States",False,,Coral Reef Conservation Program,,,True
icrs-a-00112,Coral Reef Conservation Restoration Network,Coral Reef Conservation Restoration Network,Philippines,PH,fallback,14.5995,120.9842,capital_fallback,1,1,True,True,delegate_list;geocode_csv;programme,"Coral Reef Conservation Restoration Network, Philippines",False,,Coral Reef Conservation Restoration Network,,,True
icrs-a-00113,Coral Reef Consulting,Coral Reef Consulting,American Samoa,AS,fallback,-14.2756,-170.702,capital_fallback,1,1,True,True,delegate_list;geocode_csv;programme,"Coral Reef Consulting, American Samoa",False,,Coral Reef Consulting,,,True
icrs-a-00114,Coral Reef Initiative Northern Mariana Islands,Coral Reef Initiative Northern Mariana Islands,United States,US,fallback,15.1778,145.7508,capital_fallback,4,2,True,True,delegate_list;display_alias;geocode_csv;programme,"Coral Reef Initiative Northern Mariana Islands, United States; University of Delaware, United States; University of Southern California; University of Southern California, United States",False,,Coral Reef Initiative Northern Mariana Islands,,,True
icrs-a-00115,Coral Reef Initiative,Coral Reef Initiative,Northern Mariana Islands,MP,fallback,15.1778,145.7508,capital_fallback,1,2,True,False,delegate_list;geocode_csv,"Coral Reef Initiative, Northern Mariana Islands",False,,Coral Reef Initiative,,,True
icrs-a-00116,Coral Reef Watch,Coral Reef Watch,Australia,AU,fallback,-35.2809,149.13,capital_fallback,1,1,True,True,delegate_list;geocode_csv;programme,"Coral Reef Watch, Australia",False,,Coral Reef Watch,,,True
icrs-a-00117,Coral Reef Watch,Coral Reef Watch,United States,US,fallback,38.9072,-77.0369,capital_fallback,1,2,True,True,delegate_list;geocode_csv;programme,"Coral Reef Watch, United States",False,,Coral Reef Watch,,,True
icrs-a-00118,Coral Restoration Consortium,Coral Restoration Consortium,Sint Maarten,SX,fallback,18.0237,-63.0458,capital_fallback,1,1,True,True,delegate_list;geocode_csv;programme,"Coral Restoration Consortium, Sint Maarten",False,,Coral Restoration Consortium,,,True
icrs-a-00119,Coral Restoration Consortium,Coral Restoration Consortium,United States,US,fallback,38.9072,-77.0369,capital_fallback,1,1,True,False,delegate_list;geocode_csv,"Coral Restoration Consortium, United States",False,,Coral Restoration Consortium,,,True
icrs-a-00120,Coral Restoration Foundation,Coral Restoration Foundation / Coral Restoration,United States,US,ok,24.9830785,-80.5463408,geocode_csv,2,5,True,True,delegate_list;geocode_csv;programme,"Coral Restoration Foundation / Coral Restoration, United States; Coral Restoration Foundation, United States",False,,Coral Restoration Foundation / Coral Restoration,,,True
icrs-a-00121,Coral Restoration Foundation,Coral Restoration Foundation,United States Virgin Islands,VI,fallback,18.3419,-64.9307,capital_fallback,1,1,True,True,delegate_list;geocode_csv;programme,"Coral Restoration Foundation, United States Virgin Islands",False,,Coral Restoration Foundation,,,True
icrs-a-00122,Coral soul,Coral soul,Spain,ES,fallback,40.4168,-3.7038,capital_fallback,1,0,False,True,programme,Coral soul,False,,Coral soul,,,True
icrs-a-00123,Coral Triangle Center,Coral Triangle Center,Indonesia,ID,ok,-8.7029974,115.2591332,geocode_csv,1,4,True,True,delegate_list;geocode_csv;programme,"Coral Triangle Center, Indonesia",False,,Coral Triangle Center,,,True
icrs-a-00124,Coral Vivo Institute,Coral Vivo Institute,Brazil,BR,fallback,-15.7939,-47.8828,capital_fallback,1,1,True,True,delegate_list;geocode_csv;programme,"Coral Vivo Institute, Brazil",False,,Coral Vivo Institute,,,True
icrs-a-00125,Corales De Paz,Corales De Paz,Colombia,CO,ok,3.4331807,-76.5463659,geocode_csv,1,1,True,True,delegate_list;geocode_csv;programme,"Corales De Paz, Colombia",False,,Corales De Paz,,,True
icrs-a-00126,Coralition for Concerned Polyps,Coralition for Concerned Polyps,United States,US,fallback,38.9072,-77.0369,capital_fallback,1,1,True,False,delegate_list;geocode_csv,"Coralition for Concerned Polyps, United States",False,,Coralition for Concerned Polyps,,,True
icrs-a-00127,Coralku Solutions,Coralku Solutions,Malaysia,MY,ok,5.7944933,102.9000729,geocode_csv,1,1,True,True,delegate_list;geocode_csv;programme,"Coralku Solutions, Malaysia",False,,Coralku Solutions,,,True
icrs-a-00128,Corals For Conservation,"Corals For Conservation, Fiji",Fiji,FJ,fallback,-18.1416,178.4419,capital_fallback,4,3,True,True,delegate_list;display_alias;geocode_csv;programme,"Corals For Conservation; Corals For Conservation, Fiji; Corals for Conservation; Corals for Conservation, Fiji",False,,"Corals For Conservation, Fiji",,,True
icrs-a-00129,Coralwatch,Coralwatch,Australia,AU,fallback,-35.2809,149.13,capital_fallback,1,2,True,True,delegate_list;geocode_csv;programme,"Coralwatch, Australia",False,,Coralwatch,,,True
icrs-a-00130,CORDIO East Africa,CORDIO East Africa,Kenya,KE,ok,-4.0026058,39.7277679,geocode_csv,1,2,True,True,delegate_list;geocode_csv;programme,"CORDIO East Africa, Kenya",False,,CORDIO East Africa,,,True
icrs-a-00131,Criobe Moorea,Criobe Moorea,United States,US,fallback,38.9072,-77.0369,capital_fallback,2,1,True,True,delegate_list;geocode_csv;programme,"Criobe Moorea, United States; Resource and Ecosystem Management, United States",False,,Criobe Moorea,,,True
icrs-a-00132,CRIOBE,CRIOBE,France,FR,ok,42.6807731,2.9013047,geocode_csv,1,3,True,True,delegate_list;geocode_csv;programme,"CRIOBE, France",False,,CRIOBE,,,True
icrs-a-00133,CRIOBE,CRIOBE,French Polynesia,PF,fallback,-17.5516,-149.5585,capital_fallback,1,7,True,True,delegate_list;geocode_csv;programme,"CRIOBE, French Polynesia",False,,CRIOBE,,,True
icrs-a-00134,CRIOBE,CRIOBE,Réunion,RE,fallback,-20.8823,55.4504,capital_fallback,2,1,True,True,delegate_list;display_alias;geocode_csv;programme,"CRIOBE, Reunion; CRIOBE, Réunion",False,,CRIOBE,,,True
icrs-a-00135,CSIR National Institute of India,CSIR National Institute of India,India,IN,ok,28.6184547,77.2120814,geocode_csv,1,1,True,True,delegate_list;geocode_csv;programme,"CSIR National Institute of India, India",False,,CSIR National Institute of India,,,True
icrs-a-00136,CSIR National Institute of Oceanography,CSIR National Institute of Oceanography,India,IN,ok,17.7723114,83.3751484,geocode_csv,1,4,True,True,delegate_list;geocode_csv;programme,"CSIR National Institute of Oceanography, India",False,,CSIR National Institute of Oceanography,,,True
icrs-a-00137,"CSS-INC., Under Contract to NOAA-NCCOS","CSS-INC., Under Contract to NOAA-NCCOS",United States,US,ok,40.8967819,-74.7143554,geocode_csv,2,1,True,True,delegate_list;geocode_csv;programme,"CSS-INC., Under Contract to NOAA-NCCOS; CSS-INC., Under Contract to NOAA-NCCOS, United States",False,,"CSS-INC., Under Contract to NOAA-NCCOS",,,True
icrs-a-00138,Curtin University,Curtin University,Australia,AU,ok,-32.0054649,115.8919818,geocode_csv,1,4,True,True,delegate_list;geocode_csv;programme,"Curtin University, Australia",False,,Curtin University,,,True
icrs-a-00139,Cut the Mustard Ltd.,Cut the Mustard Ltd.,New Zealand,NZ,ok,-41.2920767,174.7741007,geocode_csv,1,1,True,False,delegate_list;geocode_csv,"Cut the Mustard Ltd., New Zealand",False,,Cut the Mustard Ltd.,,,True
icrs-a-00140,"Darla White - Marine Ecological Consulting, LLC","Darla White - Marine Ecological Consulting, LLC",United States,US,fallback,38.9072,-77.0369,capital_fallback,2,1,True,True,delegate_list;geocode_csv;programme,"Darla White - Marine Ecological Consulting, LLC; Darla White - Marine Ecological Consulting, LLC, United States",False,,"Darla White - Marine Ecological Consulting, LLC",,,True
icrs-a-00141,De La Salle University,De La Salle University,Philippines,PH,ok,14.5647642,120.9931652,geocode_csv,1,1,True,True,delegate_list;geocode_csv;programme,"De La Salle University, Philippines",False,,De La Salle University,,,True
icrs-a-00142,Delta Environmental and Educational Foundation,Delta Environmental and Educational Foundation,Taiwan,TW,fallback,25.033,121.5654,capital_fallback,1,4,True,False,delegate_list;geocode_csv,"Delta Environmental and Educational Foundation, Taiwan",False,,Delta Environmental and Educational Foundation,,,True
icrs-a-00143,"Department of Biodiversity, Conservation and Attractions - Western Australia","Department of Biodiversity, Conservation and Attractions",Australia,AU,fallback,-35.2809,149.13,capital_fallback,1,1,True,True,delegate_list;geocode_csv;programme,"Department of Biodiversity, Conservation and Attractions, Australia",False,,"Department of Biodiversity, Conservation and Attractions",,,True
icrs-a-00144,Department of Environment and Natural Resources - Philippines,"Department of Environment and Natural Resources - Philippines, Philippines",Philippines,PH,fallback,14.5995,120.9842,capital_fallback,4,2,True,False,delegate_list;display_alias;geocode_csv,"Department of Environment and Natural Resources - Philippines; Department of Environment and Natural Resources - Philippines Philippines; Department of Environment and Natural Resources - Philippines Philippines, Philippines; Department of Environment and Natural Resources - Philippines, Philippines",False,,"Department of Environment and Natural Resources - Philippines, Philippines",,,True
icrs-a-00145,Department of Fisheries - Malaysia,Department of Fisheries - Malaysia,Malaysia,MY,ok,2.9145321,101.6829575,geocode_csv,1,1,True,False,delegate_list;geocode_csv,"Department of Fisheries - Malaysia, Malaysia",False,,Department of Fisheries - Malaysia,,,True
icrs-a-00146,Department of Natural and Environmental Resources of Puerto Rico (DNER),Department of Natural and Environmental Resources of Puerto Rico (DNER),Puerto Rico,PR,fallback,18.4655,-66.1057,capital_fallback,1,1,True,False,delegate_list;geocode_csv,"Department of Natural and Environmental Resources of Puerto Rico (DNER), Puerto Rico",False,,Department of Natural and Environmental Resources of Puerto Rico (DNER),,,True
icrs-a-00147,Department of Planning and Natural Resources - Virgin Islands,Department of Planning and Natural Resources - Virgin Islands,US Virgin Islands,VI,fallback,18.3419,-64.9307,capital_fallback,1,0,False,True,programme,Department of Planning and Natural Resources - Virgin Islands,False,,Department of Planning and Natural Resources - Virgin Islands,,,True
icrs-a-00148,DHI Water and Environment,DHI Water and Environment,Singapore,SG,ok,1.3122028,103.7525406,geocode_csv,1,1,True,True,delegate_list;geocode_csv;programme,"DHI Water and Environment, Singapore",False,,DHI Water and Environment,,,True
icrs-a-00149,Disaster Risk Reduction Center Universitas Indonesia,Disaster Risk Reduction Center Universitas Indonesia,Indonesia,ID,fallback,-6.2088,106.8456,capital_fallback,1,1,True,False,delegate_list;geocode_csv,"Disaster Risk Reduction Center Universitas Indonesia, Indonesia",False,,Disaster Risk Reduction Center Universitas Indonesia,,,True
icrs-a-00150,Division of Aquatic and Wildlife Resources - Guam,Division of Aquatic and Wildlife Resources - Guam,Guam,GU,fallback,13.476,144.7502,capital_fallback,1,1,True,True,delegate_list;geocode_csv;programme,"Division of Aquatic and Wildlife Resources - Guam, Guam",False,,Division of Aquatic and Wildlife Resources - Guam,,,True
icrs-a-00151,Drawaqa Marine Conservation Trust,Drawaqa Marine Conservation Trust,Fiji,FJ,ok,-17.1669588,177.1940999,geocode_csv,1,1,True,False,delegate_list;geocode_csv,"Drawaqa Marine Conservation Trust, Fiji",False,,Drawaqa Marine Conservation Trust,,,True
icrs-a-00152,Duke University,Duke University,United States,US,ok,36.0014258,-78.9382286,geocode_csv,1,1,True,True,delegate_list;geocode_csv;programme,"Duke University, United States",False,,Duke University,,,True
icrs-a-00153,Durrell Institute of Conservation and Ecology,Durrell Institute of Conservation and Ecology,United Kingdom,GB,ok,51.2972507,1.0674462,geocode_csv,1,1,True,True,delegate_list;geocode_csv;programme,"Durrell Institute of Conservation and Ecology, United Kingdom",False,,Durrell Institute of Conservation and Ecology,,,True
icrs-a-00154,Early Careers,Early Careers,United Kingdom,GB,fallback,51.5074,-0.1278,capital_fallback,1,1,True,False,delegate_list;geocode_csv,"Early Careers, United Kingdom",False,,Early Careers,,,True
icrs-a-00155,Earth and Life Institute,Earth and Life Institute,Belgium,BE,missing,,,,1,0,False,True,programme,Earth and Life Institute,True,geocode_missing,Earth and Life Institute,,,False
icrs-a-00156,Earth Observatory of Singapore,Earth Observatory of Singapore,Singapore,SG,ok,1.3466116,103.6804897,geocode_csv,1,1,True,True,delegate_list;geocode_csv;programme,"Earth Observatory of Singapore, Singapore",False,,Earth Observatory of Singapore,,,True
icrs-a-00157,Earth Sciences New Zealand,Earth Sciences New Zealand,New Zealand,NZ,fallback,-41.2865,174.7762,capital_fallback,1,3,True,True,delegate_list;geocode_csv;programme,"Earth Sciences New Zealand, New Zealand",False,,Earth Sciences New Zealand,,,True
icrs-a-00158,East Carolina University,East Carolina University,United States,US,ok,35.6068806,-77.3665364,geocode_csv,1,1,True,True,delegate_list;geocode_csv;programme,"East Carolina University, United States",False,,East Carolina University,,,True
icrs-a-00159,Eco Marine Consultants Ltd,Eco Marine Consultants Ltd,Mauritius,MU,fallback,-20.1609,57.5012,capital_fallback,1,1,True,True,delegate_list;geocode_csv;programme,"Eco Marine Consultants Ltd, Mauritius",False,,Eco Marine Consultants Ltd,,,True
icrs-a-00160,Eco-Sud,Eco-Sud,Mauritius,MU,ok,-20.4403208,57.719198,geocode_csv,1,1,True,True,delegate_list;geocode_csv;programme,"Eco-Sud, Mauritius",False,,Eco-Sud,,,True
icrs-a-00161,ECOH Corporation,ECOH Corporation,Japan,JP,ok,35.3663387,132.740791,geocode_csv,1,1,True,True,delegate_list;geocode_csv;programme,"ECOH Corporation, Japan",False,,ECOH Corporation,,,True
icrs-a-00162,Edith Cowan University,Edith Cowan University,Australia,AU,ok,-31.7522505,115.7728829,geocode_csv,1,2,True,True,delegate_list;geocode_csv;programme,"Edith Cowan University, Australia",False,,Edith Cowan University,,,True
icrs-a-00163,Ehime University,Ehime University,Japan,JP,ok,33.8526386,132.7743413,geocode_csv,1,1,True,True,delegate_list;geocode_csv;programme,"Ehime University, Japan",False,,Ehime University,,,True
icrs-a-00164,ENTROPIE,ENTROPIE,Réunion,RE,fallback,-20.8823,55.4504,capital_fallback,2,1,True,True,delegate_list;display_alias;geocode_csv;programme,"ENTROPIE, Reunion; ENTROPIE, Réunion",False,,ENTROPIE,,,True
icrs-a-00165,Envirotech-Coralz Group,Envirotech-Coralz Group,Fiji,FJ,fallback,-18.1416,178.4419,capital_fallback,1,1,True,True,delegate_list;geocode_csv;programme,"Envirotech-Coralz Group, Fiji",False,,Envirotech-Coralz Group,,,True
icrs-a-00166,EPHE-Paris PSL-CRIOBE,EPHE-Paris PSL-CRIOBE,French Polynesia,PF,ok,48.8575475,2.3513765,geocode_csv,1,1,True,True,delegate_list;geocode_csv;programme,"EPHE-Paris PSL-CRIOBE, French Polynesia",False,,EPHE-Paris PSL-CRIOBE,,,True
icrs-a-00167,Eveline Kolijn Studio,Eveline Kolijn Studio,Canada,CA,fallback,45.4215,-75.6972,capital_fallback,1,1,True,True,delegate_list;geocode_csv;programme,"Eveline Kolijn Studio, Canada",False,,Eveline Kolijn Studio,,,True
icrs-a-00168,Experience Co,Experience Co,Australia,AU,fallback,-35.2809,149.13,capital_fallback,1,1,True,True,delegate_list;geocode_csv;programme,"Experience Co, Australia",False,,Experience Co,,,True
icrs-a-00169,Experimental Marine Ecology Lab,Experimental Marine Ecology Lab,Singapore,SG,fallback,1.3521,103.8198,capital_fallback,1,1,True,True,delegate_list;geocode_csv;programme,"Experimental Marine Ecology Lab, Singapore",False,,Experimental Marine Ecology Lab,,,True
icrs-a-00170,Federal University of Paraná,"Federal University of Paraná, Brazil",Brazil,BR,ok,-25.4268323,-49.2619041,geocode_csv,3,1,True,True,delegate_list;display_alias;geocode_csv;programme,"Federal University of Parana; Federal University of Paraná; Federal University of Paraná, Brazil",False,,"Federal University of Paraná, Brazil",,,True
icrs-a-00171,Federal University of Pernambuco,Federal University of Pernambuco,Brazil,BR,ok,-8.0507245,-34.9508812,geocode_csv,1,1,True,True,delegate_list;geocode_csv;programme,"Federal University of Pernambuco, Brazil",False,,Federal University of Pernambuco,,,True
icrs-a-00172,Federal University of Santa Maria,Federal University of Santa Maria,Brazil,BR,ok,-29.7208878,-53.7147551,geocode_csv,1,2,True,True,delegate_list;geocode_csv;programme,"Federal University of Santa Maria, Brazil",False,,Federal University of Santa Maria,,,True
icrs-a-00173,Federal University of Technology - Akure,Federal University of Technology - Akure,Nigeria,NG,ok,7.307042,5.1397549,geocode_csv,1,1,True,True,delegate_list;geocode_csv;programme,"Federal University of Technology - Akure, Nigeria",False,,Federal University of Technology - Akure,,,True
icrs-a-00174,Fish-i Inc,Fish-i Inc,Philippines,PH,fallback,14.5995,120.9842,capital_fallback,1,1,True,True,delegate_list;geocode_csv;programme,"Fish-i Inc, Philippines",False,,Fish-i Inc,,,True
icrs-a-00175,Fisheries Infrastructure Development Center,Fisheries Infrastructure Development Center,Japan,JP,fallback,35.6762,139.6503,capital_fallback,1,1,True,True,delegate_list;geocode_csv;programme,"Fisheries Infrastructure Development Center, Japan",False,,Fisheries Infrastructure Development Center,,,True
icrs-a-00176,Fisheries Research Institute,Fisheries Research Institute,Taiwan,TW,fallback,25.033,121.5654,capital_fallback,1,0,False,True,programme,Fisheries Research Institute,False,,Fisheries Research Institute,,,True
icrs-a-00177,Fisheries Technology Institute,Fisheries Technology Institute,Japan,JP,fallback,35.6762,139.6503,capital_fallback,1,1,True,True,delegate_list;geocode_csv;programme,"Fisheries Technology Institute, Japan",False,,Fisheries Technology Institute,,,True
icrs-a-00178,Florida Atlantic University - Harbor Branch,Florida Atlantic University - Harbor Branch,United States,US,ok,27.534486,-80.3578591,geocode_csv,1,3,True,True,delegate_list;geocode_csv;programme,"Florida Atlantic University - Harbor Branch, United States",False,,Florida Atlantic University - Harbor Branch,,,True
icrs-a-00179,Florida Atlantic University,"Florida Atlantic University, United States",United States,US,ok,26.3737473,-80.1019023,geocode_csv,2,6,True,True,delegate_list;display_alias;geocode_csv;programme,"Florida Atlantic University; Florida Atlantic University, United States",False,,"Florida Atlantic University, United States",,,True
icrs-a-00180,Florida Fish and Wildlife Conservation Commission,Florida Fish and Wildlife Conservation Commission,United States,US,fallback,30.4383,-84.2807,capital_fallback,1,2,True,True,delegate_list;geocode_csv;programme,"Florida Fish and Wildlife Conservation Commission, United States",False,,Florida Fish and Wildlife Conservation Commission,,,True
icrs-a-00181,Florida Fish and Wildlife Research Institute,Florida Fish and Wildlife Research Institute,United States,US,ok,27.7615125,-82.6335279,geocode_csv,1,2,True,True,delegate_list;geocode_csv;programme,"Florida Fish and Wildlife Research Institute, United States",False,,Florida Fish and Wildlife Research Institute,,,True
icrs-a-00182,Florida International University,"Florida International University, United States",United States,US,ok,25.7562465,-80.3755401,geocode_csv,4,25,True,True,delegate_list;display_alias;geocode_csv;programme,"Florida International Univeristy; Florida International Univeristy, United States; Florida International University; Florida International University, United States",False,,"Florida International University, United States",,,True
icrs-a-00183,Florida Keys National Marine Sanctuary,Florida Keys National Marine Sanctuary,United States,US,ok,24.4269857,-83.1112798,geocode_csv,1,2,True,True,delegate_list;geocode_csv;programme,"Florida Keys National Marine Sanctuary, United States",False,,Florida Keys National Marine Sanctuary,,,True
icrs-a-00184,Florida Sea Grant,Florida Sea Grant,United States,US,fallback,30.4383,-84.2807,capital_fallback,1,2,True,False,delegate_list;geocode_csv,"Florida Sea Grant, United States",False,,Florida Sea Grant,,,True
icrs-a-00185,Florida State University,Florida State University,United States,US,ok,30.442087,-84.2979579,geocode_csv,1,2,True,True,delegate_list;geocode_csv;programme,"Florida State University, United States",False,,Florida State University,,,True
icrs-a-00186,Fluoresci Research,Fluoresci Research,Australia,AU,fallback,-35.2809,149.13,capital_fallback,1,1,True,True,delegate_list;geocode_csv;programme,"Fluoresci Research, Australia",False,,Fluoresci Research,,,True
icrs-a-00187,Fluvio,Fluvio,Australia,AU,fallback,-35.2809,149.13,capital_fallback,1,1,True,True,delegate_list;geocode_csv;programme,"Fluvio, Australia",False,,Fluvio,,,True
icrs-a-00188,Fondo Acción,Fondo Acción,Colombia,CO,ok,4.6193088,-74.0683181,geocode_csv,1,1,True,False,delegate_list;geocode_csv,"Fondo Acción, Colombia",False,,Fondo Acción,,,True
icrs-a-00189,Foreign Commonwealth Development Office,Foreign Commonwealth Development Office,Fiji,FJ,fallback,-18.1416,178.4419,capital_fallback,1,1,True,False,delegate_list;geocode_csv,"Foreign Commonwealth Development Office, Fiji",False,,Foreign Commonwealth Development Office,,,True
icrs-a-00190,Fundacion Puntacana,Fundacion Puntacana,Dominican Republic,DO,ok,18.2855138,-71.1842119,geocode_csv,1,1,True,True,delegate_list;geocode_csv;programme,"Fundacion Puntacana, Dominican Republic",False,,Fundacion Puntacana,,,True
icrs-a-00191,Fundación Dominicana de Estudios Marinos,"Fundación Dominicana de Estudios Marinos, Dominican Republic",Dominican Republic,DO,fallback,18.4861,-69.9312,capital_fallback,4,2,True,True,delegate_list;display_alias;geocode_csv;programme,"Fundacion Dominicana de Estudios Marinos; Fundacion Dominicana de Estudios Marinos, Dominican Republic; Fundación Dominicana de Estudios Marinos; Fundación Dominicana de Estudios Marinos, Dominican Republic",False,,"Fundación Dominicana de Estudios Marinos, Dominican Republic",,,True
icrs-a-00192,G20 Coral Research and Development Accelerator,G20 Coral Research and Development Accelerator,Saudi Arabia,SA,fallback,24.7136,46.6753,capital_fallback,1,2,True,True,delegate_list;geocode_csv;programme,"G20 Coral Research and Development Accelerator, Saudi Arabia",False,,G20 Coral Research and Development Accelerator,,,True
icrs-a-00193,General Organization for Conservation of Coral Reef in the Red Sea,"General Organization for Conservation of Coral Reef in the Red Sea, Saudi Arabia",Saudi Arabia,SA,fallback,24.7136,46.6753,capital_fallback,4,2,True,True,delegate_list;display_alias;geocode_csv;programme,"General Organization for Conservation of Coral Reef in the Red Sea; General Organization for Conservation of Coral Reef in the Red Sea, Saudi Arabia; General Organization for Conservation of Coral Reefs in the Red Sea; General Organization for Conservation of Coral Reefs in the Red Sea, Saudi Arabia",False,,"General Organization for Conservation of Coral Reef in the Red Sea, Saudi Arabia",,,True
icrs-a-00194,Geomar Helmholtz Centre for Ocean Research,Geomar Helmholtz Centre for Ocean Research,Germany,DE,ok,54.3279274,10.1796129,geocode_csv,1,1,True,True,delegate_list;geocode_csv;programme,"Geomar Helmholtz Centre for Ocean Research, Germany",False,,Geomar Helmholtz Centre for Ocean Research,,,True
icrs-a-00195,Georgia Institute of Technology,"Georgia Institute of Technology, United States",United States,US,ok,33.7783046,-84.3991657,geocode_csv,2,5,True,True,delegate_list;display_alias;geocode_csv;programme,"Georgia Institute of Technology; Georgia Institute of Technology, United States",False,,"Georgia Institute of Technology, United States",,,True
icrs-a-00196,Georgia Southern University,Georgia Southern University,United States,US,ok,32.4206845,-81.7869734,geocode_csv,1,3,True,True,delegate_list;geocode_csv;programme,"Georgia Southern University, United States",False,,Georgia Southern University,,,True
icrs-a-00197,GG Biotech Design,GG Biotech Design,Germany,DE,fallback,52.52,13.405,capital_fallback,1,1,True,True,delegate_list;geocode_csv;programme,"GG Biotech Design, Germany",False,,GG Biotech Design,,,True
icrs-a-00198,GIS and Spatial Ecology Lab,GIS and Spatial Ecology Lab,United States,US,fallback,38.9072,-77.0369,capital_fallback,1,1,True,False,delegate_list;geocode_csv,"GIS and Spatial Ecology Lab, United States",False,,GIS and Spatial Ecology Lab,,,True
icrs-a-00199,Global Discovery and Conservation Science,Global Discovery and Conservation Science,United States,US,fallback,38.9072,-77.0369,capital_fallback,1,1,True,True,delegate_list;geocode_csv;programme,"Global Discovery and Conservation Science, United States",False,,Global Discovery and Conservation Science,,,True
icrs-a-00200,Global Island Partnership,Global Island Partnership,New Zealand,NZ,fallback,-41.2865,174.7762,capital_fallback,1,1,True,True,delegate_list;geocode_csv;programme,"Global Island Partnership, New Zealand",False,,Global Island Partnership,,,True
icrs-a-00201,Global Reef,Global Reef,Thailand,TH,ok,10.0672089,99.8258651,geocode_csv,1,1,True,True,delegate_list;geocode_csv;programme,"Global Reef, Thailand",False,,Global Reef,,,True
icrs-a-00202,"Global Science and Technology, LLC","Global Science and Technology, LLC",United States,US,fallback,38.9072,-77.0369,capital_fallback,2,1,True,True,delegate_list;geocode_csv;programme,"Global Science and Technology, LLC; Global Science and Technology, LLC, United States",False,,"Global Science and Technology, LLC",,,True
icrs-a-00203,Goethe-Universität,"Goethe-Universität, Germany",Germany,DE,ok,50.1270675,8.6677635,geocode_csv,3,1,True,True,delegate_list;display_alias;geocode_csv;programme,"Goethe-Universitat; Goethe-Universität; Goethe-Universität, Germany",False,,"Goethe-Universität, Germany",,,True
icrs-a-00204,Great Barrier Reef Foundation,Great Barrier Reef Foundation,Australia,AU,ok,-27.481881,153.0208454,geocode_csv,1,5,True,True,delegate_list;geocode_csv;programme,"Great Barrier Reef Foundation, Australia",False,,Great Barrier Reef Foundation,,,True
icrs-a-00205,Great Barrier Reef Marine Park Authority,Great Barrier Reef Marine Park Authority,Australia,AU,ok,-19.2589635,146.8169483,geocode_csv,1,3,True,True,delegate_list;geocode_csv;programme,"Great Barrier Reef Marine Park Authority, Australia",False,,Great Barrier Reef Marine Park Authority,,,True
icrs-a-00206,Great Barrier Reef Safaris,Great Barrier Reef Safaris,Australia,AU,ok,-17.8646479,146.1083744,geocode_csv,1,2,True,True,delegate_list;geocode_csv;programme,"Great Barrier Reef Safaris, Australia",False,,Great Barrier Reef Safaris,,,True
icrs-a-00207,Griffith University,Griffith University,Australia,AU,ok,-27.5530181,153.0510796,geocode_csv,1,3,True,True,delegate_list;geocode_csv;programme,"Griffith University, Australia",False,,Griffith University,,,True
icrs-a-00208,Grow Reefs,Grow Reefs,United States,US,fallback,38.9072,-77.0369,capital_fallback,1,1,True,False,delegate_list;geocode_csv,"Grow Reefs, United States",False,,Grow Reefs,,,True
icrs-a-00209,Guam Coral Reef Initiative,Guam Coral Reef Initiative,Guam,GU,fallback,13.476,144.7502,capital_fallback,1,2,True,True,delegate_list;geocode_csv;programme,"Guam Coral Reef Initiative, Guam",False,,Guam Coral Reef Initiative,,,True
icrs-a-00210,Guangxi University,Guangxi University,China,CN,fallback,39.9042,116.4074,capital_fallback,1,2,True,True,delegate_list;geocode_csv;programme,"Guangxi University, China",False,,Guangxi University,,,True
icrs-a-00211,Gunggandji-mandingalbay Yidinji Peoples Prescribed,Gunggandji-mandingalbay Yidinji Peoples Prescribed,Australia,AU,fallback,-35.2809,149.13,capital_fallback,2,2,True,True,delegate_list;geocode_csv;programme,"Gunggandji-Mandingalbay Yidinji Peoples Prescribed, Australia; Gunggandji-mandingalbay Yidinji Peoples Prescribed, Australia",False,,Gunggandji-mandingalbay Yidinji Peoples Prescribed,,,True
icrs-a-00212,Hamburg University,Hamburg University,Germany,DE,ok,53.5659703,9.9849977,geocode_csv,1,1,True,True,delegate_list;geocode_csv;programme,"Hamburg University, Germany",False,,Hamburg University,,,True
icrs-a-00213,Hampton University,Hampton University,United States,US,ok,37.0298687,-76.3452218,geocode_csv,1,1,True,True,delegate_list;geocode_csv;programme,"Hampton University, United States",False,,Hampton University,,,True
icrs-a-00214,Harbor Branch Oceanographic Institute,Harbor Branch Oceanographic Institute,United States,US,ok,27.5340658,-80.355442,geocode_csv,1,1,True,True,delegate_list;geocode_csv;programme,"Harbor Branch Oceanographic Institute, United States",False,,Harbor Branch Oceanographic Institute,,,True
icrs-a-00215,Harvey Mudd College,Harvey Mudd College,United States,US,ok,34.1060906,-117.7086431,geocode_csv,1,1,True,True,delegate_list;geocode_csv;programme,"Harvey Mudd College, United States",False,,Harvey Mudd College,,,True
icrs-a-00216,Hasanuddin University,Hasanuddin University,Indonesia,ID,ok,-5.1341871,119.4880786,geocode_csv,1,1,True,True,delegate_list;geocode_csv;programme,"Hasanuddin University, Indonesia",False,,Hasanuddin University,,,True
icrs-a-00217,Hawai'i Cooperative Fishery Research Unit,Hawai'i Cooperative Fishery Research Unit,United States,US,fallback,21.3069,-157.8583,capital_fallback,1,1,True,False,delegate_list;geocode_csv,"Hawai'i Cooperative Fishery Research Unit, United States",False,,Hawai'i Cooperative Fishery Research Unit,,,True
icrs-a-00218,Hawai'i Pacific University,Hawai'i Pacific University,United States,US,ok,21.3066648,-157.8653303,geocode_csv,1,2,True,True,delegate_list;geocode_csv;programme,"Hawai'i Pacific University, United States",False,,Hawai'i Pacific University,,,True
icrs-a-00219,Hawai'i State Department of Land and Natural,Hawai'i State Department of Land and Natural,United States,US,fallback,21.3069,-157.8583,capital_fallback,1,1,True,True,delegate_list;geocode_csv;programme,"Hawai'i State Department of Land and Natural, United States",False,,Hawai'i State Department of Land and Natural,,,True
icrs-a-00220,Hawaiʻi Division of Aquatic Resources,"Hawaiʻi Division of Aquatic Resources, United States",United States,US,fallback,21.3069,-157.8583,capital_fallback,11,10,True,True,delegate_list;display_alias;geocode_csv;programme,"Division of Aquatic Resources - Hawai'i; Division of Aquatic Resources - Hawai'i, United States; Division of Aquatic Resources - Kauai; Division of Aquatic Resources - Kauaʻi; Division of Aquatic Resources - Kauaʻi, United States; Hawai'i Division of Aquatic Resources; Hawai'i Division of Aquatic Resources, United States; Hawaii Division of Aquatic Resources; Hawaii Division of Aquatic Resources, United States; Hawaiʻi Division of Aquatic Resources; Hawaiʻi Division of Aquatic Resources, United States",False,,"Hawaiʻi Division of Aquatic Resources, United States",,,True
icrs-a-00221,Hawaiʻi Institute of Marine Biology,"Hawaiʻi Institute of Marine Biology, United States",United States,US,fallback,21.3069,-157.8583,capital_fallback,11,13,True,True,delegate_list;display_alias;geocode_csv;programme,"Hawai'i Institute of Marine Biology; Hawai'i Institute of Marine Biology, United States; Hawaii Institute of Marine Biology; Hawaii institute of Marine Biology; Hawaii institute of Marine Biology, United States; Hawaiʻi Institute of Marine Biology; Hawaiʻi Institute of Marine Biology, United States; Hawaiʻi institute of Marine Biology; Hawaiʻi institute of Marine Biology, United States; Hawai‘i Institute of Marine Biology; Hawai‘i Institute of Marine Biology, United States",False,,"Hawaiʻi Institute of Marine Biology, United States",,,True
icrs-a-00222,Healthy Reefs for Healthy People,Healthy Reefs for Healthy People,United States,US,fallback,38.9072,-77.0369,capital_fallback,1,1,True,True,delegate_list;geocode_csv;programme,"Healthy Reefs for Healthy People, United States",False,,Healthy Reefs for Healthy People,,,True
icrs-a-00223,Helmholtz Institute for Functional Marine Biodiversity,"Helmholtz Institute for Functional Marine Biodiversity, Germany",Germany,DE,ok,53.1539129,8.1753942,geocode_csv,2,7,True,True,delegate_list;display_alias;geocode_csv;programme,"Helmholtz Institute for Functional Marine Biodiversity; Helmholtz Institute for Functional Marine Biodiversity, Germany",False,,"Helmholtz Institute for Functional Marine Biodiversity, Germany",,,True
icrs-a-00224,HI-LEX CORPORATION,HI-LEX CORPORATION,Japan,JP,ok,34.9295845,135.1634461,geocode_csv,1,1,True,True,delegate_list;geocode_csv;programme,"HI-LEX CORPORATION, Japan",False,,HI-LEX CORPORATION,,,True
icrs-a-00225,Hiroshima University,Hiroshima University,Japan,JP,ok,34.3991292,132.7140406,geocode_csv,1,1,True,True,delegate_list;geocode_csv;programme,"Hiroshima University, Japan",False,,Hiroshima University,,,True
icrs-a-00226,Hong Kong Polytechnic University,Hong Kong Polytechnic University,Hong Kong,HK,ok,22.3045633,114.1795767,geocode_csv,1,1,True,True,delegate_list;geocode_csv;programme,"Hong Kong Polytechnic University, Hong Kong",False,,Hong Kong Polytechnic University,,,True
icrs-a-00227,Hong Kong University of Science and Technology,"Hong Kong University of Science and Technology, Hong Kong",China,CN,fallback,39.9042,116.4074,capital_fallback,1,1,True,False,delegate_list;geocode_csv,"Hong Kong University of Science and Technology, China",False,,"Hong Kong University of Science and Technology, Hong Kong",,,True
icrs-a-00228,Hong Kong University of Science and Technology,"Hong Kong University of Science and Technology, Hong Kong",Hong Kong,HK,ok,22.3374847,114.2633989,geocode_csv,5,9,True,True,delegate_list;display_alias;geocode_csv;programme,"Hong Kong University of Science and Technology; Hong Kong University of Science and Technology, China; Hong Kong University of Science and Technology, Hong Kong; Hong Kong University of Science and Techonology; Hong Kong University of Science and Techonology, Hong Kong",False,,"Hong Kong University of Science and Technology, Hong Kong",,,True
icrs-a-00229,Hopkins Marine Station of Stanford University,Hopkins Marine Station of Stanford University,United States,US,fallback,38.9072,-77.0369,capital_fallback,1,1,True,True,delegate_list;geocode_csv;programme,"Hopkins Marine Station of Stanford University, United States",False,,Hopkins Marine Station of Stanford University,,,True
icrs-a-00230,Horniman Museum and Gardens,Horniman Museum and Gardens,United Kingdom,GB,ok,51.4419283,-0.0619967,geocode_csv,1,1,True,True,delegate_list;geocode_csv;programme,"Horniman Museum and Gardens, United Kingdom",False,,Horniman Museum and Gardens,,,True
icrs-a-00231,"Hoʻāla Kealakekua Nui, Inc.","Hoʻāla Kealakekua Nui, Inc., United States",United States,US,ok,19.5181493,-155.9206778,geocode_csv,3,2,True,True,delegate_list;display_alias;geocode_csv;programme,"Hoala Kealakekua Nui, Inc.; Hoʻāla Kealakekua Nui, Inc.; Hoʻāla Kealakekua Nui, Inc., United States",False,,"Hoʻāla Kealakekua Nui, Inc., United States",,,True
icrs-a-00232,I.CARE,I.CARE,United States,US,fallback,38.9072,-77.0369,capital_fallback,1,2,True,True,delegate_list;geocode_csv;programme,"I.CARE, United States",False,,I.CARE,,,True
icrs-a-00233,IATS/CSIC,IATS/CSIC,Spain,ES,fallback,40.4168,-3.7038,capital_fallback,1,1,True,True,delegate_list;geocode_csv;programme,"IATS/CSIC, Spain",False,,IATS/CSIC,,,True
icrs-a-00234,ICML/UNAM,ICML/UNAM,Mexico,MX,ok,19.3289134,-99.1788894,geocode_csv,1,1,True,True,delegate_list;geocode_csv;programme,"ICML/UNAM, Mexico",False,,ICML/UNAM,,,True
icrs-a-00235,Ifremer,Ifremer,New Caledonia,NC,fallback,-22.2558,166.4505,capital_fallback,1,1,True,True,delegate_list;geocode_csv;programme,"Ifremer, New Caledonia",False,,Ifremer,,,True
icrs-a-00236,IHPE,"IHPE, France",France,FR,fallback,48.8566,2.3522,capital_fallback,2,5,True,True,delegate_list;display_alias;geocode_csv;programme,"IHPE; IHPE, France",False,,"IHPE, France",,,True
icrs-a-00237,Imperial College London,Imperial College London,United Kingdom,GB,ok,51.4988222,-0.1748735,geocode_csv,1,2,True,True,delegate_list;geocode_csv;programme,"Imperial College London, United Kingdom",False,,Imperial College London,,,True
icrs-a-00238,Independent Consultant/Researcher,Independent Consultant/Researcher,Colombia,CO,fallback,4.711,-74.0721,capital_fallback,1,1,True,True,delegate_list;geocode_csv;programme,"Independent Consultant/Researcher, Colombia",False,,Independent Consultant/Researcher,,,True
icrs-a-00239,Independent Scientist,Independent Scientist,Australia,AU,fallback,-35.2809,149.13,capital_fallback,1,1,True,True,delegate_list;geocode_csv;programme,"Independent Scientist, Australia",False,,Independent Scientist,,,True
icrs-a-00240,Indiana University,Indiana University,United States,US,fallback,39.7684,-86.1581,capital_fallback,1,1,True,False,delegate_list;geocode_csv,"Indiana University, United States",False,,Indiana University,,,True
icrs-a-00241,Individual,Individual,New Zealand,NZ,fallback,-41.2865,174.7762,capital_fallback,1,1,True,True,delegate_list;geocode_csv;programme,"Individual, New Zealand",False,,Individual,,,True
icrs-a-00242,Indo Ocean Foundation,Indo Ocean Foundation,Indonesia,ID,fallback,-6.2088,106.8456,capital_fallback,1,1,True,True,delegate_list;geocode_csv;programme,"Indo Ocean Foundation, Indonesia",False,,Indo Ocean Foundation,,,True
icrs-a-00243,Indonesian Librarian Association of South Sulawesi,Indonesian Librarian Association of South Sulawesi,Indonesia,ID,fallback,-6.2088,106.8456,capital_fallback,1,0,False,True,programme,Indonesian Librarian Association of South Sulawesi,False,,Indonesian Librarian Association of South Sulawesi,,,True
icrs-a-00244,Inland Ocean Coalition,Inland Ocean Coalition,United States,US,fallback,38.9072,-77.0369,capital_fallback,1,1,True,False,delegate_list;geocode_csv,"Inland Ocean Coalition, United States",False,,Inland Ocean Coalition,,,True
icrs-a-00245,Institut de Recherche pour le Développement/Université de Bretagne Occidentale,"Institut de Recherche pour le Développement/Université de Bretagne Occidentale, France",France,FR,fallback,48.8566,2.3522,capital_fallback,3,0,False,False,display_alias,"Institut de Recherche pour le Developpement/Universite de Bretagne Occidentale; Institut de Recherche pour le Développement/Université de Bretagne Occidentale; Institut de Recherche pour le Développement/Université de Bretagne Occidentale, France",False,,"Institut de Recherche pour le Développement/Université de Bretagne Occidentale, France",,,False
icrs-a-00246,Institut de recherche pour le Développement,Institut de recherche pour le Développement,France,FR,fallback,48.8566,2.3522,capital_fallback,1,1,True,True,delegate_list;geocode_csv;programme,"Institut de recherche pour le Développement, France",False,,Institut de recherche pour le Développement,,,True
icrs-a-00247,Institut de recherche pour le Développement,Institut de recherche pour le Développement,New Caledonia,NC,ok,-22.3018746,166.4442774,geocode_csv,2,2,True,True,delegate_list;geocode_csv;programme,"Institut de Recherche pour le Développement, New Caledonia; Institut de recherche pour le Développement, New Caledonia",False,,Institut de recherche pour le Développement,,,True
icrs-a-00248,Institut Halieutique et des Sciences Marines,Institut Halieutique et des Sciences Marines,Madagascar,MG,ok,-23.3681539,43.6733576,geocode_csv,2,2,True,True,delegate_list;geocode_csv;programme,"Institut Halieutique et des Sciences Marines, Madagascar; Institut Halieutique et des Sciences Marines/University, Madagascar",False,,Institut Halieutique et des Sciences Marines,,,True
icrs-a-00249,Institut Teknologi Bandung,Institut Teknologi Bandung,Indonesia,ID,ok,-6.8903617,107.6101912,geocode_csv,1,1,True,True,delegate_list;geocode_csv;programme,"Institut Teknologi Bandung, Indonesia",False,,Institut Teknologi Bandung,,,True
icrs-a-00250,Institute for Research and Development,Institute for Research and Development,Mayotte,YT,fallback,-12.7806,45.2278,capital_fallback,1,1,True,True,delegate_list;geocode_csv;programme,"Institute for Research and Development, Mayotte",False,,Institute for Research and Development,,,True
icrs-a-00251,Institute for Systems Biology,Institute for Systems Biology,United States,US,ok,47.6226441,-122.337512,geocode_csv,1,1,True,True,delegate_list;geocode_csv;programme,"Institute for Systems Biology, United States",False,,Institute for Systems Biology,,,True
icrs-a-00252,Institute of Fisheries Science,Institute of Fisheries Science,Taiwan,TW,fallback,25.033,121.5654,capital_fallback,1,1,True,True,delegate_list;geocode_csv;programme,"Institute of Fisheries Science, Taiwan",False,,Institute of Fisheries Science,,,True
icrs-a-00253,Institute of Marine and Antarctic Studies,Institute of Marine and Antarctic Studies,Australia,AU,ok,-42.8861888,147.3353521,geocode_csv,1,1,True,True,delegate_list;geocode_csv;programme,"Institute of Marine and Antarctic Studies, Australia",False,,Institute of Marine and Antarctic Studies,,,True
icrs-a-00254,Institute of Paleobiology,Institute of Paleobiology,Poland,PL,ok,52.2284045,20.9934255,geocode_csv,1,1,True,True,delegate_list;geocode_csv;programme,"Institute of Paleobiology, Poland",False,,Institute of Paleobiology,,,True
icrs-a-00255,Institute of Science - Tokyo,Institute of Science - Tokyo,Japan,JP,ok,35.6059021,139.6835601,geocode_csv,1,2,True,True,delegate_list;geocode_csv;programme,"Institute of Science - Tokyo, Japan",False,,Institute of Science - Tokyo,,,True
icrs-a-00256,Institute of Zoology,Institute of Zoology,United Kingdom,GB,ok,51.5351446,-0.1580143,geocode_csv,1,1,True,True,delegate_list;geocode_csv;programme,"Institute of Zoology, United Kingdom",False,,Institute of Zoology,,,True
icrs-a-00257,Instituto de Estudos do Mar Almirante Paulo Moreira,Instituto de Estudos do Mar Almirante Paulo Moreira,Brazil,BR,fallback,-15.7939,-47.8828,capital_fallback,1,2,True,True,delegate_list;geocode_csv;programme,"Instituto de Estudos do Mar Almirante Paulo Moreira, Brazil",False,,Instituto de Estudos do Mar Almirante Paulo Moreira,,,True
icrs-a-00258,Instituto de Zoología y Ecología Tropical,Instituto de Zoología y Ecología Tropical,"Venezuela, Bolivarian Republic of",VE,fallback,10.4806,-66.9036,capital_fallback,3,1,True,True,delegate_list;display_alias;geocode_csv;programme,"Instituto de Zoologia y Ecologia Tropical; Instituto de Zoología y Ecología Tropical; Instituto de Zoología y Ecología Tropical, Venezuela, Bolivarian Republic of",False,,Instituto de Zoología y Ecología Tropical,,,True
icrs-a-00259,Instituto Politecnico Nacional,Instituto Politecnico Nacional,Mexico,MX,ok,19.501738,-99.1401352,geocode_csv,1,1,True,True,delegate_list;geocode_csv;programme,"Instituto Politecnico Nacional, Mexico",False,,Instituto Politecnico Nacional,,,True
icrs-a-00260,Instituto Recifes Costeiros,Instituto Recifes Costeiros,Brazil,BR,ok,-8.7601598,-35.1012707,geocode_csv,1,1,True,True,delegate_list;geocode_csv;programme,"Instituto Recifes Costeiros, Brazil",False,,Instituto Recifes Costeiros,,,True
icrs-a-00261,Instituto Superior Técnico,"Instituto Superior Técnico, Portugal",Portugal,PT,ok,38.7368192,-9.138705,geocode_csv,3,1,True,True,delegate_list;display_alias;geocode_csv;programme,"Instituto Superior Tecnico; Instituto Superior Técnico; Instituto Superior Técnico, Portugal",False,,"Instituto Superior Técnico, Portugal",,,True
icrs-a-00262,Instituto Tecnológico de Bahía de Banderas,"Instituto Tecnológico de Bahía de Banderas, Mexico",Mexico,MX,ok,20.7645779,-105.3711023,geocode_csv,3,2,True,True,delegate_list;display_alias;geocode_csv;programme,"Instituto Tecnologico de Bahia de Banderas; Instituto Tecnológico de Bahía de Banderas; Instituto Tecnológico de Bahía de Banderas, Mexico",False,,"Instituto Tecnológico de Bahía de Banderas, Mexico",,,True
icrs-a-00263,International Coral Reef Society,International Coral Reef Society,United States,US,fallback,38.9072,-77.0369,capital_fallback,1,1,True,False,delegate_list;geocode_csv,"International Coral Reef Society, United States",False,,International Coral Reef Society,,,True
icrs-a-00264,International Islamic University Malaysia,International Islamic University Malaysia,Malaysia,MY,ok,3.2503254,101.7345347,geocode_csv,1,2,True,True,delegate_list;geocode_csv;programme,"International Islamic University Malaysia, Malaysia",False,,International Islamic University Malaysia,,,True
icrs-a-00265,IPB University,IPB University,Indonesia,ID,ok,-6.5552739,106.7229062,geocode_csv,1,1,True,True,delegate_list;geocode_csv;programme,"IPB University, Indonesia",False,,IPB University,,,True
icrs-a-00266,Iranian National Institute for Oceanography and Atmospheric Science,Iranian National Institute for Oceanography and Atmospheric Science,Iran,IR,missing,,,,1,0,False,True,programme,Iranian National Institute for Oceanography and Atmospheric Science,True,geocode_missing,Iranian National Institute for Oceanography and Atmospheric Science,,,False
icrs-a-00267,Island Conservation,Island Conservation,United States,US,fallback,38.9072,-77.0369,capital_fallback,1,1,True,True,delegate_list;geocode_csv;programme,"Island Conservation, United States",False,,Island Conservation,,,True
icrs-a-00268,Israel Oceanographic and Limnological Research,Israel Oceanographic and Limnological Research,Israel,IL,ok,32.8260582,34.9566967,geocode_csv,1,1,True,True,delegate_list;geocode_csv;programme,"Israel Oceanographic and Limnological Research, Israel",False,,Israel Oceanographic and Limnological Research,,,True
icrs-a-00269,Istituto Italiano Di Tecnologia,Istituto Italiano Di Tecnologia,Italy,IT,ok,44.4749312,8.9064299,geocode_csv,1,1,True,True,delegate_list;geocode_csv;programme,"Istituto Italiano Di Tecnologia, Italy",False,,Istituto Italiano Di Tecnologia,,,True
icrs-a-00270,James Cook University,James Cook University,Australia,AU,ok,-19.3254243,146.7597646,geocode_csv,2,46,True,True,delegate_list;geocode_csv;programme,"C2o Consulting And James Cook University, Australia; James Cook University, Australia",False,,James Cook University,,,True
icrs-a-00271,James Cook University,James Cook University,Philippines,PH,fallback,14.5995,120.9842,capital_fallback,1,1,True,False,delegate_list;geocode_csv,"James Cook University, Philippines",False,,James Cook University,,,True
icrs-a-00272,James Cook University,James Cook University,Tonga,TO,fallback,-21.1393,-175.2049,capital_fallback,1,1,True,False,delegate_list;geocode_csv,"James Cook University, Tonga",False,,James Cook University,,,True
icrs-a-00273,James Cook University,James Cook University,United States,US,fallback,38.9072,-77.0369,capital_fallback,1,1,True,True,delegate_list;geocode_csv;programme,"James Cook University, United States",False,,James Cook University,,,True
icrs-a-00274,John G. Shedd Aquarium,John G. Shedd Aquarium,United States,US,ok,41.8675726,-87.614038,geocode_csv,1,1,True,True,delegate_list;geocode_csv;programme,"John G. Shedd Aquarium, United States",False,,John G. Shedd Aquarium,,,True
icrs-a-00275,Johnston Applied Marine Sciences Northern Mariana Islands,Johnston Applied Marine Sciences Northern Mariana Islands,United States,US,fallback,15.1778,145.7508,capital_fallback,1,1,False,True,programme,"Johnston Applied Marine Sciences Northern Mariana Islands, United States",False,,Johnston Applied Marine Sciences Northern Mariana Islands,,,True
icrs-a-00276,Johnston Applied Marine Sciences/University of Amsterdam,Johnston Applied Marine Sciences/University of Amsterdam,Northern Mariana Islands,MP,fallback,15.1778,145.7508,capital_fallback,1,1,True,True,delegate_list;geocode_csv;programme,"Johnston Applied Marine Sciences/University of Amsterdam, Northern Mariana Islands",False,,Johnston Applied Marine Sciences/University of Amsterdam,,,True
icrs-a-00277,Johnston Applied Marine Sciences/University of Northern Mariana Amsterdam Islands,Johnston Applied Marine Sciences/University of Northern Mariana Amsterdam Islands,United States,US,fallback,38.9072,-77.0369,capital_fallback,1,1,False,True,programme,"Johnston Applied Marine Sciences/University of Northern Mariana Amsterdam Islands, United States",False,,Johnston Applied Marine Sciences/University of Northern Mariana Amsterdam Islands,,,True
icrs-a-00278,Johnston Applied Marine Sciences,Johnston Applied Marine Sciences,Northern Mariana Islands,MP,ok,15.2227121,145.7461056,geocode_csv,1,3,True,True,delegate_list;geocode_csv;programme,"Johnston Applied Marine Sciences, Northern Mariana Islands",False,,Johnston Applied Marine Sciences,,,True
icrs-a-00279,Johnston Applied Marine Sciences,Johnston Applied Marine Sciences,United States,US,fallback,38.9072,-77.0369,capital_fallback,1,1,True,False,delegate_list;geocode_csv,"Johnston Applied Marine Sciences, United States",False,,Johnston Applied Marine Sciences,,,True
icrs-a-00280,Joseph Nekaifes Johnston Applied Marine Sciences Northern Mariana Islands,Joseph Nekaifes Johnston Applied Marine Sciences Northern Mariana Islands,United States,US,fallback,15.1778,145.7508,capital_fallback,1,1,True,False,delegate_list;geocode_csv,"State of Hawai'i, United States",False,,Joseph Nekaifes Johnston Applied Marine Sciences Northern Mariana Islands,,,True
icrs-a-00281,Justus Liebig University Giessen,Justus Liebig University Giessen,Germany,DE,ok,50.5804674,8.6771403,geocode_csv,1,2,True,True,delegate_list;geocode_csv;programme,"Justus Liebig University Giessen, Germany",False,,Justus Liebig University Giessen,,,True
icrs-a-00282,Kagoshima University,Kagoshima University,Japan,JP,ok,31.5699425,130.5442848,geocode_csv,1,1,True,True,delegate_list;geocode_csv;programme,"Kagoshima University, Japan",False,,Kagoshima University,,,True
icrs-a-00283,Kalanihale,Kalanihale,United States,US,fallback,38.9072,-77.0369,capital_fallback,1,2,True,True,delegate_list;geocode_csv;programme,"Kalanihale, United States",False,,Kalanihale,,,True
icrs-a-00284,Kanaloa,Kanaloa,United Kingdom,GB,fallback,51.5074,-0.1278,capital_fallback,1,1,True,False,delegate_list;geocode_csv,"Kanaloa, United Kingdom",False,,Kanaloa,,,True
icrs-a-00285,Kansai University,Kansai University,Japan,JP,ok,34.7732731,135.5107369,geocode_csv,1,1,True,True,delegate_list;geocode_csv;programme,"Kansai University, Japan",False,,Kansai University,,,True
icrs-a-00286,Karolinska Institute,Karolinska Institute,Sweden,SE,ok,59.3485413,18.0275982,geocode_csv,1,1,True,True,delegate_list;geocode_csv;programme,"Karolinska Institute, Sweden",False,,Karolinska Institute,,,True
icrs-a-00287,KAUST & Harvard T.H. Chan School of Public Health,KAUST  & Harvard T.H. Chan School of Public Health,Saudi Arabia,SA,fallback,24.7136,46.6753,capital_fallback,1,0,False,True,programme,KAUST  & Harvard T.H. Chan School of Public Health,False,,KAUST,Harvard T.H. Chan School of Public Health,icrs-a-00290,False
icrs-a-00288,KAUST,KAUST & Harvard T.H. Chan School of Public Health,Saudi Arabia,SA,ok,22.313251,39.1094336,geocode_csv,2,0,True,False,delegate_list;geocode_csv,"KAUST & Harvard T.H. Chan School of Public Health, Saudi Arabia; KAUST, Saudi Arabia",False,,KAUST,Harvard T.H. Chan School of Public Health,icrs-a-00290,False
icrs-a-00289,KAUST Coral Restoration Initiative,KAUST Coral Restoration Initiative,Saudi Arabia,SA,ok,22.309465,39.104697,geocode_csv,1,1,True,True,delegate_list;geocode_csv;programme,"KAUST Coral Restoration Initiative, Saudi Arabia",False,,KAUST Coral Restoration Initiative,,,True
icrs-a-00290,KAUST,KAUST,Saudi Arabia,SA,ok,22.313251,39.1094336,geocode_csv,4,58,True,True,delegate_list;display_alias;geocode_csv;programme,"KAUST; KAUST, Saudi Arabia; King Abdullah University of Science and Technology; King Abdullah University of Science and Technology, Saudi Arabia",False,,KAUST,Harvard T.H. Chan School of Public Health,,True
icrs-a-00291,KAUST,KAUST,Thailand,TH,fallback,13.7563,100.5018,capital_fallback,1,1,False,True,programme,"KAUST, Thailand",False,,KAUST,,,True
icrs-a-00292,Kikai Institute for Coral Reef Science,Kikai Institute for Coral Reef Science,Thailand,TH,fallback,13.7563,100.5018,capital_fallback,1,1,True,True,delegate_list;geocode_csv;programme,"Kikai Institute for Coral Reef Science, Thailand",False,,Kikai Institute for Coral Reef Science,,,True
icrs-a-00293,KIOST (korea Institute Of Ocean Science & Technology),KIOST (korea Institute Of Ocean Science & Technology),South Korea,KR,ok,35.075769,129.07871,geocode_csv,1,1,True,False,delegate_list;geocode_csv,"KIOST (korea Institute Of Ocean Science & Technology), South Korea",False,,KIOST (korea Institute Of Ocean Science & Technology),,,True
icrs-a-00294,KIOST South Korea,KIOST South Korea,Australia,AU,fallback,-35.2809,149.13,capital_fallback,1,1,False,True,programme,"KIOST South Korea, Australia",False,,KIOST South Korea,,,True
icrs-a-00295,KIOST South Korea,KIOST South Korea,Mauritius,MU,fallback,-20.1609,57.5012,capital_fallback,2,1,True,True,delegate_list;geocode_csv;programme,"KIOST South Korea, Mauritius; United Nations Development Programme - Mauritius & Seychelles, Mauritius",False,,KIOST South Korea,,,True
icrs-a-00296,KIOST South Korea,KIOST South Korea,New Zealand,NZ,fallback,-41.2865,174.7762,capital_fallback,2,1,True,True,delegate_list;geocode_csv;programme,"KIOST South Korea, New Zealand; Leibniz Centre for Tropical Marine Research, New Zealand",False,,KIOST South Korea,,,True
icrs-a-00297,KIOST South Korea,KIOST South Korea,United States,US,fallback,38.9072,-77.0369,capital_fallback,4,3,True,True,delegate_list;display_alias;geocode_csv;programme,"KIOST South Korea, United States; Texas A&M University, United States; University of Alabama; University of Alabama, United States",False,,KIOST South Korea,,,True
icrs-a-00298,KIOST,KIOST,South Korea,KR,ok,35.075769,129.07871,geocode_csv,1,9,True,True,delegate_list;geocode_csv;programme,"KIOST, South Korea",False,,KIOST,,,True
icrs-a-00299,Kipuka Olowalu,Kipuka Olowalu,United States,US,ok,20.811411,-156.6225893,geocode_csv,1,1,True,True,delegate_list;geocode_csv;programme,"Kipuka Olowalu, United States",False,,Kipuka Olowalu,,,True
icrs-a-00300,Kitasato University,Kitasato University,Japan,JP,ok,35.6447768,139.7256298,geocode_csv,1,2,True,True,delegate_list;geocode_csv;programme,"Kitasato University, Japan",False,,Kitasato University,,,True
icrs-a-00301,Kochi University,Kochi University,Japan,JP,ok,33.5490378,133.4867352,geocode_csv,1,1,True,True,delegate_list;geocode_csv;programme,"Kochi University, Japan",False,,Kochi University,,,True
icrs-a-00302,"Kokusai Kogyo Co., Ltd.","Kokusai Kogyo Co., Ltd.",Japan,JP,fallback,35.6762,139.6503,capital_fallback,2,2,True,True,delegate_list;geocode_csv;programme,"Kokusai Kogyo Co., Ltd.; Kokusai Kogyo Co., Ltd., Japan",False,,"Kokusai Kogyo Co., Ltd.",,,True
icrs-a-00303,Konservasi Indonesia,Konservasi Indonesia,Indonesia,ID,fallback,-6.2088,106.8456,capital_fallback,1,2,True,True,delegate_list;geocode_csv;programme,"Konservasi Indonesia, Indonesia",False,,Konservasi Indonesia,,,True
icrs-a-00304,Koraï and IH.SM,"Koraï and IH.SM, Madagascar",Madagascar,MG,fallback,-18.8792,47.5079,capital_fallback,3,1,True,True,delegate_list;display_alias;geocode_csv;programme,"Korai and IH.SM; Koraï and IH.SM; Koraï and IH.SM, Madagascar",False,,"Koraï and IH.SM, Madagascar",,,True
icrs-a-00305,Kuaʻāina Ulu ʻAuamo,"Kuaʻāina Ulu ʻAuamo, United States",United States,US,fallback,38.9072,-77.0369,capital_fallback,3,2,True,True,delegate_list;display_alias;geocode_csv;programme,"Kuaaina Ulu Auamo; Kuaʻāina Ulu ʻAuamo; Kuaʻāina Ulu ʻAuamo, United States",False,,"Kuaʻāina Ulu ʻAuamo, United States",,,True
icrs-a-00306,Kuleana Coral Restoration,Kuleana Coral Restoration,United States,US,fallback,38.9072,-77.0369,capital_fallback,1,1,True,False,delegate_list;geocode_csv,"Kuleana Coral Restoration, United States",False,,Kuleana Coral Restoration,,,True
icrs-a-00307,KUPA - Ho’āla Kealakekua Nui,"KUPA - Ho’āla Kealakekua Nui, United States",United States,US,ok,19.5181493,-155.9206778,geocode_csv,3,1,True,False,delegate_list;display_alias;geocode_csv,"KUPA - Hoala Kealakekua Nui; KUPA - Ho’āla Kealakekua Nui; KUPA - Ho’āla Kealakekua Nui, United States",False,,"KUPA - Ho’āla Kealakekua Nui, United States",,,True
icrs-a-00308,Kyushu University,Kyushu University,Japan,JP,ok,33.6227811,130.4253262,geocode_csv,1,2,True,True,delegate_list;geocode_csv;programme,"Kyushu University, Japan",False,,Kyushu University,,,True
icrs-a-00309,Kōrero O Te 'Ōrau,"Kōrero O Te 'Ōrau, Cook Islands",Cook Islands,CK,fallback,-21.207,-159.7716,capital_fallback,3,1,True,False,delegate_list;display_alias;geocode_csv,"Korero O Te 'Orau; Kōrero O Te 'Ōrau; Kōrero O Te 'Ōrau, Cook Islands",False,,"Kōrero O Te 'Ōrau, Cook Islands",,,True
icrs-a-00310,Lancaster University,"Lancaster University, United Kingdom",United Kingdom,GB,ok,54.0104286,-2.7864467,geocode_csv,2,6,True,True,delegate_list;display_alias;geocode_csv;programme,"Lancaster University; Lancaster University, United Kingdom",False,,"Lancaster University, United Kingdom",,,True
icrs-a-00311,Land and Sea Advisory,Land and Sea Advisory,Australia,AU,fallback,-35.2809,149.13,capital_fallback,1,1,True,False,delegate_list;geocode_csv,"Land and Sea Advisory, Australia",False,,Land and Sea Advisory,,,True
icrs-a-00312,Leibniz Centre for Tropical Marine Research,"Leibniz Centre for Tropical Marine Research, Germany",Germany,DE,ok,53.1078275,8.84592,geocode_csv,2,5,True,True,delegate_list;display_alias;geocode_csv;programme,"Leibniz Centre for Tropical Marine Research; Leibniz Centre for Tropical Marine Research, Germany",False,,"Leibniz Centre for Tropical Marine Research, Germany",,,True
icrs-a-00313,Leibniz Institute of Plant Biochemistry,Leibniz Institute of Plant Biochemistry,Germany,DE,ok,51.4958874,11.9438817,geocode_csv,1,1,True,True,delegate_list;geocode_csv;programme,"Leibniz Institute of Plant Biochemistry, Germany",False,,Leibniz Institute of Plant Biochemistry,,,True
icrs-a-00314,Lingnan University,Lingnan University,Hong Kong,HK,ok,22.4109705,113.9830974,geocode_csv,1,2,True,True,delegate_list;geocode_csv;programme,"Lingnan University, Hong Kong",False,,Lingnan University,,,True
icrs-a-00315,Lingnan University,Lingnan University,United States,US,fallback,38.9072,-77.0369,capital_fallback,1,1,True,True,delegate_list;geocode_csv;programme,"Lingnan University, United States",False,,Lingnan University,,,True
icrs-a-00316,LMMA Network,LMMA Network,Fiji,FJ,fallback,-18.1416,178.4419,capital_fallback,1,1,True,False,delegate_list;geocode_csv,"LMMA Network, Fiji",False,,LMMA Network,,,True
icrs-a-00317,Louisiana State University,"Louisiana State University, United States",United States,US,ok,30.4102406,-91.1857059,geocode_csv,2,6,True,True,delegate_list;display_alias;geocode_csv;programme,"Louisiana State University; Louisiana State University, United States",False,,"Louisiana State University, United States",,,True
icrs-a-00318,LSCE,LSCE,France,FR,fallback,48.8566,2.3522,capital_fallback,1,1,True,True,delegate_list;geocode_csv;programme,"LSCE, France",False,,LSCE,,,True
icrs-a-00319,Luminocean,Luminocean,Indonesia,ID,fallback,-6.2088,106.8456,capital_fallback,1,3,True,True,delegate_list;geocode_csv;programme,"Luminocean, Indonesia",False,,Luminocean,,,True
icrs-a-00320,"M.M. Bridge Co., Ltd.","M.M. Bridge Co., Ltd.",Japan,JP,fallback,35.6762,139.6503,capital_fallback,2,1,True,True,delegate_list;geocode_csv;programme,"M.M. Bridge Co., Ltd.; M.M. Bridge Co., Ltd., Japan",False,,"M.M. Bridge Co., Ltd.",,,True
icrs-a-00321,Macquarie University/University of Groningen,Macquarie University/University of Groningen,Netherlands,NL,ok,53.2193266,6.5628301,geocode_csv,1,1,True,True,delegate_list;geocode_csv;programme,"Macquarie University/University of Groningen, Netherlands",False,,Macquarie University/University of Groningen,,,True
icrs-a-00322,Macquarie University,"Macquarie University, Australia",Australia,AU,fallback,-35.2809,149.13,capital_fallback,2,5,True,True,delegate_list;display_alias;geocode_csv;programme,"Macquarie University; Macquarie University, Australia",False,,"Macquarie University, Australia",,,True
icrs-a-00323,Madagascar National Parks,Madagascar National Parks,Madagascar,MG,ok,-18.8782747,47.5612003,geocode_csv,1,1,True,False,delegate_list;geocode_csv,"Madagascar National Parks, Madagascar",False,,Madagascar National Parks,,,True
icrs-a-00324,Mahonia Na Dari,Mahonia Na Dari,Papua New Guinea,PG,fallback,-9.4438,147.1803,capital_fallback,1,2,True,True,delegate_list;geocode_csv;programme,"Mahonia Na Dari, Papua New Guinea",False,,Mahonia Na Dari,,,True
icrs-a-00325,Malama Maunalua,Malama Maunalua,United States,US,ok,21.2822026,-157.7973886,geocode_csv,1,2,True,True,delegate_list;geocode_csv;programme,"Malama Maunalua, United States",False,,Malama Maunalua,,,True
icrs-a-00326,Maldives Coral Institute,Maldives Coral Institute,Maldives,MV,fallback,4.1755,73.5093,capital_fallback,1,1,True,True,delegate_list;geocode_csv;programme,"Maldives Coral Institute, Maldives",False,,Maldives Coral Institute,,,True
icrs-a-00327,Mana Island Resort Fiji,Mana Island Resort Fiji,Fiji,FJ,ok,-17.672648,177.1038496,geocode_csv,1,1,True,False,delegate_list;geocode_csv,"Mana Island Resort Fiji, Fiji",False,,Mana Island Resort Fiji,,,True
icrs-a-00328,Marepolis,Marepolis,French Polynesia,PF,fallback,-17.5516,-149.5585,capital_fallback,1,1,True,False,delegate_list;geocode_csv,"Marepolis, French Polynesia",False,,Marepolis,,,True
icrs-a-00329,MARE,MARE,Portugal,PT,fallback,38.7223,-9.1393,capital_fallback,1,2,True,True,delegate_list;geocode_csv;programme,"MARE, Portugal",False,,MARE,,,True
icrs-a-00330,Marine and Environmental Research Institute Of Pohnpei,Marine and Environmental Research Institute Of Pohnpei,"Micronesia, Federated States of",FM,fallback,6.9147,158.161,capital_fallback,1,1,True,False,delegate_list;geocode_csv,"Marine and Environmental Research Institute Of Pohnpei, Micronesia, Federated States of",False,,Marine and Environmental Research Institute Of Pohnpei,,,True
icrs-a-00331,Marine Biological Association,Marine Biological Association,United Kingdom,GB,ok,50.3641851,-4.1391682,geocode_csv,1,1,True,True,delegate_list;geocode_csv;programme,"Marine Biological Association, United Kingdom",False,,Marine Biological Association,,,True
icrs-a-00332,Marine Conservation International,Marine Conservation International,United Kingdom,GB,fallback,51.5074,-0.1278,capital_fallback,1,1,True,True,delegate_list;geocode_csv;programme,"Marine Conservation International, United Kingdom",False,,Marine Conservation International,,,True
icrs-a-00333,Marine Conservation Society Seychelles,Marine Conservation Society Seychelles,Seychelles,SC,ok,-4.6210967,55.4277802,geocode_csv,1,1,True,True,delegate_list;geocode_csv;programme,"Marine Conservation Society Seychelles, Seychelles",False,,Marine Conservation Society Seychelles,,,True
icrs-a-00334,Marine Ecology Consulting,Marine Ecology Consulting,Fiji,FJ,ok,-18.1107177,178.3986407,geocode_csv,1,1,True,False,delegate_list;geocode_csv,"Marine Ecology Consulting, Fiji",False,,Marine Ecology Consulting,,,True
icrs-a-00335,Marine Environment and Resources Foundation,Marine Environment and Resources Foundation,Philippines,PH,ok,14.650675,121.06904,geocode_csv,1,2,True,True,delegate_list;geocode_csv;programme,"Marine Environment and Resources Foundation, Philippines",False,,Marine Environment and Resources Foundation,,,True
icrs-a-00336,Marine Institute at Maui Ocean Center,Marine Institute at Maui Ocean Center,United States,US,fallback,38.9072,-77.0369,capital_fallback,1,2,True,True,delegate_list;geocode_csv;programme,"Marine Institute at Maui Ocean Center, United States",False,,Marine Institute at Maui Ocean Center,,,True
icrs-a-00337,MarineGEO,MarineGEO,United States,US,fallback,38.9072,-77.0369,capital_fallback,1,1,True,True,delegate_list;geocode_csv;programme,"MarineGEO, United States",False,,MarineGEO,,,True
icrs-a-00338,Maritime And Marine Science Center Of Excellence Of Pattimura University,Maritime And Marine Science Center Of Excellence Of Pattimura University,Indonesia,ID,fallback,-6.2088,106.8456,capital_fallback,1,0,False,True,programme,Maritime And Marine Science Center Of Excellence Of Pattimura University,False,,Maritime And Marine Science Center Of Excellence Of Pattimura University,,,True
icrs-a-00339,"Maritime and Marine Science Center of Excellence, Pattimura University","Maritime and Marine Science Center of Excellence, Pattimura University",Indonesia,ID,fallback,-6.2088,106.8456,capital_fallback,1,0,False,True,programme,"Maritime and Marine Science Center of Excellence, Pattimura University",False,,"Maritime and Marine Science Center of Excellence, Pattimura University",,,True
icrs-a-00340,Maritime and Marine Science Center of Excellence,"Maritime and Marine Science Center of Excellence,",Indonesia,ID,fallback,-6.2088,106.8456,capital_fallback,1,3,True,True,delegate_list;geocode_csv;programme,"Maritime and Marine Science Center of Excellence,, Indonesia",False,,"Maritime and Marine Science Center of Excellence,",,,True
icrs-a-00341,Maritime and Marine Science Centre of Excellence,"Maritime and Marine Science Centre of Excellence,",Indonesia,ID,fallback,-6.2088,106.8456,capital_fallback,1,1,True,True,delegate_list;geocode_csv;programme,"Maritime and Marine Science Centre of Excellence,, Indonesia",False,,"Maritime and Marine Science Centre of Excellence,",,,True
icrs-a-00342,Mars Sustainable Solutions,Mars Sustainable Solutions,Australia,AU,fallback,-35.2809,149.13,capital_fallback,1,1,True,False,delegate_list;geocode_csv,"Mars Sustainable Solutions, Australia",False,,Mars Sustainable Solutions,,,True
icrs-a-00343,Marshall Islands Conservation Society,Marshall Islands Conservation Society,Marshall Islands,MH,ok,7.1068268,171.3738313,geocode_csv,1,1,True,False,delegate_list;geocode_csv,"Marshall Islands Conservation Society, Marshall Islands",False,,Marshall Islands Conservation Society,,,True
icrs-a-00344,Marshall Islands Marine Resources Authority,Marshall Islands Marine Resources Authority,Marshall Islands,MH,ok,7.0851349,171.3669154,geocode_csv,1,3,True,False,delegate_list;geocode_csv,"Marshall Islands Marine Resources Authority, Marshall Islands",False,,Marshall Islands Marine Resources Authority,,,True
icrs-a-00345,Max Planck Institute for Chemistry,Max Planck Institute for Chemistry,Germany,DE,ok,49.9909856,8.2290347,geocode_csv,1,2,True,True,delegate_list;geocode_csv;programme,"Max Planck Institute for Chemistry, Germany",False,,Max Planck Institute for Chemistry,,,True
icrs-a-00346,Max Planck Institute for Chemsitry,Max Planck Institute for Chemsitry,Germany,DE,ok,49.9909856,8.2290347,geocode_csv,1,1,True,True,delegate_list;geocode_csv;programme,"Max Planck Institute for Chemsitry, Germany",False,,Max Planck Institute for Chemsitry,,,True
icrs-a-00347,McGill University,McGill University,Canada,CA,ok,45.5060184,-73.5783235,geocode_csv,1,1,True,True,delegate_list;geocode_csv;programme,"McGill University, Canada",False,,McGill University,,,True
icrs-a-00348,Meio University,Meio University,Japan,JP,ok,26.6244518,127.9738733,geocode_csv,1,1,True,True,delegate_list;geocode_csv;programme,"Meio University, Japan",False,,Meio University,,,True
icrs-a-00349,Memorial University of Newfoundland and Labrador,Memorial University of Newfoundland and Labrador,Canada,CA,ok,47.5741117,-52.7352094,geocode_csv,1,1,True,True,delegate_list;geocode_csv;programme,"Memorial University of Newfoundland and Labrador, Canada",False,,Memorial University of Newfoundland and Labrador,,,True
icrs-a-00350,Memorial University,Memorial University,Canada,CA,fallback,45.4215,-75.6972,capital_fallback,1,0,False,True,programme,Memorial University,False,,Memorial University,,,True
icrs-a-00351,MesoReef DAO Foundation,MesoReef DAO Foundation,Mexico,MX,fallback,19.4326,-99.1332,capital_fallback,1,1,True,True,delegate_list;geocode_csv;programme,"MesoReef DAO Foundation, Mexico",False,,MesoReef DAO Foundation,,,True
icrs-a-00352,Michigan State University,Michigan State University,United States,US,ok,42.7250725,-84.4790827,geocode_csv,1,1,True,True,delegate_list;geocode_csv;programme,"Michigan State University, United States",False,,Michigan State University,,,True
icrs-a-00353,Micronesian Conservation Coalition,Micronesian Conservation Coalition,New Zealand,NZ,fallback,-41.2865,174.7762,capital_fallback,1,1,True,True,delegate_list;geocode_csv;programme,"Micronesian Conservation Coalition, New Zealand",False,,Micronesian Conservation Coalition,,,True
icrs-a-00354,Mindanao State University - Naawan,Mindanao State University - Naawan,Philippines,PH,ok,8.4291313,124.2880035,geocode_csv,1,3,True,True,delegate_list;geocode_csv;programme,"Mindanao State University - Naawan, Philippines",False,,Mindanao State University - Naawan,,,True
icrs-a-00355,Mindanao State University,Mindanao State University,Philippines,PH,ok,7.9976116,124.2618724,geocode_csv,1,1,True,True,delegate_list;geocode_csv;programme,"Mindanao State University, Philippines",False,,Mindanao State University,,,True
icrs-a-00356,Minderoo Foundation,Minderoo Foundation,Australia,AU,ok,-31.9757379,115.8219527,geocode_csv,1,2,True,True,delegate_list;geocode_csv;programme,"Minderoo Foundation, Australia",False,,Minderoo Foundation,,,True
icrs-a-00357,"Ministry of Agriculture, Fisheries and Environment - Palau","Ministry of Agriculture, Fisheries and Environment - Palau",Palau,PW,ok,7.3275874,134.450612,geocode_csv,1,1,True,False,delegate_list;geocode_csv,"Ministry of Agriculture, Fisheries and Environment - Palau, Palau",False,,"Ministry of Agriculture, Fisheries and Environment - Palau",,,True
icrs-a-00358,Ministry of Environment and Climate Change - Germany,Ministry of Environment and Climate Change - Germany,Germany,DE,fallback,52.52,13.405,capital_fallback,1,1,True,True,delegate_list;geocode_csv;programme,"Ministry of Environment and Climate Change - Germany, Germany",False,,Ministry of Environment and Climate Change - Germany,,,True
icrs-a-00359,Ministry of Environment and Natural Resources - Dominican Republic,Ministry of Environment and Natural Resources - Dominican Republic,Dominican Republic,DO,fallback,18.4861,-69.9312,capital_fallback,1,1,True,False,delegate_list;geocode_csv,"Ministry of Environment and Natural Resources - Dominican Republic, Dominican Republic",False,,Ministry of Environment and Natural Resources - Dominican Republic,,,True
icrs-a-00360,"Ministry of Fisheries, Oceans and Maritime Affairs - Vanuatu","Ministry of Fisheries, Oceans and Maritime Affairs - Vanuatu",Vanuatu,VU,fallback,-17.7333,168.3273,capital_fallback,2,1,True,True,delegate_list;geocode_csv;programme,"Ministry of Fisheries, Oceans and Maritime Affairs - Vanuatu; Ministry of Fisheries, Oceans and Maritime Affairs - Vanuatu, Vanuatu",False,,"Ministry of Fisheries, Oceans and Maritime Affairs - Vanuatu",,,True
icrs-a-00361,Ministry of MEIDECC,Ministry of MEIDECC,Tonga,TO,ok,-21.1344268,-175.2007613,geocode_csv,1,1,True,False,delegate_list;geocode_csv,"Ministry of MEIDECC, Tonga",False,,Ministry of MEIDECC,,,True
icrs-a-00362,MIT-WHOI Joint Program in Oceanography,MIT-WHOI Joint Program in Oceanography,United States,US,fallback,38.9072,-77.0369,capital_fallback,1,1,True,True,delegate_list;geocode_csv;programme,"MIT-WHOI Joint Program in Oceanography, United States",False,,MIT-WHOI Joint Program in Oceanography,,,True
icrs-a-00363,MIT-Woods Hole Joint Program,MIT-Woods Hole Joint Program,United States,US,ok,41.5264977,-70.6730857,geocode_csv,1,1,True,True,delegate_list;geocode_csv;programme,"MIT-Woods Hole Joint Program, United States",False,,MIT-Woods Hole Joint Program,,,True
icrs-a-00364,"Moews-Asher Art, Imagery and Design","Moews-Asher Art, Imagery and Design",Saudi Arabia,SA,fallback,24.7136,46.6753,capital_fallback,2,1,True,True,delegate_list;geocode_csv;programme,"Moews-Asher Art, Imagery and Design; Moews-Asher Art, Imagery and Design, Saudi Arabia",False,,"Moews-Asher Art, Imagery and Design",,,True
icrs-a-00365,Montana State University,Montana State University,United States,US,ok,45.6673524,-111.0546211,geocode_csv,1,1,True,True,delegate_list;geocode_csv;programme,"Montana State University, United States",False,,Montana State University,,,True
icrs-a-00366,Mote Marine Laboratory,"Mote Marine Laboratory, United States",United States,US,ok,27.3331533,-82.5773352,geocode_csv,2,10,True,True,delegate_list;display_alias;geocode_csv;programme,"Mote Marine Laboratory; Mote Marine Laboratory, United States",False,,"Mote Marine Laboratory, United States",,,True
icrs-a-00367,MP Tropical Marine Consultant,MP Tropical Marine Consultant,Australia,AU,fallback,-35.2809,149.13,capital_fallback,1,1,True,True,delegate_list;geocode_csv;programme,"MP Tropical Marine Consultant, Australia",False,,MP Tropical Marine Consultant,,,True
icrs-a-00368,MPAConnect,MPAConnect,Australia,AU,fallback,-35.2809,149.13,capital_fallback,1,1,True,True,delegate_list;geocode_csv;programme,"MPAConnect, Australia",False,,MPAConnect,,,True
icrs-a-00369,Murdoch University,Murdoch University,Australia,AU,fallback,-35.2809,149.13,capital_fallback,1,1,True,True,delegate_list;geocode_csv;programme,"Murdoch University, Australia",False,,Murdoch University,,,True
icrs-a-00370,Nagoya University,Nagoya University,Japan,JP,ok,35.1538553,136.9682402,geocode_csv,1,2,True,True,delegate_list;geocode_csv;programme,"Nagoya University, Japan",False,,Nagoya University,,,True
icrs-a-00371,Nanyang Technological University,"Nanyang Technological University, Singapore",Singapore,SG,ok,1.3483099,103.6831347,geocode_csv,2,7,True,True,delegate_list;display_alias;geocode_csv;programme,"Nanyang Technological University; Nanyang Technological University, Singapore",False,,"Nanyang Technological University, Singapore",,,True
icrs-a-00372,National Academy of Marine Research,National Academy of Marine Research,Taiwan,TW,fallback,25.033,121.5654,capital_fallback,1,1,True,False,delegate_list;geocode_csv,"National Academy of Marine Research, Taiwan",False,,National Academy of Marine Research,,,True
icrs-a-00373,National Center for Scientific Research - Rāhui Center,National Center for Scientific Research - Rāhui Center,French Polynesia,PF,fallback,-17.5516,-149.5585,capital_fallback,3,1,True,True,delegate_list;display_alias;geocode_csv;programme,"National Center for Scientific Research - Rahui Center; National Center for Scientific Research - Rāhui Center; National Center for Scientific Research - Rāhui Center, French Polynesia",False,,National Center for Scientific Research - Rāhui Center,,,True
icrs-a-00374,National Center for Wildlife,"National Center for Wildlife, Saudi Arabia",Saudi Arabia,SA,fallback,24.7136,46.6753,capital_fallback,4,2,True,True,delegate_list;display_alias;geocode_csv;programme,"National Center for Wildlife; National Center for Wildlife, Saudi Arabia; National Center of Wildlife; National Center of Wildlife, Saudi Arabia",False,,"National Center for Wildlife, Saudi Arabia",,,True
icrs-a-00375,National Centre for Biological Sciences,National Centre for Biological Sciences,India,IN,ok,13.0714323,77.5802103,geocode_csv,1,1,True,True,delegate_list;geocode_csv;programme,"National Centre for Biological Sciences, India",False,,National Centre for Biological Sciences,,,True
icrs-a-00376,National Centre for Sustainable Coastal Management,National Centre for Sustainable Coastal Management,India,IN,ok,13.013487,80.2332271,geocode_csv,1,1,True,True,delegate_list;geocode_csv;programme,"National Centre for Sustainable Coastal Management, India",False,,National Centre for Sustainable Coastal Management,,,True
icrs-a-00377,National Cheng Kung University,National Cheng Kung University,Taiwan,TW,ok,22.998955,120.2171461,geocode_csv,1,2,True,False,delegate_list;geocode_csv,"National Cheng Kung University, Taiwan",False,,National Cheng Kung University,,,True
icrs-a-00378,National Chiayi University,National Chiayi University,Taiwan,TW,ok,23.4678916,120.4848779,geocode_csv,1,1,True,True,delegate_list;geocode_csv;programme,"National Chiayi University, Taiwan",False,,National Chiayi University,,,True
icrs-a-00379,National Coral Reef Institute,National Coral Reef Institute,United States,US,fallback,38.9072,-77.0369,capital_fallback,1,1,True,True,delegate_list;geocode_csv;programme,"National Coral Reef Institute, United States",False,,National Coral Reef Institute,,,True
icrs-a-00380,National Geographic Pristine Seas,National Geographic Pristine Seas,United States,US,fallback,38.9072,-77.0369,capital_fallback,1,1,True,False,delegate_list;geocode_csv,"National Geographic Pristine Seas, United States",False,,National Geographic Pristine Seas,,,True
icrs-a-00381,National Geographic Society Pristine Seas,National Geographic Society Pristine Seas,United States,US,fallback,38.9072,-77.0369,capital_fallback,1,1,True,True,delegate_list;geocode_csv;programme,"National Geographic Society Pristine Seas, United States",False,,National Geographic Society Pristine Seas,,,True
icrs-a-00382,National Institute of Advanced Industrial Science and Technology,National Institute of Advanced Industrial Science and Technology,Japan,JP,fallback,35.6762,139.6503,capital_fallback,1,4,True,True,delegate_list;geocode_csv;programme,"National Institute of Advanced Industrial Science and Technology, Japan",False,,National Institute of Advanced Industrial Science and Technology,,,True
icrs-a-00383,National Marine Biodiversity Institute of Korea South Korea,National Marine Biodiversity Institute of Korea South Korea,Italy,IT,fallback,41.9028,12.4964,capital_fallback,1,1,False,True,programme,"National Marine Biodiversity Institute of Korea South Korea, Italy",False,,National Marine Biodiversity Institute of Korea South Korea,,,True
icrs-a-00384,National Marine Biodiversity Institute of Korea,National Marine Biodiversity Institute of Korea,South Korea,KR,ok,36.0172458,126.6699838,geocode_csv,1,1,True,True,delegate_list;geocode_csv;programme,"National Marine Biodiversity Institute of Korea, South Korea",False,,National Marine Biodiversity Institute of Korea,,,True
icrs-a-00385,National Marine Sanctuary Foundation,National Marine Sanctuary Foundation,United States,US,ok,38.9952752,-77.0296757,geocode_csv,1,1,True,True,delegate_list;geocode_csv;programme,"National Marine Sanctuary Foundation, United States",False,,National Marine Sanctuary Foundation,,,True
icrs-a-00386,National Marine Sanctuary of American Samoa,National Marine Sanctuary of American Samoa,American Samoa,AS,fallback,-14.2756,-170.702,capital_fallback,1,1,True,True,delegate_list;geocode_csv;programme,"National Marine Sanctuary of American Samoa, American Samoa",False,,National Marine Sanctuary of American Samoa,,,True
icrs-a-00387,National Museum of Marine Biology and Aquarium,National Museum of Marine Biology and Aquarium,Taiwan,TW,ok,22.0460159,120.6989058,geocode_csv,1,2,True,True,delegate_list;geocode_csv;programme,"National Museum of Marine Biology and Aquarium, Taiwan",False,,National Museum of Marine Biology and Aquarium,,,True
icrs-a-00388,National Museum,National Museum,Brazil,BR,ok,-23.5448646,-46.7853803,geocode_csv,1,1,True,True,delegate_list;geocode_csv;programme,"National Museum, Brazil",False,,National Museum,,,True
icrs-a-00389,National Natural Parks of Colombia. Utria National Natural Park,National Natural Parks of Colombia. Utria National Natural Park,Colombia,CO,fallback,4.711,-74.0721,capital_fallback,1,0,False,True,programme,National Natural Parks of Colombia. Utria National Natural Park,False,,National Natural Parks of Colombia. Utria National Natural Park,,,True
icrs-a-00390,National Oceanic and Atmospheric Administration - Fisheries,National Oceanic and Atmospheric Administration - Fisheries,United States,US,fallback,38.9072,-77.0369,capital_fallback,1,1,True,True,delegate_list;geocode_csv;programme,"National Oceanic and Atmospheric Administration - Fisheries, United States",False,,National Oceanic and Atmospheric Administration - Fisheries,,,True
icrs-a-00391,National Oceanic and Atmospheric Administration - Pacific Islands,National Oceanic and Atmospheric Administration - Pacific Islands,United States,US,fallback,38.9072,-77.0369,capital_fallback,1,0,False,True,programme,National Oceanic and Atmospheric Administration - Pacific Islands,False,,National Oceanic and Atmospheric Administration - Pacific Islands,,,True
icrs-a-00392,National Oceanic and Atmospheric Administration - Sea,National Oceanic and Atmospheric Administration - Sea,United States,US,fallback,38.9072,-77.0369,capital_fallback,1,1,True,False,delegate_list;geocode_csv,"National Oceanic and Atmospheric Administration - Sea, United States",False,,National Oceanic and Atmospheric Administration - Sea,,,True
icrs-a-00393,National Oceanic and Atmospheric Administration,"National Oceanic and Atmospheric Administration, United States",United States,US,fallback,38.9072,-77.0369,capital_fallback,1,8,False,True,programme,"National Oceanic and Atmospheric Administration, United States",False,,"National Oceanic and Atmospheric Administration, United States",,,True
icrs-a-00394,National Pingtung University of Science and Technology,National Pingtung University of Science and Technology,Taiwan,TW,ok,22.6433454,120.6098266,geocode_csv,1,1,True,True,delegate_list;geocode_csv;programme,"National Pingtung University of Science and Technology, Taiwan",False,,National Pingtung University of Science and Technology,,,True
icrs-a-00395,National Research and Innovation Agency,National Research and Innovation Agency,Indonesia,ID,fallback,-6.2088,106.8456,capital_fallback,1,2,True,True,delegate_list;geocode_csv;programme,"National Research and Innovation Agency, Indonesia",False,,National Research and Innovation Agency,,,True
icrs-a-00396,National Sun Yat-sen University,National Sun Yat-sen University,Taiwan,TW,ok,22.6283384,120.2647299,geocode_csv,1,3,True,True,delegate_list;geocode_csv;programme,"National Sun Yat-sen University, Taiwan",False,,National Sun Yat-sen University,,,True
icrs-a-00397,National Taiwan Ocean University,National Taiwan Ocean University,Malaysia,MY,fallback,3.139,101.6869,capital_fallback,1,1,True,True,delegate_list;geocode_csv;programme,"National Taiwan Ocean University, Malaysia",False,,National Taiwan Ocean University,,,True
icrs-a-00398,National Taiwan Ocean University,National Taiwan Ocean University,Taiwan,TW,ok,25.1505447,121.7757756,geocode_csv,1,2,True,True,delegate_list;geocode_csv;programme,"National Taiwan Ocean University, Taiwan",False,,National Taiwan Ocean University,,,True
icrs-a-00399,National Technological Institute of Mexico,National Technological Institute of Mexico,Mexico,MX,fallback,19.4326,-99.1332,capital_fallback,1,1,True,True,delegate_list;geocode_csv;programme,"National Technological Institute of Mexico, Mexico",False,,National Technological Institute of Mexico,,,True
icrs-a-00400,National University of Colombia - Caribbean Campus,National University of Colombia - Caribbean Campus,Colombia,CO,fallback,4.711,-74.0721,capital_fallback,1,1,True,True,delegate_list;geocode_csv;programme,"National University of Colombia - Caribbean Campus, Colombia",False,,National University of Colombia - Caribbean Campus,,,True
icrs-a-00401,National University of Singapore,National University of Singapore,Malaysia,MY,fallback,3.139,101.6869,capital_fallback,1,1,True,True,delegate_list;geocode_csv;programme,"National University of Singapore, Malaysia",False,,National University of Singapore,,,True
icrs-a-00402,National University of Singapore,National University of Singapore,New Zealand,NZ,fallback,-41.2865,174.7762,capital_fallback,1,1,True,True,delegate_list;geocode_csv;programme,"National University of Singapore, New Zealand",False,,National University of Singapore,,,True
icrs-a-00403,National University of Singapore,National University of Singapore,Singapore,SG,ok,1.2976493,103.7766916,geocode_csv,1,23,True,True,delegate_list;geocode_csv;programme,"National University of Singapore, Singapore",False,,National University of Singapore,,,True
icrs-a-00404,National Yang Ming Chiao Tung University,National Yang Ming Chiao Tung University,Taiwan,TW,ok,24.7868862,120.9974969,geocode_csv,1,1,True,True,delegate_list;geocode_csv;programme,"National Yang Ming Chiao Tung University, Taiwan",False,,National Yang Ming Chiao Tung University,,,True
icrs-a-00405,Naturalis Biodiversity Center,Naturalis Biodiversity Center,Netherlands,NL,ok,52.164895,4.47336,geocode_csv,1,1,True,True,delegate_list;geocode_csv;programme,"Naturalis Biodiversity Center, Netherlands",False,,Naturalis Biodiversity Center,,,True
icrs-a-00406,Nature Conservation Foundation,Nature Conservation Foundation,India,IN,fallback,28.6139,77.209,capital_fallback,1,1,True,True,delegate_list;geocode_csv;programme,"Nature Conservation Foundation, India",False,,Nature Conservation Foundation,,,True
icrs-a-00407,Nature Seychelles,Nature Seychelles,Seychelles,SC,fallback,-4.6191,55.4513,capital_fallback,1,0,False,True,programme,Nature Seychelles,False,,Nature Seychelles,,,True
icrs-a-00408,NEOM Nature Reserve,NEOM Nature Reserve,Saudi Arabia,SA,fallback,24.7136,46.6753,capital_fallback,1,1,True,True,delegate_list;geocode_csv;programme,"NEOM Nature Reserve, Saudi Arabia",False,,NEOM Nature Reserve,,,True
icrs-a-00409,New York University - Abu Dhabi,New York University - Abu Dhabi,United Arab Emirates,AE,ok,24.5263311,54.4364913,geocode_csv,1,5,True,True,delegate_list;geocode_csv;programme,"New York University - Abu Dhabi, United Arab Emirates",False,,New York University - Abu Dhabi,,,True
icrs-a-00410,Newcastle University,Newcastle University,United Kingdom,GB,ok,54.9791871,-1.6146608,geocode_csv,1,7,True,True,delegate_list;geocode_csv;programme,"Newcastle University, United Kingdom",False,,Newcastle University,,,True
icrs-a-00411,Nortek Instruments Australia Pty Ltd,Nortek Instruments Australia Pty Ltd,Australia,AU,fallback,-35.2809,149.13,capital_fallback,1,1,True,False,delegate_list;geocode_csv,"Nortek Instruments Australia Pty Ltd, Australia",False,,Nortek Instruments Australia Pty Ltd,,,True
icrs-a-00412,North Carolina State University,North Carolina State University,El Salvador,SV,fallback,13.6929,-89.2182,capital_fallback,1,1,True,False,delegate_list;geocode_csv,"North Carolina State University, El Salvador",False,,North Carolina State University,,,True
icrs-a-00413,North Carolina State University,North Carolina State University,United States,US,ok,35.7850744,-78.6812824,geocode_csv,1,3,True,True,delegate_list;geocode_csv;programme,"North Carolina State University, United States",False,,North Carolina State University,,,True
icrs-a-00414,Northeastern University Marine Science Center,Northeastern University Marine Science Center,United States,US,ok,42.4185262,-70.9073684,geocode_csv,1,1,True,True,delegate_list;geocode_csv;programme,"Northeastern University Marine Science Center, United States",False,,Northeastern University Marine Science Center,,,True
icrs-a-00415,Northeastern University,Northeastern University,United States,US,ok,42.3398067,-71.0891717,geocode_csv,1,1,True,True,delegate_list;geocode_csv;programme,"Northeastern University, United States",False,,Northeastern University,,,True
icrs-a-00416,Northwestern University - Marcelino Lab,Northwestern University - Marcelino Lab,United States,US,fallback,38.9072,-77.0369,capital_fallback,1,1,True,True,delegate_list;geocode_csv;programme,"Northwestern University - Marcelino Lab, United States",False,,Northwestern University - Marcelino Lab,,,True
icrs-a-00417,Northwestern University,Northwestern University,United States,US,ok,42.0564594,-87.675267,geocode_csv,1,3,True,True,delegate_list;geocode_csv;programme,"Northwestern University, United States",False,,Northwestern University,,,True
icrs-a-00418,Nova Southeastern University,"Nova Southeastern University, United States",United States,US,ok,26.0791417,-80.2465466,geocode_csv,2,36,True,True,delegate_list;display_alias;geocode_csv;programme,"Nova Southeastern University; Nova Southeastern University, United States",False,,"Nova Southeastern University, United States",,,True
icrs-a-00419,Nā Kai ʻEwalu,"Nā Kai ʻEwalu, United States",United States,US,ok,20.8923243,-156.4687726,geocode_csv,3,2,True,True,delegate_list;display_alias;geocode_csv;programme,"Na Kai Ewalu; Nā Kai ʻEwalu; Nā Kai ʻEwalu, United States",False,,"Nā Kai ʻEwalu, United States",,,True
icrs-a-00420,Observatoire Océanologique De Banyuls-sur-mer,Observatoire Océanologique De Banyuls-sur-mer,France,FR,fallback,48.8566,2.3522,capital_fallback,1,0,False,True,programme,Observatoire Océanologique De Banyuls-sur-mer,False,,Observatoire Océanologique De Banyuls-sur-mer,,,True
icrs-a-00421,Ocean Futures Group,Ocean Futures Group,Australia,AU,fallback,-35.2809,149.13,capital_fallback,1,1,True,False,delegate_list;geocode_csv,"Ocean Futures Group, Australia",False,,Ocean Futures Group,,,True
icrs-a-00422,Ocean Gardener,Ocean Gardener,Indonesia,ID,ok,-8.5152518,115.5808483,geocode_csv,1,1,True,False,delegate_list;geocode_csv,"Ocean Gardener, Indonesia",False,,Ocean Gardener,,,True
icrs-a-00423,Ocean Rescue Alliance International,Ocean Rescue Alliance International,United States,US,fallback,38.9072,-77.0369,capital_fallback,1,1,True,True,delegate_list;geocode_csv;programme,"Ocean Rescue Alliance International, United States",False,,Ocean Rescue Alliance International,,,True
icrs-a-00424,Ocean Toa,Ocean Toa,Cook Islands,CK,ok,-21.2660389,-159.780294,geocode_csv,1,1,True,False,delegate_list;geocode_csv,"Ocean Toa, Cook Islands",False,,Ocean Toa,,,True
icrs-a-00425,Ocean University of Sri Lanka,Ocean University of Sri Lanka,Sri Lanka,LK,ok,6.9749431,79.8721717,geocode_csv,1,1,True,True,delegate_list;geocode_csv;programme,"Ocean University of Sri Lanka, Sri Lanka",False,,Ocean University of Sri Lanka,,,True
icrs-a-00426,Oceanis International,Oceanis International,Australia,AU,ok,-31.9423772,115.8237043,geocode_csv,1,1,True,False,delegate_list;geocode_csv,"Oceanis International, Australia",False,,Oceanis International,,,True
icrs-a-00427,Oceanographic Institute,Oceanographic Institute,Brazil,BR,ok,-23.5609893,-46.7320137,geocode_csv,1,1,True,True,delegate_list;geocode_csv;programme,"Oceanographic Institute, Brazil",False,,Oceanographic Institute,,,True
icrs-a-00428,Ochanomizu University,Ochanomizu University,Japan,JP,ok,35.7188353,139.7315093,geocode_csv,1,1,True,True,delegate_list;geocode_csv;programme,"Ochanomizu University, Japan",False,,Ochanomizu University,,,True
icrs-a-00429,Ohio State University,Ohio State University,United States,US,ok,40.0060889,-83.0282624,geocode_csv,1,3,True,True,delegate_list;geocode_csv;programme,"Ohio State University, United States",False,,Ohio State University,,,True
icrs-a-00430,Okinawa Institute of Science and Technology,Okinawa Institute of Science and Technology,Japan,JP,ok,26.4649533,127.8301187,geocode_csv,1,2,True,True,delegate_list;geocode_csv;programme,"Okinawa Institute of Science and Technology, Japan",False,,Okinawa Institute of Science and Technology,,,True
icrs-a-00431,Old Dominion University,Old Dominion University,United States,US,ok,36.8853217,-76.3058786,geocode_csv,1,4,True,True,delegate_list;geocode_csv;programme,"Old Dominion University, United States",False,,Old Dominion University,,,True
icrs-a-00432,Olohana Foundation,Olohana Foundation,United States,US,ok,21.2838312,-157.8304677,geocode_csv,1,1,True,False,delegate_list;geocode_csv,"Olohana Foundation, United States",False,,Olohana Foundation,,,True
icrs-a-00433,One People One Reef,One People One Reef,United States,US,fallback,38.9072,-77.0369,capital_fallback,1,2,True,True,delegate_list;geocode_csv;programme,"One People One Reef, United States",False,,One People One Reef,,,True
icrs-a-00434,OneReef Worldwide Stewardship,OneReef Worldwide Stewardship,United States,US,fallback,38.9072,-77.0369,capital_fallback,1,1,True,True,delegate_list;geocode_csv;programme,"OneReef Worldwide Stewardship, United States",False,,OneReef Worldwide Stewardship,,,True
icrs-a-00435,Oregon State University,Oregon State University,Guam,GU,fallback,13.476,144.7502,capital_fallback,2,1,True,True,delegate_list;geocode_csv;programme,"Oregon State University, Guam; University of Guam, Guam",False,,Oregon State University,,,True
icrs-a-00436,Oregon State University,Oregon State University,United States,US,ok,44.5618097,-123.2822671,geocode_csv,1,4,True,True,delegate_list;geocode_csv;programme,"Oregon State University, United States",False,,Oregon State University,,,True
icrs-a-00437,Oswaldo Cruz Foundation,Oswaldo Cruz Foundation,Brazil,BR,ok,-22.8772312,-43.243633,geocode_csv,1,1,True,True,delegate_list;geocode_csv;programme,"Oswaldo Cruz Foundation, Brazil",False,,Oswaldo Cruz Foundation,,,True
icrs-a-00438,Pacific Blue Foundation & Scripps Inst. of Oceanography,Pacific Blue Foundation & Scripps Inst. of Oceanography,Fiji,FJ,fallback,-18.1416,178.4419,capital_fallback,1,0,False,True,programme,Pacific Blue Foundation & Scripps Inst. of Oceanography,False,,Pacific Blue Foundation,Scripps Inst. of Oceanography,icrs-a-00439,False
icrs-a-00439,Pacific Blue Foundation,Pacific Blue Foundation,Fiji,FJ,ok,-18.1450349,178.4295509,geocode_csv,1,0,False,False,geocode_csv,"Pacific Blue Foundation, Fiji",False,,Pacific Blue Foundation,Scripps Inst. of Oceanography,,False
icrs-a-00440,Pacific Blue Foundation,Pacific Blue Foundation,United States,US,fallback,38.9072,-77.0369,capital_fallback,1,2,True,False,delegate_list;geocode_csv,"Pacific Blue Foundation, United States",False,,Pacific Blue Foundation,,,True
icrs-a-00441,Pacific Community,Pacific Community,New Caledonia,NC,fallback,-22.2558,166.4505,capital_fallback,1,1,True,True,delegate_list;geocode_csv;programme,"Pacific Community, New Caledonia",False,,Pacific Community,,,True
icrs-a-00442,Pacific Islands Fisheries Science Center,Pacific Islands Fisheries Science Center,United States,US,fallback,38.9072,-77.0369,capital_fallback,1,0,False,True,programme,Pacific Islands Fisheries Science Center,False,,Pacific Islands Fisheries Science Center,,,True
icrs-a-00443,Paepae o Heʻeia,"Paepae o Heʻeia, United States",United States,US,ok,21.4314536,-157.8069545,geocode_csv,3,1,True,False,delegate_list;display_alias;geocode_csv,"Paepae o Heeia; Paepae o Heʻeia; Paepae o Heʻeia, United States",False,,"Paepae o Heʻeia, United States",,,True
icrs-a-00444,Palau Governors Association,Palau Governors Association,Palau,PW,fallback,7.5004,134.6242,capital_fallback,1,1,True,False,delegate_list;geocode_csv,"Palau Governors Association, Palau",False,,Palau Governors Association,,,True
icrs-a-00445,Palau International Coral Reef Center,"Palau International Coral Reef Center, Palau",Palau,PW,ok,7.3385949,134.4663622,geocode_csv,2,10,True,True,delegate_list;display_alias;geocode_csv;programme,"Palau International Coral Reef Center; Palau International Coral Reef Center, Palau",False,,"Palau International Coral Reef Center, Palau",,,True
icrs-a-00446,Pauahi Bishop Museum,Pauahi Bishop Museum,United States,US,ok,21.3329195,-157.8706127,geocode_csv,1,1,True,True,delegate_list;geocode_csv;programme,"Pauahi Bishop Museum, United States",False,,Pauahi Bishop Museum,,,True
icrs-a-00447,Pelita Bangsa University,Pelita Bangsa University,Indonesia,ID,ok,-6.3241085,107.1696207,geocode_csv,1,1,True,True,delegate_list;geocode_csv;programme,"Pelita Bangsa University, Indonesia",False,,Pelita Bangsa University,,,True
icrs-a-00448,Pennsylvania State University,"Pennsylvania State University, United States",United States,US,ok,40.7982133,-77.8599084,geocode_csv,2,4,True,True,delegate_list;display_alias;geocode_csv;programme,"Pennsylvania State University; Pennsylvania State University, United States",False,,"Pennsylvania State University, United States",,,True
icrs-a-00449,Perry Institute for Marine Science,Perry Institute for Marine Science,Colombia,CO,fallback,4.711,-74.0721,capital_fallback,1,2,True,True,delegate_list;geocode_csv;programme,"Perry Institute for Marine Science, Colombia",False,,Perry Institute for Marine Science,,,True
icrs-a-00450,Perry Institute for Marine Science,Perry Institute for Marine Science,United States,US,ok,26.9584999,-80.0876701,geocode_csv,1,1,True,True,delegate_list;geocode_csv;programme,"Perry Institute for Marine Science, United States",False,,Perry Institute for Marine Science,,,True
icrs-a-00451,Pondicherry University,Pondicherry University,India,IN,ok,12.0182619,79.8568461,geocode_csv,1,1,True,True,delegate_list;geocode_csv;programme,"Pondicherry University, India",False,,Pondicherry University,,,True
icrs-a-00452,Posgrado en Ciencias del Mar y Limnología,"Posgrado en Ciencias del Mar y Limnología, Mexico",Mexico,MX,ok,19.3289134,-99.1788894,geocode_csv,3,1,True,True,delegate_list;display_alias;geocode_csv;programme,"Posgrado en Ciencias del Mar y Limnologia; Posgrado en Ciencias del Mar y Limnología; Posgrado en Ciencias del Mar y Limnología, Mexico",False,,"Posgrado en Ciencias del Mar y Limnología, Mexico",,,True
icrs-a-00453,Positive Ripple Consulting,Positive Ripple Consulting,France,FR,fallback,48.8566,2.3522,capital_fallback,1,1,True,True,delegate_list;geocode_csv;programme,"Positive Ripple Consulting, France",False,,Positive Ripple Consulting,,,True
icrs-a-00454,Princeton University,Princeton University,United States,US,ok,40.3430942,-74.6550739,geocode_csv,1,1,True,True,delegate_list;geocode_csv;programme,"Princeton University, United States",False,,Princeton University,,,True
icrs-a-00455,Projeto Costão Rochoso,Projeto Costão Rochoso,Brazil,BR,fallback,-15.7939,-47.8828,capital_fallback,2,0,False,False,display_alias,Projeto Costao Rochoso; Projeto Costão Rochoso,False,,Projeto Costão Rochoso,,,False
icrs-a-00456,PT Pupuk Kalimantan Timur,PT Pupuk Kalimantan Timur,Indonesia,ID,fallback,-6.2088,106.8456,capital_fallback,1,3,True,True,delegate_list;geocode_csv;programme,"PT Pupuk Kalimantan Timur, Indonesia",False,,PT Pupuk Kalimantan Timur,,,True
icrs-a-00457,Puerto Rico Department of Natural and Environmental,Puerto Rico Department of Natural and Environmental,Puerto Rico,PR,fallback,18.4655,-66.1057,capital_fallback,1,3,True,True,delegate_list;geocode_csv;programme,"Puerto Rico Department of Natural and Environmental, Puerto Rico",False,,Puerto Rico Department of Natural and Environmental,,,True
icrs-a-00458,Puipikak Malu Indigenous Corporation,Puipikak Malu Indigenous Corporation,Australia,AU,fallback,-35.2809,149.13,capital_fallback,1,1,True,False,delegate_list;geocode_csv,"Puipikak Malu Indigenous Corporation, Australia",False,,Puipikak Malu Indigenous Corporation,,,True
icrs-a-00459,Qatar University,Qatar University,Qatar,QA,ok,25.376139,51.4830739,geocode_csv,1,1,True,True,delegate_list;geocode_csv;programme,"Qatar University, Qatar",False,,Qatar University,,,True
icrs-a-00460,Qubit Systems Inc.,Qubit Systems Inc.,Canada,CA,ok,44.2592656,-76.5254426,geocode_csv,1,1,True,False,delegate_list;geocode_csv,"Qubit Systems Inc., Canada",False,,Qubit Systems Inc.,,,True
icrs-a-00461,Queensland Museum,Queensland Museum,Australia,AU,ok,-27.473109,153.0181887,geocode_csv,1,2,True,True,delegate_list;geocode_csv;programme,"Queensland Museum, Australia",False,,Queensland Museum,,,True
icrs-a-00462,Queensland University of Technology,"Queensland University of Technology, Australia",Australia,AU,ok,-27.4778241,153.0274859,geocode_csv,2,5,True,True,delegate_list;display_alias;geocode_csv;programme,"Queensland University of Technology; Queensland University of Technology, Australia",False,,"Queensland University of Technology, Australia",,,True
icrs-a-00463,Raising Coral Costa Rica,Raising Coral Costa Rica,Costa Rica,CR,ok,8.5388525,-83.3067291,geocode_csv,1,1,True,True,delegate_list;geocode_csv;programme,"Raising Coral Costa Rica, Costa Rica",False,,Raising Coral Costa Rica,,,True
icrs-a-00464,Ramkhamhaeng University,"Ramkhamhaeng University, Thailand",Thailand,TH,ok,13.7587013,100.6181488,geocode_csv,2,7,True,True,delegate_list;display_alias;geocode_csv;programme,"Ramkhamhaeng University; Ramkhamhaeng University, Thailand",False,,"Ramkhamhaeng University, Thailand",,,True
icrs-a-00465,Randolph-Macon College,Randolph-Macon College,United States,US,ok,37.7631796,-77.4773666,geocode_csv,1,1,True,True,delegate_list;geocode_csv;programme,"Randolph-Macon College, United States",False,,Randolph-Macon College,,,True
icrs-a-00466,Rare - Indonesia,Rare - Indonesia,Indonesia,ID,ok,-6.5853769,106.8010277,geocode_csv,1,1,True,True,delegate_list;geocode_csv;programme,"Rare - Indonesia, Indonesia",False,,Rare - Indonesia,,,True
icrs-a-00467,Rare,Rare,Australia,AU,fallback,-35.2809,149.13,capital_fallback,1,1,True,False,delegate_list;geocode_csv,"Rare, Australia",False,,Rare,,,True
icrs-a-00468,Rebuilding with Nature,Rebuilding with Nature,Japan,JP,fallback,35.6762,139.6503,capital_fallback,1,1,True,True,delegate_list;geocode_csv;programme,"Rebuilding with Nature, Japan",False,,Rebuilding with Nature,,,True
icrs-a-00469,Red Sea Global,Red Sea Global,Saudi Arabia,SA,fallback,24.7136,46.6753,capital_fallback,1,1,True,True,delegate_list;geocode_csv;programme,"Red Sea Global, Saudi Arabia",False,,Red Sea Global,,,True
icrs-a-00470,Reef and Rainforest Research Centre,Reef and Rainforest Research Centre,Australia,AU,ok,-16.9246983,145.7789583,geocode_csv,1,2,True,True,delegate_list;geocode_csv;programme,"Reef and Rainforest Research Centre, Australia",False,,Reef and Rainforest Research Centre,,,True
icrs-a-00471,Reef Check Indonesia,Reef Check Indonesia,Indonesia,ID,ok,-8.6848473,115.2425564,geocode_csv,1,2,True,True,delegate_list;geocode_csv;programme,"Reef Check Indonesia, Indonesia",False,,Reef Check Indonesia,,,True
icrs-a-00472,Reef Conservation,Reef Conservation,Mauritius,MU,ok,-19.9902655,57.5991267,geocode_csv,1,3,True,True,delegate_list;geocode_csv;programme,"Reef Conservation, Mauritius",False,,Reef Conservation,,,True
icrs-a-00473,Reef Explorer - Fiji,Reef Explorer - Fiji,Fiji,FJ,fallback,-18.1416,178.4419,capital_fallback,1,1,True,True,delegate_list;geocode_csv;programme,"Reef Explorer - Fiji, Fiji",False,,Reef Explorer - Fiji,,,True
icrs-a-00474,Reef Renewal Foundation,Reef Renewal Foundation - Curacao,Curaçao,CW,ok,12.0851416,-68.8966315,geocode_csv,1,1,True,False,delegate_list;geocode_csv,"Reef Renewal Foundation - Curacao, Curaçao",False,,Reef Renewal Foundation - Curacao,,,True
icrs-a-00475,Reef Renewal Foundation,Reef Renewal Foundation,Curaçao,CW,ok,12.0851416,-68.8966315,geocode_csv,3,0,False,False,display_alias,"Reef Renewal Foundation; Reef Renewal Foundation - Curacao, Curacao; Reef Renewal Foundation - Curacao, Curaçao",False,,Reef Renewal Foundation,,,False
icrs-a-00476,Reef Song,Reef Song,Australia,AU,fallback,-35.2809,149.13,capital_fallback,1,1,True,False,delegate_list;geocode_csv,"Reef Song, Australia",False,,Reef Song,,,True
icrs-a-00477,Reef Support,Reef Support,Colombia,CO,fallback,4.711,-74.0721,capital_fallback,1,1,True,True,delegate_list;geocode_csv;programme,"Reef Support, Colombia",False,,Reef Support,,,True
icrs-a-00478,Rekam Nusantara Foundation,Rekam Nusantara Foundation,Indonesia,ID,ok,-6.5888352,106.7982128,geocode_csv,1,2,True,True,delegate_list;geocode_csv;programme,"Rekam Nusantara Foundation, Indonesia",False,,Rekam Nusantara Foundation,,,True
icrs-a-00479,Research Center for Biota System,Research Center for Biota System,Indonesia,ID,fallback,-6.2088,106.8456,capital_fallback,1,1,True,True,delegate_list;geocode_csv;programme,"Research Center for Biota System, Indonesia",False,,Research Center for Biota System,,,True
icrs-a-00480,Resiliensea Immersive,Resiliensea Immersive,United States,US,fallback,38.9072,-77.0369,capital_fallback,1,1,True,True,delegate_list;geocode_csv;programme,"Resiliensea Immersive, United States",False,,Resiliensea Immersive,,,True
icrs-a-00481,"Rethinking, Rebuilding, Regenerating Coral Reefs","Rethinking, Rebuilding, Regenerating Coral Reefs",Philippines,PH,fallback,14.5995,120.9842,capital_fallback,1,1,True,True,delegate_list;geocode_csv;programme,"Rethinking, Rebuilding, Regenerating Coral Reefs, Philippines",False,,"Rethinking, Rebuilding, Regenerating Coral Reefs",,,True
icrs-a-00482,Reva Atea,Reva Atea,French Polynesia,PF,fallback,-17.5516,-149.5585,capital_fallback,1,1,True,True,delegate_list;geocode_csv;programme,"Reva Atea, French Polynesia",False,,Reva Atea,,,True
icrs-a-00483,Rockefeller University,Rockefeller University,United States,US,ok,40.7624872,-73.9556762,geocode_csv,1,1,True,False,delegate_list;geocode_csv,"Rockefeller University, United States",False,,Rockefeller University,,,True
icrs-a-00484,"Rosenstiel School of Marine, Atmospheric and Earth","Rosenstiel School of Marine, Atmospheric and Earth",United States,US,ok,25.7324169,-80.1636566,geocode_csv,1,1,True,False,delegate_list;geocode_csv,"Rosenstiel School of Marine, Atmospheric and Earth, United States",False,,"Rosenstiel School of Marine, Atmospheric and Earth",,,True
icrs-a-00485,"Rosenstiel School of Marine, Atmospheric, and Earth","Rosenstiel School of Marine, Atmospheric, and Earth, United States",United States,US,fallback,38.9072,-77.0369,capital_fallback,4,2,True,True,delegate_list;display_alias;geocode_csv;programme,"Rosenstiel School of Marine, Atmospheric and Earth Science; Rosenstiel School of Marine, Atmospheric and Earth Science, United States; Rosenstiel School of Marine, Atmospheric, and Earth Science; Rosenstiel School of Marine, Atmospheric, and Earth, United States",False,,"Rosenstiel School of Marine, Atmospheric and Earth Science",,,True
icrs-a-00486,Royal Netherlands Institute for Sea Research,Royal Netherlands Institute for Sea Research,Netherlands,NL,ok,51.4887209,4.0568124,geocode_csv,1,1,True,True,delegate_list;geocode_csv;programme,"Royal Netherlands Institute for Sea Research, Netherlands",False,,Royal Netherlands Institute for Sea Research,,,True
icrs-a-00487,RPI under contract to NOAA National Ocean Service,RPI under contract to NOAA National Ocean Service,United States,US,fallback,38.9072,-77.0369,capital_fallback,1,0,False,True,programme,RPI under contract to NOAA National Ocean Service,False,,RPI under contract to NOAA National Ocean Service,,,True
icrs-a-00488,Ruhr University - Bochum,Ruhr University - Bochum,Germany,DE,ok,51.444419,7.2613027,geocode_csv,1,1,True,True,delegate_list;geocode_csv;programme,"Ruhr University - Bochum, Germany",False,,Ruhr University - Bochum,,,True
icrs-a-00489,Ruhuna University,Ruhuna University,Sri Lanka,LK,ok,5.9383232,80.5764962,geocode_csv,1,1,True,True,delegate_list;geocode_csv;programme,"Ruhuna University, Sri Lanka",False,,Ruhuna University,,,True
icrs-a-00490,Saba Conservation Foundation,Saba Conservation Foundation,Netherlands,NL,fallback,52.3676,4.9041,capital_fallback,1,1,True,False,delegate_list;geocode_csv,"Saba Conservation Foundation, Netherlands",False,,Saba Conservation Foundation,,,True
icrs-a-00491,Sail for Reefs,Sail for Reefs,Puerto Rico,PR,fallback,18.4655,-66.1057,capital_fallback,1,1,True,True,delegate_list;geocode_csv;programme,"Sail for Reefs, Puerto Rico",False,,Sail for Reefs,,,True
icrs-a-00492,San Diego State University,San Diego State University,United States,US,ok,32.7754647,-117.0711887,geocode_csv,1,2,True,True,delegate_list;geocode_csv;programme,"San Diego State University, United States",False,,San Diego State University,,,True
icrs-a-00493,Saudi Aramco,Saudi Aramco,Saudi Arabia,SA,fallback,24.7136,46.6753,capital_fallback,1,1,True,True,delegate_list;geocode_csv;programme,"Saudi Aramco, Saudi Arabia",False,,Saudi Aramco,,,True
icrs-a-00494,Scripps Institution of Oceanography,"Scripps Institution of Oceanography, United States",United States,US,ok,32.8681401,-117.2503233,geocode_csv,2,11,True,True,delegate_list;display_alias;geocode_csv;programme,"Scripps Institution of Oceanography; Scripps Institution of Oceanography, United States",False,,"Scripps Institution of Oceanography, United States",,,True
icrs-a-00495,Sea Education Association,Sea Education Association,United States,US,ok,41.5486144,-70.6453534,geocode_csv,1,1,True,True,delegate_list;geocode_csv;programme,"Sea Education Association, United States",False,,Sea Education Association,,,True
icrs-a-00496,Sea Grant,Sea Grant,American Samoa,AS,fallback,-14.2756,-170.702,capital_fallback,1,1,True,False,delegate_list;geocode_csv,"Sea Grant, American Samoa",False,,Sea Grant,,,True
icrs-a-00497,Sea Ventures Marine Response Unit,Sea Ventures Marine Response Unit,Puerto Rico,PR,ok,18.3401286,-65.6401996,geocode_csv,1,1,True,True,delegate_list;geocode_csv;programme,"Sea Ventures Marine Response Unit, Puerto Rico",False,,Sea Ventures Marine Response Unit,,,True
icrs-a-00498,Sea Women of Melanesia Inc,Sea Women of Melanesia Inc,Papua New Guinea,PG,fallback,-9.4438,147.1803,capital_fallback,1,1,True,True,delegate_list;geocode_csv;programme,"Sea Women of Melanesia Inc, Papua New Guinea",False,,Sea Women of Melanesia Inc,,,True
icrs-a-00499,Seatrees,Seatrees,United States,US,fallback,38.9072,-77.0369,capital_fallback,1,2,True,True,delegate_list;geocode_csv;programme,"Seatrees, United States",False,,Seatrees,,,True
icrs-a-00500,SECORE International,SECORE International,Mauritius,MU,fallback,-20.1609,57.5012,capital_fallback,1,2,True,True,delegate_list;geocode_csv;programme,"SECORE International, Mauritius",False,,SECORE International,,,True
icrs-a-00501,SECORE International,SECORE International,Mexico,MX,fallback,19.4326,-99.1332,capital_fallback,1,1,True,True,delegate_list;geocode_csv;programme,"SECORE International, Mexico",False,,SECORE International,,,True
icrs-a-00502,SECORE International,SECORE International,United States,US,ok,40.037692,-83.142082,geocode_csv,1,2,True,True,delegate_list;geocode_csv;programme,"SECORE International, United States",False,,SECORE International,,,True
icrs-a-00503,Secretariat of the Pacific Regional Environment,Secretariat of the Pacific Regional Environment,Samoa,WS,fallback,-13.8333,-171.7667,capital_fallback,1,1,True,False,delegate_list;geocode_csv,"Secretariat of the Pacific Regional Environment, Samoa",False,,Secretariat of the Pacific Regional Environment,,,True
icrs-a-00504,Senckenberg Nature Museum - Frankfurt,Senckenberg Nature Museum - Frankfurt,Germany,DE,ok,50.1175579,8.6522363,geocode_csv,1,1,True,True,delegate_list;geocode_csv;programme,"Senckenberg Nature Museum - Frankfurt, Germany",False,,Senckenberg Nature Museum - Frankfurt,,,True
icrs-a-00505,Senckenberg Research Institute,Senckenberg Research Institute,Germany,DE,fallback,52.52,13.405,capital_fallback,1,0,False,True,programme,Senckenberg Research Institute,False,,Senckenberg Research Institute,,,True
icrs-a-00506,Seokyeong University,Seokyeong University,South Korea,KR,ok,37.6148855,127.0133508,geocode_csv,1,1,True,False,delegate_list;geocode_csv,"Seokyeong University, South Korea",False,,Seokyeong University,,,True
icrs-a-00507,"Settide, LLC","Settide, LLC",United States,US,fallback,38.9072,-77.0369,capital_fallback,2,1,True,True,delegate_list;geocode_csv;programme,"Settide, LLC; Settide, LLC, United States",False,,"Settide, LLC",,,True
icrs-a-00508,Seychelles Islands Foundation,Seychelles Islands Foundation,Seychelles,SC,ok,-4.5833333,55.6666667,geocode_csv,1,2,True,True,delegate_list;geocode_csv;programme,"Seychelles Islands Foundation, Seychelles",False,,Seychelles Islands Foundation,,,True
icrs-a-00509,Shahid Beheshti University Of Tehran,Shahid Beheshti University Of Tehran,Iran,IR,missing,,,,1,0,False,True,programme,Shahid Beheshti University Of Tehran,True,geocode_missing,Shahid Beheshti University Of Tehran,,,False
icrs-a-00510,Shantou University,Shantou University,China,CN,ok,23.409312,116.63429,geocode_csv,1,1,True,True,delegate_list;geocode_csv;programme,"Shantou University, China",False,,Shantou University,,,True
icrs-a-00511,Shenzhen MSU-BIT University,Shenzhen MSU-BIT University,China,CN,ok,22.6826092,114.2056483,geocode_csv,1,1,True,True,delegate_list;geocode_csv;programme,"Shenzhen MSU-BIT University, China",False,,Shenzhen MSU-BIT University,,,True
icrs-a-00512,Shoals Rodrigues,Shoals Rodrigues,Mauritius,MU,ok,-19.6827533,63.4176398,geocode_csv,1,1,True,True,delegate_list;geocode_csv;programme,"Shoals Rodrigues, Mauritius",False,,Shoals Rodrigues,,,True
icrs-a-00513,Silliiman University,Silliiman University,Philippines,PH,ok,9.311631,123.3073105,geocode_csv,1,1,True,True,delegate_list;geocode_csv;programme,"Silliiman University, Philippines",False,,Silliiman University,,,True
icrs-a-00514,Silliman University,"Silliman University, Philippines",Philippines,PH,ok,9.311631,123.3073105,geocode_csv,2,4,True,True,delegate_list;display_alias;geocode_csv;programme,"Silliman University; Silliman University, Philippines",False,,"Silliman University, Philippines",,,True
icrs-a-00515,Smithsonian Environmental Research Center,Smithsonian Environmental Research Center,United States,US,ok,38.9015623,-76.5564251,geocode_csv,1,3,True,True,delegate_list;geocode_csv;programme,"Smithsonian Environmental Research Center, United States",False,,Smithsonian Environmental Research Center,,,True
icrs-a-00516,Smithsonian Institution,Smithsonian Institution,United States,US,ok,38.8860146,-77.0213921,geocode_csv,1,2,True,True,delegate_list;geocode_csv;programme,"Smithsonian Institution, United States",False,,Smithsonian Institution,,,True
icrs-a-00517,Smithsonian Marine Station,Smithsonian Marine Station,United States,US,ok,27.4600815,-80.311461,geocode_csv,1,1,True,True,delegate_list;geocode_csv;programme,"Smithsonian Marine Station, United States",False,,Smithsonian Marine Station,,,True
icrs-a-00518,Smithsonian Tropical Research Center,Smithsonian Tropical Research Center,Panama,PA,ok,8.9621166,-79.5445144,geocode_csv,1,1,True,True,delegate_list;geocode_csv;programme,"Smithsonian Tropical Research Center, Panama",False,,Smithsonian Tropical Research Center,,,True
icrs-a-00519,Smithsonian Tropical Research Institute - Panama,Smithsonian Tropical Research Institute - Panama,Panama,PA,fallback,8.9824,-79.5199,capital_fallback,1,1,True,True,delegate_list;geocode_csv;programme,"Smithsonian Tropical Research Institute - Panama, Panama",False,,Smithsonian Tropical Research Institute - Panama,,,True
icrs-a-00520,Smithsonian Tropical Research Institute,Smithsonian Tropical Research Institute,Finland,FI,fallback,60.1699,24.9384,capital_fallback,1,1,True,True,delegate_list;geocode_csv;programme,"Smithsonian Tropical Research Institute, Finland",False,,Smithsonian Tropical Research Institute,,,True
icrs-a-00521,Smithsonian Tropical Research Institute,Smithsonian Tropical Research Institute,Panama,PA,fallback,8.9824,-79.5199,capital_fallback,1,5,True,True,delegate_list;geocode_csv;programme,"Smithsonian Tropical Research Institute, Panama",False,,Smithsonian Tropical Research Institute,,,True
icrs-a-00522,Smithsonian Tropical Research Institute,Smithsonian Tropical Research Institute,United States,US,fallback,38.9072,-77.0369,capital_fallback,1,1,True,True,delegate_list;geocode_csv;programme,"Smithsonian Tropical Research Institute, United States",False,,Smithsonian Tropical Research Institute,,,True
icrs-a-00523,Soneva Conservation and Sustainability Maldives,Soneva Conservation and Sustainability Maldives,Maldives,MV,fallback,4.1755,73.5093,capital_fallback,1,1,True,True,delegate_list;geocode_csv;programme,"Soneva Conservation and Sustainability Maldives, Maldives",False,,Soneva Conservation and Sustainability Maldives,,,True
icrs-a-00524,South China Sea Institute of Oceanology,"South China Sea Institute of Oceanology, China",China,CN,ok,15.488092,114.404754,geocode_csv,2,6,True,True,delegate_list;display_alias;geocode_csv;programme,"South China Sea Institute of Oceanology; South China Sea Institute of Oceanology, China",False,,"South China Sea Institute of Oceanology, China",,,True
icrs-a-00525,Southeast Fisheries Science Center,Southeast Fisheries Science Center,United States,US,ok,25.7337025,-80.1605119,geocode_csv,1,1,True,True,delegate_list;geocode_csv;programme,"Southeast Fisheries Science Center, United States",False,,Southeast Fisheries Science Center,,,True
icrs-a-00526,Southern Cross University,Southern Cross University,Australia,AU,ok,-28.8193845,153.2994738,geocode_csv,1,12,True,True,delegate_list;geocode_csv;programme,"Southern Cross University, Australia",False,,Southern Cross University,,,True
icrs-a-00527,Southern Cross University,Southern Cross University,Maldives,MV,fallback,4.1755,73.5093,capital_fallback,1,1,True,True,delegate_list;geocode_csv;programme,"Southern Cross University, Maldives",False,,Southern Cross University,,,True
icrs-a-00528,Southern Cross University,Southern Cross University,New Caledonia,NC,fallback,-22.2558,166.4505,capital_fallback,1,1,True,True,delegate_list;geocode_csv;programme,"Southern Cross University, New Caledonia",False,,Southern Cross University,,,True
icrs-a-00529,Southern Cross University,Southern Cross University,Philippines,PH,fallback,14.5995,120.9842,capital_fallback,1,1,True,False,delegate_list;geocode_csv,"Southern Cross University, Philippines",False,,Southern Cross University,,,True
icrs-a-00530,Southern Environmental Association,Southern Environmental Association,Belize,BZ,ok,16.519986,-88.3706087,geocode_csv,1,1,True,False,delegate_list;geocode_csv,"Southern Environmental Association, Belize",False,,Southern Environmental Association,,,True
icrs-a-00531,Southern Marine Science and Engineering Guangdong Laboratory,Southern Marine Science and Engineering Guangdong Laboratory,China,CN,fallback,39.9042,116.4074,capital_fallback,1,0,False,True,programme,Southern Marine Science and Engineering Guangdong Laboratory,False,,Southern Marine Science and Engineering Guangdong Laboratory,,,True
icrs-a-00532,Southern University of Science and Technology,Southern University of Science and Technology,China,CN,ok,22.593969,113.99894,geocode_csv,1,1,True,False,delegate_list;geocode_csv,"Southern University of Science and Technology, China",False,,Southern University of Science and Technology,,,True
icrs-a-00533,Spanish National Research Council,Spanish National Research Council,Spain,ES,fallback,40.4168,-3.7038,capital_fallback,1,1,True,True,delegate_list;geocode_csv;programme,"Spanish National Research Council, Spain",False,,Spanish National Research Council,,,True
icrs-a-00534,Stanford University,"Stanford University, United States",United States,US,ok,37.42766,-122.17006,geocode_csv,2,5,True,True,delegate_list;display_alias;geocode_csv;programme,"Stanford University; Stanford University, United States",False,,"Stanford University, United States",,,True
icrs-a-00535,Stantec GS,Stantec GS,United States,US,fallback,38.9072,-77.0369,capital_fallback,1,3,True,True,delegate_list;geocode_csv;programme,"Stantec GS, United States",False,,Stantec GS,,,True
icrs-a-00536,State of Hawaiʻi,"State of Hawaiʻi, United States",United States,US,fallback,21.3069,-157.8583,capital_fallback,5,3,True,True,delegate_list;display_alias;geocode_csv;programme,"State of Hawai'i; State of Hawai'i, United States; State of Hawaii; State of Hawaiʻi; State of Hawaiʻi, United States",False,,"State of Hawaiʻi, United States",,,True
icrs-a-00537,State University of New York,State University of New York,United States,US,ok,40.7127753,-74.0059728,geocode_csv,1,1,True,True,delegate_list;geocode_csv;programme,"State University of New York, United States",False,,State University of New York,,,True
icrs-a-00538,Stazione Zoologica Anton Dohrn,Stazione Zoologica Anton Dohrn,Italy,IT,ok,40.8327613,14.2352737,geocode_csv,1,1,True,True,delegate_list;geocode_csv;programme,"Stazione Zoologica Anton Dohrn, Italy",False,,Stazione Zoologica Anton Dohrn,,,True
icrs-a-00539,Stony Brook University,Stony Brook University,United States,US,ok,40.9132244,-73.1261091,geocode_csv,1,4,True,True,delegate_list;geocode_csv;programme,"Stony Brook University, United States",False,,Stony Brook University,,,True
icrs-a-00540,Suganthi Devadason Marine Research Institute,Suganthi Devadason Marine Research Institute,India,IN,ok,8.8000266,78.1571198,geocode_csv,1,4,True,True,delegate_list;geocode_csv;programme,"Suganthi Devadason Marine Research Institute, India",False,,Suganthi Devadason Marine Research Institute,,,True
icrs-a-00541,Sultan Qaboos University,Sultan Qaboos University,Oman,OM,ok,23.5912214,58.1721266,geocode_csv,1,1,True,True,delegate_list;geocode_csv;programme,"Sultan Qaboos University, Oman",False,,Sultan Qaboos University,,,True
icrs-a-00542,Sulubaai Environmental Foundation,Sulubaai Environmental Foundation,Philippines,PH,ok,11.0870065,119.5630652,geocode_csv,1,1,True,True,delegate_list;geocode_csv;programme,"Sulubaai Environmental Foundation, Philippines",False,,Sulubaai Environmental Foundation,,,True
icrs-a-00543,Sustainable Environment and Livelihood Solutions,Sustainable Environment and Livelihood Solutions,Tuvalu,TV,fallback,-8.52,179.1981,capital_fallback,1,1,True,True,delegate_list;geocode_csv;programme,"Sustainable Environment and Livelihood Solutions, Tuvalu",False,,Sustainable Environment and Livelihood Solutions,,,True
icrs-a-00544,Swedish University of Agricultural Sciences,Swedish University of Agricultural Sciences,Sweden,SE,ok,59.8163458,17.6594849,geocode_csv,1,1,True,True,delegate_list;geocode_csv;programme,"Swedish University of Agricultural Sciences, Sweden",False,,Swedish University of Agricultural Sciences,,,True
icrs-a-00545,Talanoa Consulting Fiji,Talanoa Consulting Fiji,Fiji,FJ,ok,-18.1441605,178.4306091,geocode_csv,1,1,True,True,delegate_list;geocode_csv;programme,"Talanoa Consulting Fiji, Fiji",False,,Talanoa Consulting Fiji,,,True
icrs-a-00546,Talanoa Consulting,Talanoa Consulting,Fiji,FJ,ok,-18.1441605,178.4306091,geocode_csv,1,1,True,True,delegate_list;geocode_csv;programme,"Talanoa Consulting, Fiji",False,,Talanoa Consulting,,,True
icrs-a-00547,Tamil Nadu Coastal Restoration Mission,Tamil Nadu Coastal Restoration Mission,Indonesia,ID,fallback,-6.2088,106.8456,capital_fallback,1,0,False,True,programme,Tamil Nadu Coastal Restoration Mission,False,,Tamil Nadu Coastal Restoration Mission,,,True
icrs-a-00548,Tanzania Marine Parks and Reserves Unit,Tanzania Marine Parks and Reserves Unit,"Tanzania, United Republic of",TZ,fallback,-6.163,35.7516,capital_fallback,1,1,True,True,delegate_list;geocode_csv;programme,"Tanzania Marine Parks and Reserves Unit, Tanzania, United Republic of",False,,Tanzania Marine Parks and Reserves Unit,,,True
icrs-a-00549,Taupulega Fakaofo,Taupulega Fakaofo,Tokelau,TK,ok,-9.3802555,-171.2188355,geocode_csv,1,1,True,False,delegate_list;geocode_csv,"Taupulega Fakaofo, Tokelau",False,,Taupulega Fakaofo,,,True
icrs-a-00550,Technical University of Denmark,Technical University of Denmark,Denmark,DK,ok,55.7860512,12.5233698,geocode_csv,1,1,True,True,delegate_list;geocode_csv;programme,"Technical University of Denmark, Denmark",False,,Technical University of Denmark,,,True
icrs-a-00551,Technion,Technion,Israel,IL,missing,,,,1,0,False,True,programme,Technion,True,geocode_missing,Technion,,,False
icrs-a-00552,Tel Aviv University,"Tel Aviv University, Israel",Israel,IL,ok,32.113496,34.803609,geocode_csv,2,11,True,True,delegate_list;display_alias;geocode_csv;programme,"Tel Aviv University; Tel Aviv University, Israel",False,,"Tel Aviv University, Israel",,,True
icrs-a-00553,TerraCarbon LLC,TerraCarbon LLC,United States,US,fallback,38.9072,-77.0369,capital_fallback,1,1,True,False,delegate_list;geocode_csv,"TerraCarbon LLC, United States",False,,TerraCarbon LLC,,,True
icrs-a-00554,Tetra Tech Coffey,Tetra Tech Coffey,New Zealand,NZ,fallback,-41.2865,174.7762,capital_fallback,1,1,True,False,delegate_list;geocode_csv,"Tetra Tech Coffey, New Zealand",False,,Tetra Tech Coffey,,,True
icrs-a-00555,Texas A&M University - Corpus Christi,Texas A&M University - Corpus Christi,United States,US,ok,27.7123121,-97.3245739,geocode_csv,1,0,False,True,programme,Texas A&M University - Corpus Christi,False,,Texas A&M University - Corpus Christi,,,True
icrs-a-00556,Texas A&M University - Galveston,Texas A&M University - Galveston,United States,US,ok,29.3154967,-94.8182868,geocode_csv,1,1,True,True,delegate_list;geocode_csv;programme,"Texas A&M University - Galveston, United States",False,,Texas A&M University - Galveston,,,True
icrs-a-00557,Texas A&M University,Texas A&M University,United States,US,ok,30.6186625,-96.3364251,geocode_csv,2,3,True,True,delegate_list;geocode_csv;programme,"Texas A&M University - Corpus Christi, United States; Texas A&M University, United States",False,,Texas A&M University,,,True
icrs-a-00558,Texas State University,Texas State University,United States,US,ok,29.888411,-97.938351,geocode_csv,1,3,True,True,delegate_list;geocode_csv;programme,"Texas State University, United States",False,,Texas State University,,,True
icrs-a-00559,The Florida Aquarium,"The Florida Aquarium, United States",United States,US,ok,27.943972,-82.4448747,geocode_csv,3,2,True,True,delegate_list;display_alias;geocode_csv;programme,"The Florida Aquarium; The Florida Aquarium, United States; the Florida Aquarium",False,,"The Florida Aquarium, United States",,,True
icrs-a-00560,The International Seakeepers Society,The International Seakeepers Society,New Zealand,NZ,fallback,-41.2865,174.7762,capital_fallback,1,1,True,True,delegate_list;geocode_csv;programme,"The International Seakeepers Society, New Zealand",False,,The International Seakeepers Society,,,True
icrs-a-00561,The Nature Conservancy - Jamaica,The Nature Conservancy - Jamaica,Jamaica,JM,fallback,18.0179,-76.8099,capital_fallback,1,1,True,True,delegate_list;geocode_csv;programme,"The Nature Conservancy - Jamaica, Jamaica",False,,The Nature Conservancy - Jamaica,,,True
icrs-a-00562,The Nature Conservancy - Micronesia & Polynesia,The Nature Conservancy - Micronesia & Polynesia,Palau,PW,fallback,7.5004,134.6242,capital_fallback,1,1,True,True,delegate_list;geocode_csv;programme,"The Nature Conservancy - Micronesia & Polynesia, Palau",False,,The Nature Conservancy - Micronesia & Polynesia,,,True
icrs-a-00563,The Nature Conservancy - Micronesia,The Nature Conservancy Micronesia (the Federated States of),United States,US,fallback,38.9072,-77.0369,capital_fallback,1,1,True,False,delegate_list;geocode_csv,"Backpacker, United States",False,,The Nature Conservancy Micronesia (the Federated States of),,,True
icrs-a-00564,The Nature Conservancy - Reef Resilience Network,"The Nature Conservancy - Reef Resilience Network, United States",United States,US,fallback,38.9072,-77.0369,capital_fallback,3,1,True,False,delegate_list;display_alias;geocode_csv,"The Nature Conservancy - Reef Resilience Network; The Nature Conservancy - Reef Resilience Network, United States; the Nature Conservancy - Reef Resilience Network",False,,"The Nature Conservancy - Reef Resilience Network, United States",,,True
icrs-a-00565,The Nature Conservancy - Guam,The Nature Conservancy,Guam,GU,fallback,13.476,144.7502,capital_fallback,1,1,True,True,delegate_list;geocode_csv;programme,"The Nature Conservancy, Guam",False,,The Nature Conservancy,,,True
icrs-a-00566,The Nature Conservancy - Jamaica,The Nature Conservancy,Jamaica,JM,fallback,18.0179,-76.8099,capital_fallback,1,1,True,False,delegate_list;geocode_csv,"The Nature Conservancy, Jamaica",False,,The Nature Conservancy,,,True
icrs-a-00567,The Nature Conservancy - Mexico,The Nature Conservancy,Mexico,MX,fallback,19.4326,-99.1332,capital_fallback,1,1,True,True,delegate_list;geocode_csv;programme,"The Nature Conservancy, Mexico",False,,The Nature Conservancy,,,True
icrs-a-00568,The Nature Conservancy - Micronesia,The Nature Conservancy,"Micronesia, Federated States of",FM,fallback,6.9147,158.161,capital_fallback,1,1,True,False,delegate_list;geocode_csv,"The Nature Conservancy, Micronesia, Federated States of",False,,The Nature Conservancy,,,True
icrs-a-00569,The Nature Conservancy - Papua New Guinea,The Nature Conservancy,Papua New Guinea,PG,ok,-9.445802,147.1882966,geocode_csv,1,1,True,False,delegate_list;geocode_csv,"The Nature Conservancy, Papua New Guinea",False,,The Nature Conservancy,,,True
icrs-a-00570,The Nature Conservancy,"The Nature Conservancy Venezuela, Bolivarian Republic of",Portugal,PT,fallback,38.7223,-9.1393,capital_fallback,1,1,False,True,programme,"The Nature Conservancy Venezuela, Bolivarian Republic of, Portugal",False,,"The Nature Conservancy Venezuela, Bolivarian Republic of",,,True
icrs-a-00571,The Nature Conservancy - United States,The Nature Conservancy,United States,US,ok,37.2933496,-75.9315222,geocode_csv,1,10,True,True,delegate_list;geocode_csv;programme,"The Nature Conservancy, United States",False,,The Nature Conservancy,,,True
icrs-a-00572,The Nature Conservancy - US Virgin Islands,The Nature Conservancy,United States Virgin Islands,VI,ok,17.7571918,-64.7256192,geocode_csv,1,1,True,True,delegate_list;geocode_csv;programme,"The Nature Conservancy, United States Virgin Islands",False,,The Nature Conservancy,,,True
icrs-a-00573,The Nature Conservancy - Venezuela,The Nature Conservancy,"Venezuela, Bolivarian Republic of",VE,fallback,10.4806,-66.9036,capital_fallback,1,1,True,True,delegate_list;geocode_csv;programme,"The Nature Conservancy, Venezuela, Bolivarian Republic of",False,,The Nature Conservancy,,,True
icrs-a-00574,The Two Frontiers Project,The Two Frontiers Project,United States,US,fallback,38.9072,-77.0369,capital_fallback,1,1,True,True,delegate_list;geocode_csv;programme,"The Two Frontiers Project, United States",False,,The Two Frontiers Project,,,True
icrs-a-00575,Tohoku University,Tohoku University,Japan,JP,ok,38.253834,140.874074,geocode_csv,1,1,True,True,delegate_list;geocode_csv;programme,"Tohoku University, Japan",False,,Tohoku University,,,True
icrs-a-00576,"Tokelau Ministry of Climate, Ocean and Resilience","Tokelau Ministry of Climate, Ocean and Resilience",Tokelau,TK,fallback,-8.554,-172.5156,capital_fallback,1,1,True,False,delegate_list;geocode_csv,"Tokelau Ministry of Climate, Ocean and Resilience, Tokelau",False,,"Tokelau Ministry of Climate, Ocean and Resilience",,,True
icrs-a-00577,Tokyo Metroplolitan University,Tokyo Metroplolitan University,Japan,JP,ok,35.6172487,139.3771559,geocode_csv,1,1,True,True,delegate_list;geocode_csv;programme,"Tokyo Metroplolitan University, Japan",False,,Tokyo Metroplolitan University,,,True
icrs-a-00578,Tokyo Metropolitan University,Tokyo Metropolitan University,Japan,JP,ok,35.6172487,139.3771559,geocode_csv,1,2,True,True,delegate_list;geocode_csv;programme,"Tokyo Metropolitan University, Japan",False,,Tokyo Metropolitan University,,,True
icrs-a-00579,Tonga Ministry of Fisheries,Tonga Ministry of Fisheries,Tonga,TO,fallback,-21.1393,-175.2049,capital_fallback,1,1,True,False,delegate_list;geocode_csv,"Tonga Ministry of Fisheries, Tonga",False,,Tonga Ministry of Fisheries,,,True
icrs-a-00580,Transformations Community,Transformations Community,United States,US,fallback,38.9072,-77.0369,capital_fallback,1,1,True,True,delegate_list;geocode_csv;programme,"Transformations Community, United States",False,,Transformations Community,,,True
icrs-a-00581,Trent University,Trent University,Canada,CA,fallback,45.4215,-75.6972,capital_fallback,1,0,False,True,programme,Trent University,False,,Trent University,,,True
icrs-a-00582,Tubbataha Reefs Natural Park and World Heritage Site,Tubbataha Reefs Natural Park and World Heritage Site,Philippines,PH,ok,8.85,119.9333333,geocode_csv,1,1,True,False,delegate_list;geocode_csv,"Tubbataha Reefs Natural Park and World Heritage Site, Philippines",False,,Tubbataha Reefs Natural Park and World Heritage Site,,,True
icrs-a-00583,Tulane University,Tulane University,United States,US,ok,29.9407282,-90.1203167,geocode_csv,1,1,True,True,delegate_list;geocode_csv;programme,"Tulane University, United States",False,,Tulane University,,,True
icrs-a-00584,Turks and Caicos Reef Foundation,Turks and Caicos Reef Foundation,United States,US,fallback,38.9072,-77.0369,capital_fallback,1,1,True,True,delegate_list;geocode_csv;programme,"Turks and Caicos Reef Foundation, United States",False,,Turks and Caicos Reef Foundation,,,True
icrs-a-00585,Turks and Caicos Reef Fund,Turks and Caicos Reef Fund,United Kingdom,GB,fallback,51.5074,-0.1278,capital_fallback,1,1,True,True,delegate_list;geocode_csv;programme,"Turks and Caicos Reef Fund, United Kingdom",False,,Turks and Caicos Reef Fund,,,True
icrs-a-00586,Tuvalu Meteorological Service,Tuvalu Meteorological Service,Tuvalu,TV,fallback,-8.52,179.1981,capital_fallback,1,1,True,True,delegate_list;geocode_csv;programme,"Tuvalu Meteorological Service, Tuvalu",False,,Tuvalu Meteorological Service,,,True
icrs-a-00587,UCLouvain,UCLouvain,Belgium,BE,ok,50.6696767,4.615875,geocode_csv,1,1,True,True,delegate_list;geocode_csv;programme,"UCLouvain, Belgium",False,,UCLouvain,,,True
icrs-a-00588,UCSD,UCSD,United States,US,fallback,38.9072,-77.0369,capital_fallback,1,0,False,True,programme,UCSD,False,,UCSD,,,True
icrs-a-00589,Umeå University,"Umeå University, Sweden",Sweden,SE,ok,63.8201671,20.3006649,geocode_csv,6,2,True,True,delegate_list;display_alias;geocode_csv;programme,"Umea Univeristy; Umea University; Umeå Univeristy; Umeå Univeristy, Sweden; Umeå University; Umeå University, Sweden",False,,"Umeå University, Sweden",,,True
icrs-a-00590,United Nations Capital Development Funds,United Nations Capital Development Funds,Switzerland,CH,fallback,46.948,7.4474,capital_fallback,1,1,True,False,delegate_list;geocode_csv,"United Nations Capital Development Funds, Switzerland",False,,United Nations Capital Development Funds,,,True
icrs-a-00591,United Nations Development Programme,United Nations Development Programme,Seychelles,SC,fallback,-4.6191,55.4513,capital_fallback,1,1,True,False,delegate_list;geocode_csv,"United Nations Development Programme, Seychelles",False,,United Nations Development Programme,,,True
icrs-a-00592,United Nations Environment Programme,United Nations Environment Programme,Kenya,KE,fallback,-1.2921,36.8219,capital_fallback,1,1,True,False,delegate_list;geocode_csv,"United Nations Environment Programme, Kenya",False,,United Nations Environment Programme,,,True
icrs-a-00593,United States Geological Survey,United States Geological Survey,United States,US,fallback,38.9072,-77.0369,capital_fallback,1,3,True,True,delegate_list;geocode_csv;programme,"United States Geological Survey, United States",False,,United States Geological Survey,,,True
icrs-a-00594,Universidad Autónoma de Baja California Sur,"Universidad Autónoma de Baja California Sur, Mexico",Mexico,MX,ok,24.105262,-110.3077959,geocode_csv,4,3,True,True,delegate_list;display_alias;geocode_csv;programme,"Universidad Autonoma de Baja California Sur; Universidad Autonoma de Baja California Sur, Mexico; Universidad Autónoma de Baja California Sur; Universidad Autónoma de Baja California Sur, Mexico",False,,"Universidad Autónoma de Baja California Sur, Mexico",,,True
icrs-a-00595,Universidad Autónoma Del Estado de Quintana Roo,Universidad Autónoma Del Estado de Quintana Roo,Mexico,MX,ok,18.5230649,-88.2709592,geocode_csv,1,1,True,True,delegate_list;geocode_csv;programme,"Universidad Autónoma Del Estado de Quintana Roo, Mexico",False,,Universidad Autónoma Del Estado de Quintana Roo,,,True
icrs-a-00596,"Universidad Central de Venezuela Venezuela, Bolivarian Republic of","Universidad Central de Venezuela Venezuela, Bolivarian Republic of",Australia,AU,fallback,-35.2809,149.13,capital_fallback,1,1,False,True,programme,"Universidad Central de Venezuela Venezuela, Bolivarian Republic of, Australia",False,,"Universidad Central de Venezuela Venezuela, Bolivarian Republic of",,,True
icrs-a-00597,Universidad Central de Venezuela,Universidad Central de Venezuela,"Venezuela, Bolivarian Republic of",VE,ok,10.4869942,-66.894094,geocode_csv,1,1,True,True,delegate_list;geocode_csv;programme,"Universidad Central de Venezuela, Venezuela, Bolivarian Republic of",False,,Universidad Central de Venezuela,,,True
icrs-a-00598,Universidad De Guadalajara,Universidad De Guadalajara,Mexico,MX,ok,20.6747257,-103.3589506,geocode_csv,1,1,True,True,delegate_list;geocode_csv;programme,"Universidad De Guadalajara, Mexico",False,,Universidad De Guadalajara,,,True
icrs-a-00599,Universidad Del Magdalena,Universidad Del Magdalena,Colombia,CO,ok,11.2262461,-74.1873608,geocode_csv,1,1,True,True,delegate_list;geocode_csv;programme,"Universidad Del Magdalena, Colombia",False,,Universidad Del Magdalena,,,True
icrs-a-00600,Universidad del Valle,Universidad del Valle,Colombia,CO,ok,3.3767679,-76.5343197,geocode_csv,1,1,True,True,delegate_list;geocode_csv;programme,"Universidad del Valle, Colombia",False,,Universidad del Valle,,,True
icrs-a-00601,Universidad Nacional Autónoma De México,"Universidad Nacional Autónoma De México, Mexico",Mexico,MX,ok,19.3188895,-99.1843676,geocode_csv,7,7,True,True,delegate_list;display_alias;geocode_csv;programme,"Universidad Nacional Autonoma De Mexico; Universidad Nacional Autonoma de Mexico; Universidad Nacional Autonoma de Mexico, Mexico; Universidad Nacional Autónoma De México; Universidad Nacional Autónoma De México, Mexico; Universidad Nacional Autónoma de México; Universidad Nacional Autónoma de México, Mexico",False,,"Universidad Nacional Autónoma De México, Mexico",,,True
icrs-a-00602,Universidade do Estado do Rio de Janeiro,Universidade do Estado do Rio de Janeiro,Brazil,BR,ok,-22.9111739,-43.2361323,geocode_csv,1,2,True,True,delegate_list;geocode_csv;programme,"Universidade do Estado do Rio de Janeiro, Brazil",False,,Universidade do Estado do Rio de Janeiro,,,True
icrs-a-00603,Universidade Estadual Do Norte Fluminense,Universidade Estadual Do Norte Fluminense,Brazil,BR,fallback,-15.7939,-47.8828,capital_fallback,1,1,True,True,delegate_list;geocode_csv;programme,"Universidade Estadual Do Norte Fluminense, Brazil",False,,Universidade Estadual Do Norte Fluminense,,,True
icrs-a-00604,Universidade Federal de Santa Catarina,Universidade Federal de Santa Catarina,Brazil,BR,ok,-27.5999578,-48.5194134,geocode_csv,1,1,True,True,delegate_list;geocode_csv;programme,"Universidade Federal de Santa Catarina, Brazil",False,,Universidade Federal de Santa Catarina,,,True
icrs-a-00605,Universidade Federal do Rio de Janeiro,Universidade Federal do Rio de Janeiro,Brazil,BR,ok,-22.8674532,-43.2151914,geocode_csv,1,3,True,True,delegate_list;geocode_csv;programme,"Universidade Federal do Rio de Janeiro, Brazil",False,,Universidade Federal do Rio de Janeiro,,,True
icrs-a-00606,Universidade Federal do Rio Grande do Norte,"Universidade Federal do Rio Grande do Norte, Brazil",Brazil,BR,ok,-5.839721,-35.2016966,geocode_csv,2,5,True,True,delegate_list;display_alias;geocode_csv;programme,"Universidade Federal do Rio Grande do Norte; Universidade Federal do Rio Grande do Norte, Brazil",False,,"Universidade Federal do Rio Grande do Norte, Brazil",,,True
icrs-a-00607,Universidade Federal Fluminense,Universidade Federal Fluminense,Brazil,BR,fallback,-15.7939,-47.8828,capital_fallback,1,2,True,True,delegate_list;geocode_csv;programme,"Universidade Federal Fluminense, Brazil",False,,Universidade Federal Fluminense,,,True
icrs-a-00608,Universidade Lúrio,"Universidade Lúrio, Mozambique",Mozambique,MZ,ok,-15.1187942,39.1992777,geocode_csv,3,1,True,True,delegate_list;display_alias;geocode_csv;programme,"Universidade Lurio; Universidade Lúrio; Universidade Lúrio, Mozambique",False,,"Universidade Lúrio, Mozambique",,,True
icrs-a-00609,Universitas Indonesia,Universitas Indonesia,Indonesia,ID,fallback,-6.2088,106.8456,capital_fallback,1,1,True,False,delegate_list;geocode_csv,"Universitas Indonesia, Indonesia",False,,Universitas Indonesia,,,True
icrs-a-00610,Universitat de Barcelona,Universitat de Barcelona,Spain,ES,fallback,40.4168,-3.7038,capital_fallback,1,0,False,True,programme,Universitat de Barcelona,False,,Universitat de Barcelona,,,True
icrs-a-00611,Universiti Kebangsaan Malaysia,Universiti Kebangsaan Malaysia,Malaysia,MY,ok,2.9289681,101.7800927,geocode_csv,1,1,True,True,delegate_list;geocode_csv;programme,"Universiti Kebangsaan Malaysia, Malaysia",False,,Universiti Kebangsaan Malaysia,,,True
icrs-a-00612,Universiti Malaysia Terengganu,Universiti Malaysia Terengganu,Malaysia,MY,ok,5.4053119,103.087693,geocode_csv,1,2,True,True,delegate_list;geocode_csv;programme,"Universiti Malaysia Terengganu, Malaysia",False,,Universiti Malaysia Terengganu,,,True
icrs-a-00613,Universiti Sains Malaysia,Universiti Sains Malaysia,Malaysia,MY,ok,5.3555943,100.3025455,geocode_csv,1,1,True,True,delegate_list;geocode_csv;programme,"Universiti Sains Malaysia, Malaysia",False,,Universiti Sains Malaysia,,,True
icrs-a-00614,University at Buffalo,University at Buffalo,United States,US,ok,43.0047751,-78.7872876,geocode_csv,1,1,True,False,delegate_list;geocode_csv,"University at Buffalo, United States",False,,University at Buffalo,,,True
icrs-a-00615,University College London,University College London,United Kingdom,GB,ok,51.5245592,-0.1340401,geocode_csv,1,2,True,True,delegate_list;geocode_csv;programme,"University College London, United Kingdom",False,,University College London,,,True
icrs-a-00616,University Heidelberg,University Heidelberg,Germany,DE,ok,49.3987524,8.6724335,geocode_csv,1,1,True,True,delegate_list;geocode_csv;programme,"University Heidelberg, Germany",False,,University Heidelberg,,,True
icrs-a-00617,University of Alabama at Birmingham,"University of Alabama at Birmingham, United States",United States,US,fallback,32.3668,-86.3,capital_fallback,4,1,True,True,delegate_list;display_alias;geocode_csv;programme,"University of Alabama - Birmingham; University of Alabama - Birmingham, United States; University of Alabama at Birmingham; University of Alabama at Birmingham, United States",False,,"University of Alabama at Birmingham, United States",,,True
icrs-a-00618,University of Alabama,"University of Alabama, United States",United States,US,ok,33.2114385,-87.5401002,geocode_csv,1,4,False,True,programme,"University of Alabama, United States",False,,"University of Alabama, United States",,,True
icrs-a-00619,University of Alberta,"University of Alberta, Canada",Canada,CA,ok,53.5232189,-113.5263186,geocode_csv,2,4,True,True,delegate_list;display_alias;geocode_csv;programme,"University of Alberta; University of Alberta, Canada",False,,"University of Alberta, Canada",,,True
icrs-a-00620,University of Amsterdam,University of Amsterdam,Netherlands,NL,ok,52.3558182,4.9557263,geocode_csv,1,4,True,True,delegate_list;geocode_csv;programme,"University of Amsterdam, Netherlands",False,,University of Amsterdam,,,True
icrs-a-00621,University of Antsiranana,University of Antsiranana,Madagascar,MG,ok,-12.2819627,49.3064147,geocode_csv,1,1,True,True,delegate_list;geocode_csv;programme,"University of Antsiranana, Madagascar",False,,University of Antsiranana,,,True
icrs-a-00622,University of Arizona,"University of Arizona, United States",United States,US,ok,32.2338693,-110.9481326,geocode_csv,2,4,True,True,delegate_list;display_alias;geocode_csv;programme,"University of Arizona; University of Arizona, United States",False,,"University of Arizona, United States",,,True
icrs-a-00623,University of Auckland,University of Auckland,Indonesia,ID,fallback,-6.2088,106.8456,capital_fallback,1,1,True,True,delegate_list;geocode_csv;programme,"University of Auckland, Indonesia",False,,University of Auckland,,,True
icrs-a-00624,University of Auckland,University of Auckland,New Zealand,NZ,ok,-36.8519361,174.7689482,geocode_csv,1,7,True,True,delegate_list;geocode_csv;programme,"University of Auckland, New Zealand",False,,University of Auckland,,,True
icrs-a-00625,University of Auckland,University of Auckland,United States,US,fallback,38.9072,-77.0369,capital_fallback,1,1,False,True,programme,"University of Auckland, United States",False,,University of Auckland,,,True
icrs-a-00626,University of Basel,University of Basel,Switzerland,CH,ok,47.5585281,7.5838692,geocode_csv,1,1,True,True,delegate_list;geocode_csv;programme,"University of Basel, Switzerland",False,,University of Basel,,,True
icrs-a-00627,University of Belize,University of Belize,Belize,BZ,ok,17.243049,-88.7605919,geocode_csv,1,1,True,True,delegate_list;geocode_csv;programme,"University of Belize, Belize",False,,University of Belize,,,True
icrs-a-00628,University of Bologna,University of Bologna,Colombia,CO,fallback,4.711,-74.0721,capital_fallback,1,1,True,True,delegate_list;geocode_csv;programme,"University of Bologna, Colombia",False,,University of Bologna,,,True
icrs-a-00629,University of Bologna,University of Bologna,Italy,IT,ok,44.4968678,11.3524094,geocode_csv,1,1,True,False,delegate_list;geocode_csv,"University of Bologna, Italy",False,,University of Bologna,,,True
icrs-a-00630,University of Bremen,University of Bremen,Germany,DE,ok,53.1065412,8.8553306,geocode_csv,1,1,True,True,delegate_list;geocode_csv;programme,"University of Bremen, Germany",False,,University of Bremen,,,True
icrs-a-00631,University of Bristol,"University of Bristol, United Kingdom",United Kingdom,GB,ok,51.4585376,-2.6021758,geocode_csv,2,4,True,True,delegate_list;display_alias;geocode_csv;programme,"University of Bristol; University of Bristol, United Kingdom",False,,"University of Bristol, United Kingdom",,,True
icrs-a-00632,University of British Columbia,University of British Columbia,Canada,CA,ok,49.2593121,-123.2474966,geocode_csv,1,2,True,True,delegate_list;geocode_csv;programme,"University of British Columbia, Canada",False,,University of British Columbia,,,True
icrs-a-00633,University of California - Berkeley,"University of California - Berkeley, United States",United States,US,fallback,38.5816,-121.4944,capital_fallback,1,6,False,True,programme,University of Berkeley,False,,University of Berkeley,,,True
icrs-a-00634,University of California - Berkeley,"University of California - Berkeley, United States",India,IN,fallback,28.6139,77.209,capital_fallback,1,1,True,True,delegate_list;geocode_csv;programme,"University of California - Berkeley, India",False,,"University of California - Berkeley, United States",,,True
icrs-a-00635,University of California - Berkeley,"University of California - Berkeley, United States",United States,US,fallback,38.5816,-121.4944,capital_fallback,4,6,True,True,delegate_list;display_alias;geocode_csv;programme,"University of Berkeley; University of California - Berkeley; University of California - Berkeley, India; University of California - Berkeley, United States",False,,University of Berkeley,,,True
icrs-a-00636,University of California - Davis,University of California - Davis,United States,US,ok,38.539095,-121.7608193,geocode_csv,1,4,True,True,delegate_list;geocode_csv;programme,"University of California - Davis, United States",False,,University of California - Davis,,,True
icrs-a-00637,University of California - Irvine,University of California - Irvine,United States,US,ok,33.6429785,-117.8411678,geocode_csv,1,1,True,False,delegate_list;geocode_csv,"University of California - Irvine, United States",False,,University of California - Irvine,,,True
icrs-a-00638,University of California - Los Angeles,"University of California - Los Angeles, United States",United States,US,ok,34.0699182,-118.4438495,geocode_csv,2,6,True,True,delegate_list;display_alias;geocode_csv;programme,"University of California - Los Angeles; University of California - Los Angeles, United States",False,,"University of California - Los Angeles, United States",,,True
icrs-a-00639,University of California - Merced,University of California - Merced,United States,US,ok,37.3647584,-120.4260375,geocode_csv,1,2,True,True,delegate_list;geocode_csv;programme,"University of California - Merced, United States",False,,University of California - Merced,,,True
icrs-a-00640,University of California - Riverside,University of California - Riverside,United States,US,ok,33.9737055,-117.3280644,geocode_csv,1,2,True,True,delegate_list;geocode_csv;programme,"University of California - Riverside, United States",False,,University of California - Riverside,,,True
icrs-a-00641,University of California - San Diego,"University of California - San Diego, United States",United States,US,ok,32.881168,-117.2343605,geocode_csv,2,10,True,True,delegate_list;display_alias;geocode_csv;programme,"University of California - San Diego; University of California - San Diego, United States",False,,"University of California - San Diego, United States",,,True
icrs-a-00642,University of California - Santa Barbara,"University of California - Santa Barbara, United States",United States,US,ok,34.4153601,-119.8514162,geocode_csv,2,14,True,True,delegate_list;display_alias;geocode_csv;programme,"University of California - Santa Barbara; University of California - Santa Barbara, United States",False,,"University of California - Santa Barbara, United States",,,True
icrs-a-00643,University of California - Santa Cruz,University of California - Santa Cruz,United States,US,ok,36.9905322,-122.0584354,geocode_csv,1,4,True,True,delegate_list;geocode_csv;programme,"University of California - Santa Cruz, United States",False,,University of California - Santa Cruz,,,True
icrs-a-00644,University of Cambridge,"University of Cambridge, United Kingdom",United Kingdom,GB,ok,52.205356,0.113168,geocode_csv,2,4,True,True,delegate_list;display_alias;geocode_csv;programme,"University of Cambridge; University of Cambridge, United Kingdom",False,,"University of Cambridge, United Kingdom",,,True
icrs-a-00645,University of Canterbury,University Of Canterbury,New Zealand,NZ,ok,-43.5224809,172.5812338,geocode_csv,2,2,True,False,delegate_list;geocode_csv,"University Of Canterbury, New Zealand; University of Canterbury, New Zealand",False,,University Of Canterbury,,,True
icrs-a-00646,University of Chicago,University of Chicago,United States,US,ok,41.7904484,-87.6003953,geocode_csv,1,1,True,True,delegate_list;geocode_csv;programme,"University of Chicago, United States",False,,University of Chicago,,,True
icrs-a-00647,University of Copenhagen,University of Copenhagen,Denmark,DK,ok,55.6801409,12.5715182,geocode_csv,1,1,True,True,delegate_list;geocode_csv;programme,"University of Copenhagen, Denmark",False,,University of Copenhagen,,,True
icrs-a-00648,University of Dar Es Salaam,University of Dar Es Salaam,Japan,JP,fallback,35.6762,139.6503,capital_fallback,2,1,True,True,delegate_list;geocode_csv;programme,"Molecular Invertebrate Systematics & Ecology, Japan; University of Dar Es Salaam, Japan",False,,University of Dar Es Salaam,,,True
icrs-a-00649,University of Dar Es Salaam,University of Dar Es Salaam,"Tanzania, United Republic of",TZ,ok,-6.7791817,39.204323,geocode_csv,1,1,True,True,delegate_list;geocode_csv;programme,"University of Dar Es Salaam, Tanzania, United Republic of",False,,University of Dar Es Salaam,,,True
icrs-a-00650,University of Delaware,University of Delaware,United States,US,ok,39.6809151,-75.7523313,geocode_csv,1,3,False,True,programme,"University of Delaware, United States",False,,University of Delaware,,,True
icrs-a-00651,University of Derby,"University of Derby, United Kingdom",United Kingdom,GB,ok,52.9379632,-1.497392,geocode_csv,2,4,True,True,delegate_list;display_alias;geocode_csv;programme,"University of Derby; University of Derby, United Kingdom",False,,"University of Derby, United Kingdom",,,True
icrs-a-00652,University of Exeter,University of Exeter,United Kingdom,GB,ok,50.7371369,-3.5351475,geocode_csv,1,2,True,True,delegate_list;geocode_csv;programme,"University of Exeter, United Kingdom",False,,University of Exeter,,,True
icrs-a-00653,University of Florida,University of Florida,United States,US,ok,29.6465428,-82.3533266,geocode_csv,1,3,True,True,delegate_list;geocode_csv;programme,"University of Florida, United States",False,,University of Florida,,,True
icrs-a-00654,University of Geneva,University of Geneva,Switzerland,CH,ok,46.199444,6.1451157,geocode_csv,1,1,True,True,delegate_list;geocode_csv;programme,"University of Geneva, Switzerland",False,,University of Geneva,,,True
icrs-a-00655,University of Georgia,University of Georgia,United States,US,ok,33.9423394,-83.3724242,geocode_csv,1,2,True,True,delegate_list;geocode_csv;programme,"University of Georgia, United States",False,,University of Georgia,,,True
icrs-a-00656,University of Guam,"University of Guam, United States",Guam,GU,ok,13.4322112,144.8033219,geocode_csv,1,17,False,True,programme,"University of Guam, Guam",False,,"University of Guam, United States",,,True
icrs-a-00657,University of Guam,"University of Guam, United States",United States,US,fallback,13.476,144.7502,capital_fallback,3,3,True,True,delegate_list;display_alias;geocode_csv;programme,"University of Guam; University of Guam, Guam; University of Guam, United States",False,,"University of Guam, United States",,,True
icrs-a-00658,University of Haifa,University of Haifa,Israel,IL,ok,32.7614296,35.0195184,geocode_csv,1,2,True,True,delegate_list;geocode_csv;programme,"University of Haifa, Israel",False,,University of Haifa,,,True
icrs-a-00659,University of Hawaiʻi - Hilo,"University of Hawaiʻi - Hilo, United States",United States,US,fallback,21.3069,-157.8583,capital_fallback,1,4,False,True,programme,University of Hawaiʻi at Hilo,False,,University of Hawaiʻi at Hilo,,,True
icrs-a-00660,University of Hawaiʻi - Hilo,"University of Hawaiʻi - Hilo, United States",United States,US,fallback,21.3069,-157.8583,capital_fallback,7,4,True,True,delegate_list;display_alias;geocode_csv;programme,"University of Hawai'i - Hilo; University of Hawai'i - Hilo, United States; University of Hawaii - Hilo; University of Hawaii at Hilo; University of Hawaiʻi - Hilo; University of Hawaiʻi - Hilo, United States; University of Hawaiʻi at Hilo",False,,University of Hawaiʻi at Hilo,,,True
icrs-a-00661,University of Hawaiʻi - Maui College,University of Hawaiʻi - Maui College,United States,US,fallback,21.3069,-157.8583,capital_fallback,3,1,False,False,display_alias,"University of Hawai'i - Maui College; University of Hawai'i - Maui College, United States; University of Hawaiʻi - Maui College",False,,University of Hawaiʻi - Maui College,,,True
icrs-a-00662,University of Hawaiʻi - Maui College,University of Hawaiʻi - Maui College,United States,US,fallback,21.3069,-157.8583,capital_fallback,1,1,True,False,delegate_list;geocode_csv,"University of Hawai'i - Maui College, United States",False,,University of Hawaiʻi - Maui College,,,True
icrs-a-00663,University of Hawaiʻi - Mānoa,"University of Hawaiʻi - Mānoa, United States",Palau,PW,ok,21.315643,-157.8039891,geocode_csv,1,1,True,True,delegate_list;geocode_csv;programme,"University of Hawai'i - Mānoa, Palau",False,,"University of Hawaiʻi - Mānoa, United States",,,True
icrs-a-00664,University of Hawaiʻi - Mānoa,"University of Hawaiʻi - Mānoa, United States",Philippines,PH,fallback,14.5995,120.9842,capital_fallback,1,1,True,True,delegate_list;geocode_csv;programme,"University of Hawai'i - Mānoa, Philippines",False,,"University of Hawaiʻi - Mānoa, United States",,,True
icrs-a-00665,University of Hawaiʻi - Mānoa,"University of Hawaiʻi - Mānoa, United States",United States,US,ok,21.2968676,-157.8174491,geocode_csv,9,33,True,True,delegate_list;display_alias;geocode_csv;programme,"University of Hawai'i - Manoa; University of Hawai'i - Mānoa; University of Hawai'i - Mānoa, Palau; University of Hawai'i - Mānoa, Philippines; University of Hawai'i - Mānoa, United States; University of Hawaii - Manoa; University of Hawaiʻi - Mānoa; University of Hawaiʻi - Mānoa, United States; University of Hawai‘i - Mānoa",False,,"University of Hawaiʻi - Mānoa, United States",,,True
icrs-a-00666,University of Hawaiʻi,"University of Hawaiʻi, United States",United States,US,fallback,21.3069,-157.8583,capital_fallback,5,12,True,True,delegate_list;display_alias;geocode_csv;programme,"University of Hawai'i; University of Hawai'i, United States; University of Hawaii; University of Hawaiʻi; University of Hawaiʻi, United States",False,,"University of Hawaiʻi, United States",,,True
icrs-a-00667,University of Hong Kong,"University of Hong Kong, Hong Kong",Hong Kong,HK,ok,22.2830891,114.1365621,geocode_csv,2,9,True,True,delegate_list;display_alias;geocode_csv;programme,"University of Hong Kong; University of Hong Kong, Hong Kong",False,,"University of Hong Kong, Hong Kong",,,True
icrs-a-00668,University of Konstanz,University of Konstanz,Cuba,CU,fallback,23.1136,-82.3666,capital_fallback,1,1,True,False,delegate_list;geocode_csv,"University of Konstanz, Cuba",False,,University of Konstanz,,,True
icrs-a-00669,University of Konstanz,University of Konstanz,Germany,DE,ok,47.6898803,9.1879442,geocode_csv,1,6,True,True,delegate_list;geocode_csv;programme,"University of Konstanz, Germany",False,,University of Konstanz,,,True
icrs-a-00670,University of Leeds,"University of Leeds, United Kingdom",United Kingdom,GB,ok,53.8079743,-1.5533339,geocode_csv,2,10,True,True,delegate_list;display_alias;geocode_csv;programme,"University of Leeds; University of Leeds, United Kingdom",False,,"University of Leeds, United Kingdom",,,True
icrs-a-00671,University of Leicester,University of Leicester,United Kingdom,GB,ok,52.6219231,-1.1246117,geocode_csv,1,2,True,True,delegate_list;geocode_csv;programme,"University of Leicester, United Kingdom",False,,University of Leicester,,,True
icrs-a-00672,University of Lisbon,"University of Lisbon, Portugal",Portugal,PT,ok,38.7526578,-9.158245,geocode_csv,2,5,True,True,delegate_list;display_alias;geocode_csv;programme,"University of Lisbon; University of Lisbon, Portugal",False,,"University of Lisbon, Portugal",,,True
icrs-a-00673,University of Liège,"University of Liège, Belgium",Belgium,BE,ok,50.6408274,5.5760585,geocode_csv,4,2,True,True,delegate_list;display_alias;geocode_csv;programme,"University of Liege; University of Liege, Belgium; University of Liège; University of Liège, Belgium",False,,"University of Liège, Belgium",,,True
icrs-a-00674,"University Of Maine, Presque Isle; University of Southern California, Los Angeles","University Of Maine, Presque Isle; University of Southern California, Los Angeles, United States",United States,US,ok,46.681153,-68.0158615,geocode_csv,3,1,True,True,delegate_list;display_alias;geocode_csv;programme,"University Of Maine, Presque Isle; University of Southern California, Los Angeles; University Of Maine, Presque Isle; University of Southern California, Los Angeles, United States; University of Maine, Presque Isle; University of Southern California, Los Angeles",False,,"University Of Maine, Presque Isle; University of Southern California, Los Angeles, United States",,,True
icrs-a-00675,University of Maryland Center for Environmental Sciences- Institute of Marine and Environmental Technology,University of Maryland Center for Environmental Sciences- Institute of Marine and Environmental Technology,United States,US,fallback,38.9784,-76.4922,capital_fallback,1,0,False,True,programme,University of Maryland Center for Environmental Sciences- Institute of Marine and Environmental Technology,False,,University of Maryland Center for Environmental Sciences- Institute of Marine and Environmental Technology,,,True
icrs-a-00676,University of Maryland,University of Maryland,United States,US,ok,38.9869183,-76.9425543,geocode_csv,1,3,True,True,delegate_list;geocode_csv;programme,"University of Maryland, United States",False,,University of Maryland,,,True
icrs-a-00677,University of Massachusetts - Boston,University of Massachusetts - Boston,United States,US,ok,42.3141992,-71.0419953,geocode_csv,1,1,True,True,delegate_list;geocode_csv;programme,"University of Massachusetts - Boston, United States",False,,University of Massachusetts - Boston,,,True
icrs-a-00678,University of Massachusetts Lowell,University of Massachusetts Lowell,United States,US,ok,42.6552587,-71.3247164,geocode_csv,1,1,True,True,delegate_list;geocode_csv;programme,"University of Massachusetts Lowell, United States",False,,University of Massachusetts Lowell,,,True
icrs-a-00679,University of Mataram,University of Mataram,Indonesia,ID,ok,-8.5872326,116.092239,geocode_csv,1,1,True,True,delegate_list;geocode_csv;programme,"University of Mataram, Indonesia",False,,University of Mataram,,,True
icrs-a-00680,University Of Mauritius,"University Of Mauritius, Mauritius",Mauritius,MU,ok,-20.2349416,57.4962994,geocode_csv,4,5,True,True,delegate_list;display_alias;geocode_csv;programme,"University Of Mauritius; University Of Mauritius, Mauritius; University of Mauritius; University of Mauritius, Mauritius",False,,"University Of Mauritius, Mauritius",,,True
icrs-a-00681,University of Melbourne,"University of Melbourne, Australia",Australia,AU,ok,-37.7983459,144.960974,geocode_csv,2,9,True,True,delegate_list;display_alias;geocode_csv;programme,"University of Melbourne; University of Melbourne, Australia",False,,"University of Melbourne, Australia",,,True
icrs-a-00682,University of Miami / NOAA,University of Miami / NOAA,United States,US,ok,25.7169568,-80.2798198,geocode_csv,1,1,True,True,delegate_list;geocode_csv;programme,"University of Miami / NOAA, United States",False,,University of Miami / NOAA,,,True
icrs-a-00683,University Of Miami Rosenstiel School of Marine,"University Of Miami Rosenstiel School of Marine,",United States,US,fallback,38.9072,-77.0369,capital_fallback,1,1,True,True,delegate_list;geocode_csv;programme,"University Of Miami Rosenstiel School of Marine,, United States",False,,"University Of Miami Rosenstiel School of Marine,",,,True
icrs-a-00684,"University Of Miami, CIMAS","University Of Miami, CIMAS, United States",United States,US,ok,25.7321908,-80.1637945,geocode_csv,3,1,True,True,delegate_list;display_alias;geocode_csv;programme,"University Of Miami, CIMAS; University Of Miami, CIMAS, United States; University of Miami, CIMAS",False,,"University Of Miami, CIMAS, United States",,,True
icrs-a-00685,University Of Miami,"University Of Miami, United States",United States,US,ok,25.7216374,-80.2792805,geocode_csv,4,29,True,True,delegate_list;display_alias;geocode_csv;programme,"University Of Miami; University Of Miami, United States; University of Miami; University of Miami, United States",False,,"University Of Miami, United States",,,True
icrs-a-00686,University Of Michigan,"University Of Michigan, United States",United States,US,ok,42.277145,-83.7382071,geocode_csv,5,4,True,True,delegate_list;display_alias;geocode_csv;programme,"University Of Michigan; University Of Michigan, United States; University of Michigan; University of Michigan - Ann Arbor, United States; University of Michigan, United States",False,,"University Of Michigan, United States",,,True
icrs-a-00687,University of Milano - Bicocca,"University of Milano - Bicocca, Italy",Italy,IT,fallback,41.9028,12.4964,capital_fallback,1,8,False,True,programme,University of Milan-Bicocca,False,,University of Milan-Bicocca,,,True
icrs-a-00688,University of Milano - Bicocca,"University of Milano - Bicocca, Italy",Italy,IT,fallback,41.9028,12.4964,capital_fallback,8,8,True,True,delegate_list;display_alias;geocode_csv;programme,"University Of Milano-bicocca; University Of Milano-bicocca, Italy; University of Milan-Bicocca; University of Milano - Bicocca; University of Milano - Bicocca, Italy; University of Milano-Bicocca; University of Milano-Bicocca, Italy; University of Milano-bicocca",False,,University of Milan-Bicocca,,,True
icrs-a-00689,University of Mississippi,University of Mississippi,United States,US,ok,34.3662492,-89.5379687,geocode_csv,1,2,True,True,delegate_list;geocode_csv;programme,"University of Mississippi, United States",False,,University of Mississippi,,,True
icrs-a-00690,University of Miyazaki,University of Miyazaki,Japan,JP,ok,31.8295664,131.4141929,geocode_csv,1,1,True,True,delegate_list;geocode_csv;programme,"University of Miyazaki, Japan",False,,University of Miyazaki,,,True
icrs-a-00691,University Of Mons,"University Of Mons, Belgium",Belgium,BE,ok,50.4516865,3.9589928,geocode_csv,4,1,True,True,delegate_list;display_alias;geocode_csv;programme,"University Of Mons, Belgium; University Of Mons, Belgium, Belgium; University of Mons; University of Mons, Belgium",False,,"University Of Mons, Belgium",,,True
icrs-a-00692,University of Moratuwa,University of Moratuwa,Sri Lanka,LK,ok,6.7951276,79.900867,geocode_csv,1,1,True,True,delegate_list;geocode_csv;programme,"University of Moratuwa, Sri Lanka",False,,University of Moratuwa,,,True
icrs-a-00693,University of New Caledonia,University of New Caledonia,New Caledonia,NC,ok,-22.2628981,166.4032454,geocode_csv,1,2,True,True,delegate_list;geocode_csv;programme,"University of New Caledonia, New Caledonia",False,,University of New Caledonia,,,True
icrs-a-00694,University of New Hampshire,University of New Hampshire,United States,US,ok,43.138948,-70.9370252,geocode_csv,1,1,True,True,delegate_list;geocode_csv;programme,"University of New Hampshire, United States",False,,University of New Hampshire,,,True
icrs-a-00695,University of New South Wales - Sydney,University of New South Wales - Sydney,Australia,AU,ok,-33.917347,151.2312675,geocode_csv,1,1,True,True,delegate_list;geocode_csv;programme,"University of New South Wales - Sydney, Australia",False,,University of New South Wales - Sydney,,,True
icrs-a-00696,University of New South Wales,"University of New South Wales, Australia",Australia,AU,ok,-33.917347,151.2312675,geocode_csv,2,4,True,True,delegate_list;display_alias;geocode_csv;programme,"University of New South Wales; University of New South Wales, Australia",False,,"University of New South Wales, Australia",,,True
icrs-a-00697,University of Newcastle,University of Newcastle,Australia,AU,ok,-32.8927718,151.7041775,geocode_csv,2,5,True,True,delegate_list;geocode_csv;programme,"University Of Newcastle, Australia; University of Newcastle, Australia",False,,University of Newcastle,,,True
icrs-a-00698,University of North Carolina - Wilmington,"University of North Carolina - Wilmington, United States",United States,US,ok,34.224675,-77.8678426,geocode_csv,2,12,True,True,delegate_list;display_alias;geocode_csv;programme,"University of North Carolina - Wilmington; University of North Carolina - Wilmington, United States",False,,"University of North Carolina - Wilmington, United States",,,True
icrs-a-00699,University of Oldenburg,"University of Oldenburg, Germany",Germany,DE,ok,53.1467333,8.183124,geocode_csv,4,3,True,True,delegate_list;display_alias;geocode_csv;programme,"Oldenburg University; Oldenburg University, Germany; University of Oldenburg; University of Oldenburg, Germany",False,,"University of Oldenburg, Germany",,,True
icrs-a-00700,University of Otago,"University of Otago, New Zealand",Fiji,FJ,fallback,-18.1416,178.4419,capital_fallback,1,1,True,False,delegate_list;geocode_csv,"University of Otago, Fiji",False,,"University of Otago, New Zealand",,,True
icrs-a-00701,University of Otago,"University of Otago, New Zealand",New Zealand,NZ,ok,-45.8646835,170.5144227,geocode_csv,5,3,True,True,delegate_list;display_alias;geocode_csv;programme,"Otago University; Otago University, New Zealand; University of Otago; University of Otago, Fiji; University of Otago, New Zealand",False,,"University of Otago, New Zealand",,,True
icrs-a-00702,University of Oxford,University of Oxford,United Kingdom,GB,ok,51.7570429,-1.2545179,geocode_csv,1,2,True,True,delegate_list;geocode_csv;programme,"University of Oxford, United Kingdom",False,,University of Oxford,,,True
icrs-a-00703,University of Pattimura,"University of Pattimura, Indonesia",Indonesia,ID,ok,-3.6546187,128.1956754,geocode_csv,4,3,True,True,delegate_list;display_alias;geocode_csv;programme,"Pattimura University; Pattimura University, Indonesia; University of Pattimura; University of Pattimura, Indonesia",False,,"University of Pattimura, Indonesia",,,True
icrs-a-00704,University of Pennsylvania,University of Pennsylvania,United States,US,ok,39.9515013,-75.1910161,geocode_csv,1,3,True,True,delegate_list;geocode_csv;programme,"University of Pennsylvania, United States",False,,University of Pennsylvania,,,True
icrs-a-00705,University of Perpignan - Domitia,University of Perpignan - Domitia,France,FR,ok,42.6820471,2.8988581,geocode_csv,1,2,True,True,delegate_list;geocode_csv;programme,"University of Perpignan - Domitia, France",False,,University of Perpignan - Domitia,,,True
icrs-a-00706,University of Plymouth,"University of Plymouth, United Kingdom",United Kingdom,GB,ok,50.3758892,-4.1395842,geocode_csv,2,5,True,True,delegate_list;display_alias;geocode_csv;programme,"University of Plymouth; University of Plymouth, United Kingdom",False,,"University of Plymouth, United Kingdom",,,True
icrs-a-00707,University of Porto,University of Porto,Portugal,PT,ok,41.1465479,-8.6156998,geocode_csv,6,3,True,True,delegate_list;display_alias;geocode_csv;programme,"Faculty Of Engineering - University Of Porto; Faculty Of Engineering - University Of Porto, Portugal; Faculty of Engineering - University of Porto; Faculty of Engineering - University of Porto, Portugal; University of Porto; University of Porto, Portugal",False,,University of Porto,,,True
icrs-a-00708,University of Puerto Rico at Mayagüez,"University of Puerto Rico at Mayagüez, United States",Puerto Rico,PR,fallback,18.4655,-66.1057,capital_fallback,1,1,False,True,programme,University of Puerto Rico - Mayaguez,False,,University of Puerto Rico - Mayaguez,,,True
icrs-a-00709,University of Puerto Rico at Mayagüez,"University of Puerto Rico at Mayagüez, United States",Puerto Rico,PR,fallback,18.4655,-66.1057,capital_fallback,1,1,True,True,delegate_list;geocode_csv;programme,"University of Puerto Rico - Mayagüez, Puerto Rico",False,,University of Puerto Rico - Mayaguez,,,True
icrs-a-00710,University of Puerto Rico at Mayagüez,"University of Puerto Rico at Mayagüez, United States",United States,US,fallback,18.4655,-66.1057,capital_fallback,7,1,True,True,delegate_list;display_alias;geocode_csv;programme,"University of Puerto Rico - Mayaguez; University of Puerto Rico - Mayagüez; University of Puerto Rico - Mayagüez, Puerto Rico; University of Puerto Rico at Mayaguez; University of Puerto Rico at Mayaguez, United States; University of Puerto Rico at Mayagüez; University of Puerto Rico at Mayagüez, United States",False,,"University of Puerto Rico at Mayagüez, United States",,,True
icrs-a-00711,University of Queensland,University of Queensland,Australia,AU,ok,-27.4976696,153.0128661,geocode_csv,2,35,True,True,delegate_list;geocode_csv;programme,"University Of Queensland, Australia; University of Queensland, Australia",False,,University of Queensland,,,True
icrs-a-00712,University of Queensland,University of Queensland,Colombia,CO,fallback,4.711,-74.0721,capital_fallback,1,1,True,False,delegate_list;geocode_csv,"University of Queensland, Colombia",False,,University of Queensland,,,True
icrs-a-00713,University of Queensland,University of Queensland,Malaysia,MY,fallback,3.139,101.6869,capital_fallback,1,1,True,False,delegate_list;geocode_csv,"University of Queensland, Malaysia",False,,University of Queensland,,,True
icrs-a-00714,University of Queensland,University of Queensland,Philippines,PH,fallback,14.5995,120.9842,capital_fallback,1,1,True,True,delegate_list;geocode_csv;programme,"University of Queensland, Philippines",False,,University of Queensland,,,True
icrs-a-00715,University of Rhode Island,"University of Rhode Island, United States",United States,US,fallback,41.824,-71.4128,capital_fallback,2,5,True,True,delegate_list;display_alias;geocode_csv;programme,"University of Rhode Island; University of Rhode Island, United States",False,,"University of Rhode Island, United States",,,True
icrs-a-00716,University of Salento,University of Salento,Italy,IT,ok,40.34956,18.1672671,geocode_csv,1,2,True,True,delegate_list;geocode_csv;programme,"University of Salento, Italy",False,,University of Salento,,,True
icrs-a-00717,University of Salzburg,University of Salzburg,"Bolivia, Plurinational State of",BO,fallback,-19.0196,-65.262,capital_fallback,1,1,True,False,delegate_list;geocode_csv,"University of Salzburg, Bolivia, Plurinational State of",False,,University of Salzburg,,,True
icrs-a-00718,University of San Diego,University of San Diego,United States,US,ok,32.7721681,-117.1888625,geocode_csv,1,3,True,True,delegate_list;geocode_csv;programme,"University of San Diego, United States",False,,University of San Diego,,,True
icrs-a-00719,University of South Carolina - Chapel Hill,University of South Carolina - Chapel Hill,United States,US,ok,35.9049122,-79.0469134,geocode_csv,1,1,True,True,delegate_list;geocode_csv;programme,"University of South Carolina - Chapel Hill, United States",False,,University of South Carolina - Chapel Hill,,,True
icrs-a-00720,University of South Carolina Beaufort,"University of South Carolina - Beaufort, United States",United States,US,ok,32.4315813,-80.6698286,geocode_csv,6,2,True,False,delegate_list;display_alias;geocode_csv,"University of South Carolina - Beaufort; University of South Carolina - Beaufort, United States; University of South Carolina Beaufort; University of South Carolina Beaufort - Beaufort; University of South Carolina Beaufort - Beaufort Campus; University of South Carolina Beaufort, United States",False,,"University of South Carolina - Beaufort, United States",,,True
icrs-a-00721,University of South Florida,University of South Florida,United States,US,ok,28.0622334,-82.4135057,geocode_csv,1,3,True,True,delegate_list;geocode_csv;programme,"University of South Florida, United States",False,,University of South Florida,,,True
icrs-a-00722,University of Southampton,University of Southampton,United Kingdom,GB,ok,50.935742,-1.3966381,geocode_csv,1,2,True,True,delegate_list;geocode_csv;programme,"University of Southampton, United Kingdom",False,,University of Southampton,,,True
icrs-a-00723,University of Southern California,"University of Southern California, United States",United States,US,ok,34.0223519,-118.285117,geocode_csv,1,7,False,True,programme,"University of Southern California, United States",False,,"University of Southern California, United States",,,True
icrs-a-00724,University of St Andrews,University of St Andrews,Netherlands,NL,fallback,52.3676,4.9041,capital_fallback,1,1,True,True,delegate_list;geocode_csv;programme,"University of St Andrews, Netherlands",False,,University of St Andrews,,,True
icrs-a-00725,University of Sydney,"University of Sydney, Australia",Australia,AU,fallback,-35.2809,149.13,capital_fallback,3,21,True,True,delegate_list;display_alias;geocode_csv;programme,"University Of Sydney; University of Sydney; University of Sydney, Australia",False,,"University of Sydney, Australia",,,True
icrs-a-00726,University of São Paulo,"University of São Paulo, Brazil",Brazil,BR,ok,-23.5613991,-46.7307891,geocode_csv,3,16,True,True,delegate_list;display_alias;geocode_csv;programme,"University of Sao Paulo; University of São Paulo; University of São Paulo, Brazil",False,,"University of São Paulo, Brazil",,,True
icrs-a-00727,University of Tasmania,University of Tasmania,Australia,AU,ok,-42.9041118,147.3247503,geocode_csv,1,2,True,True,delegate_list;geocode_csv;programme,"University of Tasmania, Australia",False,,University of Tasmania,,,True
icrs-a-00728,University of Technology Sydney,"University of Technology Sydney, Australia",Australia,AU,ok,-33.8836537,151.2006119,geocode_csv,2,19,True,True,delegate_list;display_alias;geocode_csv;programme,"University of Technology Sydney; University of Technology Sydney, Australia",False,,"University of Technology Sydney, Australia",,,True
icrs-a-00729,University of Texas - Arlington,University of Texas - Arlington,United States,US,ok,32.7292117,-97.1151971,geocode_csv,1,4,True,True,delegate_list;geocode_csv;programme,"University of Texas - Arlington, United States",False,,University of Texas - Arlington,,,True
icrs-a-00730,University of Texas - Austin,"University of Texas - Austin, United States",United States,US,ok,30.2850284,-97.7335226,geocode_csv,2,8,True,True,delegate_list;display_alias;geocode_csv;programme,"University of Texas - Austin; University of Texas - Austin, United States",False,,"University of Texas - Austin, United States",,,True
icrs-a-00731,University of Texas - Tyler,University of Texas - Tyler,United States,US,fallback,30.2672,-97.7431,capital_fallback,1,0,False,True,programme,University of Texas - Tyler,False,,University of Texas - Tyler,,,True
icrs-a-00732,University of the Philippines - Cebu,University of the Philippines - Cebu,Philippines,PH,fallback,14.5995,120.9842,capital_fallback,1,0,False,True,programme,University of the Philippines - Cebu,False,,University of the Philippines - Cebu,,,True
icrs-a-00733,University Of The Philippines - Diliman,"University Of The Philippines - Diliman, Philippines",Philippines,PH,ok,14.6538783,121.0684573,geocode_csv,6,18,True,True,delegate_list;display_alias;geocode_csv;programme,"University Of The Philippines - Diliman; University Of The Philippines - Diliman, Philippines; University of The Philippines - Diliman; University of The Philippines - Diliman, Philippines; University of the Philippines - Diliman; University of the Philippines - Diliman, Philippines",False,,"University Of The Philippines - Diliman, Philippines",,,True
icrs-a-00734,University of the Philippines,"University of the Philippines, Philippines",Philippines,PH,ok,14.6538783,121.0684573,geocode_csv,2,14,True,True,delegate_list;display_alias;geocode_csv;programme,"University of the Philippines; University of the Philippines, Philippines",False,,"University of the Philippines, Philippines",,,True
icrs-a-00735,University of the Ryukyus,University Of The Ryukyus,Japan,JP,ok,26.2516868,127.7684078,geocode_csv,2,14,True,True,delegate_list;geocode_csv;programme,"University Of The Ryukyus, Japan; University of the Ryukyus, Japan",False,,University Of The Ryukyus,,,True
icrs-a-00736,University of the Ryukyus,University Of The Ryukyus,Maldives,MV,fallback,4.1755,73.5093,capital_fallback,1,1,True,True,delegate_list;geocode_csv;programme,"University Of The Ryukyus, Maldives",False,,University Of The Ryukyus,,,True
icrs-a-00737,University of the Ryukyus,University Of The Ryukyus,Philippines,PH,fallback,14.5995,120.9842,capital_fallback,1,1,True,False,delegate_list;geocode_csv,"University Of The Ryukyus, Philippines",False,,University Of The Ryukyus,,,True
icrs-a-00738,University Of The South Pacific,"University Of The South Pacific, Vanuatu",Fiji,FJ,ok,-18.1480462,178.4476007,geocode_csv,2,11,True,True,delegate_list;geocode_csv;programme,"University Of The South Pacific, Fiji; University of the South Pacific, Fiji",False,,"University Of The South Pacific, Vanuatu",,,True
icrs-a-00739,University Of The South Pacific,"University Of The South Pacific, Vanuatu",Vanuatu,VU,fallback,-17.7333,168.3273,capital_fallback,5,1,True,False,delegate_list;display_alias;geocode_csv,"University Of The South Pacific; University Of The South Pacific, Fiji; University Of The South Pacific, Vanuatu; University of the South Pacific; University of the South Pacific, Fiji",False,,"University Of The South Pacific, Vanuatu",,,True
icrs-a-00740,University of the Virgin Islands,"University of the Virgin Islands, United States",Australia,AU,fallback,-35.2809,149.13,capital_fallback,1,1,False,True,programme,"University of the Virgin Islands, Australia",False,,"University of the Virgin Islands, United States",,,True
icrs-a-00741,University of the Virgin Islands,"University of the Virgin Islands, United States",Brazil,BR,fallback,-15.7939,-47.8828,capital_fallback,1,1,True,False,delegate_list;geocode_csv,"Institute of Science - Tokyo, Brazil",False,,"University of the Virgin Islands, United States",,,True
icrs-a-00742,University of the Virgin Islands,"University of the Virgin Islands, United States",Ecuador,EC,missing,,,,2,0,True,True,delegate_list;geocode_csv;programme,"Universidad San Francisco de Quito, Ecuador; University of the Virgin Islands, Ecuador",True,geocode_missing,"University of the Virgin Islands, United States",,,False
icrs-a-00743,University of the Virgin Islands,"University of the Virgin Islands, United States",New Zealand,NZ,fallback,-41.2865,174.7762,capital_fallback,2,1,True,True,delegate_list;geocode_csv;programme,"Department of Conservation - New Zealand, New Zealand; University of the Virgin Islands, New Zealand",False,,"University of the Virgin Islands, United States",,,True
icrs-a-00744,University of the Virgin Islands,"University of the Virgin Islands, United States",United States,US,fallback,38.9072,-77.0369,capital_fallback,5,10,True,True,delegate_list;display_alias;geocode_csv;programme,"Bigelow Laboratory for Ocean Sciences, United States; National Oceanic and Atmospheric Administration; National Oceanic and Atmospheric Administration, United States; University of the Virgin Islands; University of the Virgin Islands, United States",False,,"University of the Virgin Islands, United States",,,True
icrs-a-00745,University of the Virgin Islands,"University of the Virgin Islands, United States",United States Virgin Islands,VI,ok,18.3398655,-64.9762924,geocode_csv,8,18,True,True,delegate_list;display_alias;geocode_csv;programme,"University of the Virgin Islands; University of the Virgin Islands Virgin Islands (U.S.); University of the Virgin Islands Virgin Islands (U.S.), Australia; University of the Virgin Islands Virgin Islands (U.S.), Brazil; University of the Virgin Islands Virgin Islands (U.S.), Ecuador; University of the Virgin Islands Virgin Islands (U.S.), New Zealand; University of the Virgin Islands Virgin Islands (U.S.), United States; University of the Virgin Islands, United States Virgin Islands",False,,"University of the Virgin Islands, United States",,,True
icrs-a-00746,University of the West Indies,University of the West Indies,Antigua and Barbuda,AG,ok,17.1185361,-61.8320473,geocode_csv,1,1,True,True,delegate_list;geocode_csv;programme,"University of the West Indies, Antigua and Barbuda",False,,University of the West Indies,,,True
icrs-a-00747,University of Tokyo,"University of Tokyo, Japan",Japan,JP,ok,35.7147555,139.761332,geocode_csv,2,7,True,True,delegate_list;display_alias;geocode_csv;programme,"University of Tokyo; University of Tokyo, Japan",False,,"University of Tokyo, Japan",,,True
icrs-a-00748,University of Toliara,University of Toliara,Madagascar,MG,ok,-23.3292083,43.6987046,geocode_csv,1,1,True,True,delegate_list;geocode_csv;programme,"University of Toliara, Madagascar",False,,University of Toliara,,,True
icrs-a-00749,University of Toronto,University of Toronto,Canada,CA,ok,43.663487,-79.3958273,geocode_csv,1,1,True,True,delegate_list;geocode_csv;programme,"University of Toronto, Canada",False,,University of Toronto,,,True
icrs-a-00750,University of Victoria,University of Victoria,Canada,CA,ok,48.4631345,-123.3121763,geocode_csv,1,4,True,True,delegate_list;geocode_csv;programme,"University of Victoria, Canada",False,,University of Victoria,,,True
icrs-a-00751,University of Waikato,University of Waikato,New Zealand,NZ,ok,-37.7866707,175.3182658,geocode_csv,1,4,True,True,delegate_list;geocode_csv;programme,"University of Waikato, New Zealand",False,,University of Waikato,,,True
icrs-a-00752,University of Warsaw,University of Warsaw,Poland,PL,ok,52.2403463,21.0186012,geocode_csv,1,1,True,True,delegate_list;geocode_csv;programme,"University of Warsaw, Poland",False,,University of Warsaw,,,True
icrs-a-00753,University of Warwick,University of Warwick,United Kingdom,GB,ok,52.3792525,-1.5614704,geocode_csv,1,2,True,True,delegate_list;geocode_csv;programme,"University of Warwick, United Kingdom",False,,University of Warwick,,,True
icrs-a-00754,University of Washington,University of Washington,United States,US,ok,47.6516448,-122.3081762,geocode_csv,1,2,True,True,delegate_list;geocode_csv;programme,"University of Washington, United States",False,,University of Washington,,,True
icrs-a-00755,University of Western Australia,"The University Of Western Australia, Australia",Australia,AU,ok,-31.9789061,115.8180721,geocode_csv,6,11,True,True,delegate_list;display_alias;geocode_csv;programme,"The University Of Western Australia; The University Of Western Australia, Australia; University of Western Australia; University of Western Australia, Australia; University of Western Australia, New Zealand; the University of Western Australia",False,,"The University Of Western Australia, Australia",,,True
icrs-a-00756,University of Western Australia,"The University Of Western Australia, Australia",New Zealand,NZ,fallback,-41.2865,174.7762,capital_fallback,1,1,True,True,delegate_list;geocode_csv;programme,"University of Western Australia, New Zealand",False,,"The University Of Western Australia, Australia",,,True
icrs-a-00757,University of Wisconsin - Green Bay,University of Wisconsin - Green Bay,United States,US,ok,44.5313196,-87.9210482,geocode_csv,1,1,True,True,delegate_list;geocode_csv;programme,"University of Wisconsin - Green Bay, United States",False,,University of Wisconsin - Green Bay,,,True
icrs-a-00758,University of Wisconsin - Madison,University of Wisconsin - Madison,United States,US,ok,43.0755143,-89.4154526,geocode_csv,1,1,True,True,delegate_list;geocode_csv;programme,"University of Wisconsin - Madison, United States",False,,University of Wisconsin - Madison,,,True
icrs-a-00759,University of Wollongong,University of Wollongong,Australia,AU,ok,-34.4053396,150.8778394,geocode_csv,1,4,True,True,delegate_list;geocode_csv;programme,"University of Wollongong, Australia",False,,University of Wollongong,,,True
icrs-a-00760,University of York,University of York,United Kingdom,GB,ok,53.9461089,-1.0517718,geocode_csv,1,1,True,True,delegate_list;geocode_csv;programme,"University of York, United Kingdom",False,,University of York,,,True
icrs-a-00761,University Wuppertal,University Wuppertal,Germany,DE,ok,51.2445542,7.1501244,geocode_csv,1,1,True,True,delegate_list;geocode_csv;programme,"University Wuppertal, Germany",False,,University Wuppertal,,,True
icrs-a-00762,Université Côte d'azur,"Université Côte d'azur, France",France,FR,ok,43.7168559,7.2679621,geocode_csv,3,1,True,True,delegate_list;display_alias;geocode_csv;programme,"Universite Cote d'azur; Université Côte d'azur; Université Côte d'azur, France",False,,"Université Côte d'azur, France",,,True
icrs-a-00763,Université de Bretagne Occidentale,"Université de Bretagne Occidentale, France",France,FR,fallback,48.8566,2.3522,capital_fallback,4,1,True,True,delegate_list;display_alias;geocode_csv;programme,"Institut de Recherche pour le Développement/Université, France; Universite de Bretagne Occidentale; Université de Bretagne Occidentale; Université de Bretagne Occidentale, France",False,,"Université de Bretagne Occidentale, France",,,True
icrs-a-00764,Université de la Polynésie Française,"Université de la Polynésie Française, French Polynesia",French Polynesia,PF,fallback,-17.5516,-149.5585,capital_fallback,4,3,True,True,delegate_list;display_alias;geocode_csv;programme,"Universite de la Polynesie Francaise; Universite de la Polynesie Francaise, French Polynesia; Université de la Polynésie Française; Université de la Polynésie Française, French Polynesia",False,,"Université de la Polynésie Française, French Polynesia",,,True
icrs-a-00765,Université De Mayotte,Université De Mayotte,Mayotte,YT,fallback,-12.7806,45.2278,capital_fallback,4,1,False,False,display_alias,"Univeriste De Mayotte; Univeristé De Mayotte; Univeristé De Mayotte, Mayotte; Université De Mayotte",False,,Université De Mayotte,,,True
icrs-a-00766,Université De Mayotte,Université De Mayotte,Mayotte,YT,fallback,-12.7806,45.2278,capital_fallback,1,1,True,True,delegate_list;geocode_csv;programme,"Univeristé De Mayotte, Mayotte",False,,Université De Mayotte,,,True
icrs-a-00767,Université Laval,"Université Laval, Canada",Canada,CA,ok,46.7817463,-71.2747424,geocode_csv,3,1,True,False,delegate_list;display_alias;geocode_csv,"Universite Laval; Université Laval; Université Laval, Canada",False,,"Université Laval, Canada",,,True
icrs-a-00768,Université Libre de Bruxelles,"Université Libre de Bruxelles, Belgium",Belgium,BE,ok,50.8132068,4.3822222,geocode_csv,3,1,True,True,delegate_list;display_alias;geocode_csv;programme,"Universite Libre de Bruxelles; Université Libre de Bruxelles; Université Libre de Bruxelles, Belgium",False,,"Université Libre de Bruxelles, Belgium",,,True
icrs-a-00769,Ursinus College,Ursinus College,United States,US,ok,40.1939677,-75.4563232,geocode_csv,1,1,True,True,delegate_list;geocode_csv;programme,"Ursinus College, United States",False,,Ursinus College,,,True
icrs-a-00770,Vavaʻu Environmental Protection Association,Vavaʻu Environmental Protection Association,Tonga,TO,fallback,-21.1393,-175.2049,capital_fallback,4,1,False,False,display_alias,"Vava'u Environmental Protection Association; Vava'u Environmental Protection Association, Tonga; Vavau Environmental Protection Association; Vavaʻu Environmental Protection Association",False,,Vavaʻu Environmental Protection Association,,,True
icrs-a-00771,Vavaʻu Environmental Protection Association,Vavaʻu Environmental Protection Association,Tonga,TO,fallback,-21.1393,-175.2049,capital_fallback,1,1,True,True,delegate_list;geocode_csv;programme,"Vava'u Environmental Protection Association, Tonga",False,,Vavaʻu Environmental Protection Association,,,True
icrs-a-00772,Victoria University of Wellington,Victoria University of Wellington,New Zealand,NZ,ok,-41.2901075,174.7678789,geocode_csv,2,26,True,True,delegate_list;geocode_csv;programme,"University of Wellington, New Zealand; Victoria University of Wellington, New Zealand",False,,Victoria University of Wellington,,,True
icrs-a-00773,Victoria University of Wellington,Victoria University of Wellington,United Kingdom,GB,fallback,51.5074,-0.1278,capital_fallback,1,1,True,False,delegate_list;geocode_csv,"Victoria University of Wellington, United Kingdom",False,,Victoria University of Wellington,,,True
icrs-a-00774,Victoria University of Wellington,Victoria University of Wellington,United States,US,fallback,38.9072,-77.0369,capital_fallback,1,1,True,False,delegate_list;geocode_csv,"Victoria University of Wellington, United States",False,,Victoria University of Wellington,,,True
icrs-a-00775,Villanova University,Villanova University,United States,US,ok,40.0368926,-75.3425785,geocode_csv,1,1,True,True,delegate_list;geocode_csv;programme,"Villanova University, United States",False,,Villanova University,,,True
icrs-a-00776,Wageningen University,Wageningen University,Netherlands,NL,ok,51.9863475,5.6680189,geocode_csv,1,4,True,True,delegate_list;geocode_csv;programme,"Wageningen University, Netherlands",False,,Wageningen University,,,True
icrs-a-00777,Waitt Institute,Waitt Institute,United States,US,fallback,38.9072,-77.0369,capital_fallback,1,2,True,False,delegate_list;geocode_csv,"Waitt Institute, United States",False,,Waitt Institute,,,True
icrs-a-00778,Waseda University,Waseda University,Japan,JP,ok,35.7087334,139.7196485,geocode_csv,1,1,True,False,delegate_list;geocode_csv,"Waseda University, Japan",False,,Waseda University,,,True
icrs-a-00779,Washington and Lee University,Washington and Lee University,United States,US,ok,37.7898776,-79.4458935,geocode_csv,1,1,True,True,delegate_list;geocode_csv;programme,"Washington and Lee University, United States",False,,Washington and Lee University,,,True
icrs-a-00780,Wayamba University of Sri Lanka,Wayamba University of Sri Lanka,Sri Lanka,LK,ok,7.4645435,80.0216286,geocode_csv,1,1,True,True,delegate_list;geocode_csv;programme,"Wayamba University of Sri Lanka, Sri Lanka",False,,Wayamba University of Sri Lanka,,,True
icrs-a-00781,Western Australian Museum,Western Australian Museum,Australia,AU,ok,-31.9495403,115.8618542,geocode_csv,1,3,True,True,delegate_list;geocode_csv;programme,"Western Australian Museum, Australia",False,,Western Australian Museum,,,True
icrs-a-00782,Wholome Arks,Wholome Arks,United States,US,fallback,38.9072,-77.0369,capital_fallback,1,1,True,False,delegate_list;geocode_csv,"Wholome Arks, United States",False,,Wholome Arks,,,True
icrs-a-00783,Wholome,Wholome,United States,US,fallback,38.9072,-77.0369,capital_fallback,1,1,True,False,delegate_list;geocode_csv,"Wholome, United States",False,,Wholome,,,True
icrs-a-00784,Wilderlab,Wilderlab,Australia,AU,ok,-33.8913574,151.2506962,geocode_csv,1,2,True,False,delegate_list;geocode_csv,"Wilderlab, Australia",False,,Wilderlab,,,True
icrs-a-00785,Wildflow,Wildflow,United States,US,fallback,38.9072,-77.0369,capital_fallback,1,1,True,True,delegate_list;geocode_csv;programme,"Wildflow, United States",False,,Wildflow,,,True
icrs-a-00786,Wildlife Conservation Society - Malaysia,Wildlife Conservation Society - Malaysia,Malaysia,MY,ok,1.5277613,110.3490123,geocode_csv,1,1,True,True,delegate_list;geocode_csv;programme,"Wildlife Conservation Society - Malaysia, Malaysia",False,,Wildlife Conservation Society - Malaysia,,,True
icrs-a-00787,Wildlife Conservation Society - Philippines,Wildlife Conservation Society - Philippines,Philippines,PH,fallback,14.5995,120.9842,capital_fallback,1,0,False,True,programme,Wildlife Conservation Society - Philippines,False,,Wildlife Conservation Society - Philippines,,,True
icrs-a-00788,Wildlife Conservation Society,Wildlife Conservation Society,Australia,AU,fallback,-35.2809,149.13,capital_fallback,1,2,True,True,delegate_list;geocode_csv;programme,"Wildlife Conservation Society, Australia",False,,Wildlife Conservation Society,,,True
icrs-a-00789,Wildlife Conservation Society,Wildlife Conservation Society,Canada,CA,fallback,45.4215,-75.6972,capital_fallback,1,1,True,True,delegate_list;geocode_csv;programme,"Wildlife Conservation Society, Canada",False,,Wildlife Conservation Society,,,True
icrs-a-00790,Wildlife Conservation Society,Wildlife Conservation Society,Fiji,FJ,ok,-18.1477602,178.4320004,geocode_csv,1,3,True,False,delegate_list;geocode_csv,"Wildlife Conservation Society, Fiji",False,,Wildlife Conservation Society,,,True
icrs-a-00791,Wildlife Conservation Society,Wildlife Conservation Society,Indonesia,ID,ok,-6.595105,106.8056102,geocode_csv,1,2,True,True,delegate_list;geocode_csv;programme,"Wildlife Conservation Society, Indonesia",False,,Wildlife Conservation Society,,,True
icrs-a-00792,Wildlife Conservation Society,Wildlife Conservation Society,Kenya,KE,ok,-4.0028767,39.7276766,geocode_csv,1,1,True,True,delegate_list;geocode_csv;programme,"Wildlife Conservation Society, Kenya",False,,Wildlife Conservation Society,,,True
icrs-a-00793,Wildlife Conservation Society,Wildlife Conservation Society,Madagascar,MG,ok,-15.4345486,49.7517318,geocode_csv,1,1,True,True,delegate_list;geocode_csv;programme,"Wildlife Conservation Society, Madagascar",False,,Wildlife Conservation Society,,,True
icrs-a-00794,Wildlife Conservation Society,Wildlife Conservation Society,Panama,PA,fallback,8.9824,-79.5199,capital_fallback,1,1,True,False,delegate_list;geocode_csv,"Wildlife Conservation Society, Panama",False,,Wildlife Conservation Society,,,True
icrs-a-00795,Wildlife Conservation Society,Wildlife Conservation Society,Papua New Guinea,PG,fallback,-9.4438,147.1803,capital_fallback,1,1,True,False,delegate_list;geocode_csv,"Wildlife Conservation Society, Papua New Guinea",False,,Wildlife Conservation Society,,,True
icrs-a-00796,Wildlife Conservation Society,Wildlife Conservation Society,United States,US,fallback,38.9072,-77.0369,capital_fallback,1,2,True,True,delegate_list;geocode_csv;programme,"Wildlife Conservation Society, United States",False,,Wildlife Conservation Society,,,True
icrs-a-00797,Windward Community College,Windward Community College,United States,US,ok,21.4079179,-157.8122219,geocode_csv,1,1,True,False,delegate_list;geocode_csv,"Windward Community College, United States",False,,Windward Community College,,,True
icrs-a-00798,Wofford College,Wofford College,United States,US,ok,34.9590202,-81.9351358,geocode_csv,1,1,True,False,delegate_list;geocode_csv,"Wofford College, United States",False,,Wofford College,,,True
icrs-a-00799,Woods Hole Oceanographic Institution,Woods Hole Oceanographic Institution,United States,US,ok,41.5245291,-70.6683781,geocode_csv,1,4,True,True,delegate_list;geocode_csv;programme,"Woods Hole Oceanographic Institution, United States",False,,Woods Hole Oceanographic Institution,,,True
icrs-a-00800,World Conservation Monitoring Centre,World Conservation Monitoring Centre,United Kingdom,GB,ok,52.2211821,0.0955676,geocode_csv,1,1,True,True,delegate_list;geocode_csv;programme,"World Conservation Monitoring Centre, United Kingdom",False,,World Conservation Monitoring Centre,,,True
icrs-a-00801,World Wide Fund for Nature - Indonesia,World Wide Fund for Nature - Indonesia,Indonesia,ID,fallback,-6.2088,106.8456,capital_fallback,1,2,True,True,delegate_list;geocode_csv;programme,"World Wide Fund for Nature - Indonesia, Indonesia",False,,World Wide Fund for Nature - Indonesia,,,True
icrs-a-00802,World Wide Fund for Nature - Madagascar,World Wide Fund for Nature - Madagascar,Madagascar,MG,fallback,-18.8792,47.5079,capital_fallback,1,1,True,True,delegate_list;geocode_csv;programme,"World Wide Fund for Nature - Madagascar, Madagascar",False,,World Wide Fund for Nature - Madagascar,,,True
icrs-a-00803,World Wide Fund for Nature - Malaysia,World Wide Fund for Nature - Malaysia,Malaysia,MY,fallback,3.139,101.6869,capital_fallback,1,2,True,True,delegate_list;geocode_csv;programme,"World Wide Fund for Nature - Malaysia, Malaysia",False,,World Wide Fund for Nature - Malaysia,,,True
icrs-a-00804,World Wildlife Fund - Australia,World Wildlife Fund - Australia,Australia,AU,ok,-33.8645595,151.2044663,geocode_csv,1,1,True,False,delegate_list;geocode_csv,"World Wildlife Fund - Australia, Australia",False,,World Wildlife Fund - Australia,,,True
icrs-a-00805,World Wildlife Fund - Indonesia,World Wildlife Fund - Indonesia,Indonesia,ID,fallback,-6.2088,106.8456,capital_fallback,1,2,True,False,delegate_list;geocode_csv,"World Wildlife Fund - Indonesia, Indonesia",False,,World Wildlife Fund - Indonesia,,,True
icrs-a-00806,World Wildlife Fund - Australia,World Wildlife Fund,Australia,AU,ok,-33.8645595,151.2044663,geocode_csv,1,1,True,False,delegate_list;geocode_csv,"World Wildlife Fund, Australia",False,,World Wildlife Fund,,,True
icrs-a-00807,Wwf - Id,Wwf - Id,Indonesia,ID,fallback,-6.2088,106.8456,capital_fallback,1,0,False,True,programme,Wwf - Id,False,,Wwf - Id,,,True
icrs-a-00808,Yamaguchi University,Yamaguchi University,Japan,JP,ok,34.1488153,131.4701034,geocode_csv,1,1,True,True,delegate_list;geocode_csv;programme,"Yamaguchi University, Japan",False,,Yamaguchi University,,,True
icrs-a-00809,Yas Seaworld Research and Rescue Center,Yas Seaworld Research and Rescue Center,United Arab Emirates,AE,ok,24.4871483,54.6174899,geocode_csv,1,1,True,True,delegate_list;geocode_csv;programme,"Yas Seaworld Research and Rescue Center, United Arab Emirates",False,,Yas Seaworld Research and Rescue Center,,,True
icrs-a-00810,Yayasan Almanustra,Yayasan Almanustra,Indonesia,ID,fallback,-6.2088,106.8456,capital_fallback,1,1,True,False,delegate_list;geocode_csv,"Yayasan Almanustra, Indonesia",False,,Yayasan Almanustra,,,True
icrs-a-00811,Yayasan Konservasi Alam Nusantara,"Yayasan Konservasi Alam Nusantara, Indonesia",Indonesia,ID,fallback,-6.2088,106.8456,capital_fallback,2,11,True,True,delegate_list;display_alias;geocode_csv;programme,"Yayasan Konservasi Alam Nusantara; Yayasan Konservasi Alam Nusantara, Indonesia",False,,"Yayasan Konservasi Alam Nusantara, Indonesia",,,True
icrs-a-00812,Yayasan WWF Indonesia,Yayasan WWF Indonesia,Indonesia,ID,ok,2.1376851,117.481067,geocode_csv,1,1,True,True,delegate_list;geocode_csv;programme,"Yayasan WWF Indonesia, Indonesia",False,,Yayasan WWF Indonesia,,,True
icrs-a-00813,Yirrganydji Gurabana Aboriginal Corporation,Yirrganydji Gurabana Aboriginal Corporation,Australia,AU,fallback,-35.2809,149.13,capital_fallback,1,1,True,False,delegate_list;geocode_csv,"Yirrganydji Gurabana Aboriginal Corporation, Australia",False,,Yirrganydji Gurabana Aboriginal Corporation,,,True
icrs-a-00814,Zhejiang University,Zhejiang University,China,CN,ok,30.3086844,120.0864995,geocode_csv,1,1,True,True,delegate_list;geocode_csv;programme,"Zhejiang University, China",False,,Zhejiang University,,,True
icrs-a-00815,Zoological Society of London,Zoological Society of London,Egypt,EG,fallback,30.0444,31.2357,capital_fallback,1,1,True,True,delegate_list;geocode_csv;programme,"Zoological Society of London, Egypt",False,,Zoological Society of London,,,True
icrs-a-00816,Zoological Survey of India,Zoological Survey of India,India,IN,fallback,28.6139,77.209,capital_fallback,1,1,True,True,delegate_list;geocode_csv;programme,"Zoological Survey of India, India",False,,Zoological Survey of India,,,True
