person_key,name_variant,normalized_name,source
icrs-p-00001,Amkieltiela .,amkieltiela,programme
icrs-p-00001,Tiela,tiela,delegate_list
icrs-p-00002,Dr Evelyn Abbott,evelyn abbott,delegate_list
icrs-p-00002,Evelyn Abbott,evelyn abbott,delegate_list
icrs-p-00003,Hamzah Abdel-majid,hamzah abdel majid,delegate_list
icrs-p-00003,Hamzah Abdelmajid,hamzah abdelmajid,programme
icrs-p-00004,Taufik Abdillah,taufik abdillah,delegate_list
icrs-p-00005,Dr Nur Ain Amani Abdul Mubin,nur ain amani abdul mubin,delegate_list
icrs-p-00005,Nur Ain Amani Abdul Mubin,nur ain amani abdul mubin,delegate_list
icrs-p-00006,Dr Muhammad Abdul Wahab,muhammad abdul wahab,delegate_list
icrs-p-00006,Muhammad Abdul Wahab,muhammad abdul wahab,delegate_list
icrs-p-00007,Najat Abdullah,najat abdullah,delegate_list
icrs-p-00007,Najatul Su Ad Abdullah,najatul su ad abdullah,programme
icrs-p-00008,Haruna Abe,haruna abe,delegate_list
icrs-p-00009,Yuko Abe,yuko abe,delegate_list
icrs-p-00010,Swaleh Aboud,swaleh aboud,delegate_list
icrs-p-00011,Liam Abrams,liam abrams,delegate_list
icrs-p-00012,Renoir Abrea,renoir abrea,delegate_list
icrs-p-00012,Prof Renoir Abrea,renoir abrea,delegate_list
icrs-p-00013,David Abrego,david abrego,delegate_list
icrs-p-00013,Dr David Abrego,david abrego,delegate_list
icrs-p-00014,Mariana Acipreste,mariana acipreste,delegate_list
icrs-p-00015,Hayden Acors,hayden acors,delegate_list
icrs-p-00016,Abdul Ada,abdul ada,delegate_list
icrs-p-00016,Abdul M. Ada,abdul m ada,programme
icrs-p-00017,Arne Adam,arne adam,delegate_list
icrs-p-00017,Dr Arne Adam,arne adam,delegate_list
icrs-p-00018,Mathieu Adgé,mathieu adg,delegate_list
icrs-p-00019,Che Adlawan,che adlawan,delegate_list
icrs-p-00019,Cherrisse July Ross Adlawan,cherrisse july ross adlawan,programme
icrs-p-00020,Zaidy Nisa,zaidy nisa,delegate_list
icrs-p-00021,Mariyam Shidha Afzal,mariyam shidha afzal,delegate_list
icrs-p-00021,Dr Mariyam Shidha Afzal,mariyam shidha afzal,delegate_list
icrs-p-00022,Marisa Agarwal,marisa agarwal,delegate_list
icrs-p-00023,Arianna Agostini,arianna agostini,delegate_list
icrs-p-00024,Astri Agustina,astri agustina,delegate_list
icrs-p-00025,Siska Agustina,siska agustina,delegate_list
icrs-p-00026,Awaludinnoer Ahmad,awaludinnoer ahmad,delegate_list
icrs-p-00027,Tracy Ainsworth,tracy ainsworth,delegate_list
icrs-p-00027,Dr Tracy Ainsworth,tracy ainsworth,delegate_list
icrs-p-00028,Nour Alhoda Akel,nour alhoda akel,delegate_list
icrs-p-00029,Dr Anela Akiona,anela akiona,delegate_list
icrs-p-00029,Anela Duenas,anela duenas,programme
icrs-p-00029,Anela Eliza Kainani Duenas,anela eliza kainani duenas,delegate_list
icrs-p-00030,Ali Alabyadh,ali alabyadh,delegate_list
icrs-p-00031,Wajd Alaidrous,wajd alaidrous,delegate_list
icrs-p-00032,Dr Rebecca Albright,rebecca albright,delegate_list
icrs-p-00033,Cinzia Alessi,cinzia alessi,delegate_list
icrs-p-00033,Dr Cinzia Alessi,cinzia alessi,delegate_list
icrs-p-00034,Rasheeda Alexander,rasheeda alexander,delegate_list
icrs-p-00035,Stuart Alexander,stuart alexander,delegate_list
icrs-p-00036,Dr Hannah Allan,hannah allan,delegate_list
icrs-p-00036,Hannah Allan,hannah allan,delegate_list
icrs-p-00037,McKenna Allen,mckenna allen,delegate_list
icrs-p-00037,Mckenna Allen,mckenna allen,delegate_list
icrs-p-00038,Melissa Allen (Sante),melissa allen sante,delegate_list
icrs-p-00039,Dr Jacob Allgeier,jacob allgeier,delegate_list
icrs-p-00039,Jacob Allgeier,jacob allgeier,delegate_list
icrs-p-00040,Khatija Alliji,khatija alliji,delegate_list
icrs-p-00041,Shay Almagor,shay almagor,delegate_list
icrs-p-00042,Afrah Alothman,afrah alothman,delegate_list
icrs-p-00042,Dr Afrah Alothman,afrah alothman,delegate_list
icrs-p-00043,Ahmed Alsaggaf,ahmed alsaggaf,delegate_list
icrs-p-00044,Prof Andrew Altieri,andrew altieri,delegate_list
icrs-p-00044,Andrew Altieri,andrew altieri,delegate_list
icrs-p-00045,Noam Altman-kurosaki,noam altman kurosaki,delegate_list
icrs-p-00045,Dr Noam Altman-Kurosaki,noam altman kurosaki,delegate_list
icrs-p-00046,Dr Michelle Amario,michelle amario,delegate_list
icrs-p-00046,Michelle Amario,michelle amario,delegate_list
icrs-p-00047,Prof Shady Amin,shady amin,delegate_list
icrs-p-00048,Hana Amir,hana amir,delegate_list
icrs-p-00049,Maria Andersen,maria andersen,delegate_list
icrs-p-00050,Craig Anderson,craig anderson,delegate_list
icrs-p-00051,David Anderson,david anderson,delegate_list
icrs-p-00051,Dr David Anderson,david anderson,delegate_list
icrs-p-00051,Kelley Anderson Tagarino,kelley anderson tagarino,delegate_list
icrs-p-00052,Madison Androne,madison androne,delegate_list
icrs-p-00053,Maria Angst,maria angst,delegate_list
icrs-p-00054,Gouri A.,gouri a,delegate_list
icrs-p-00054,Gouri Anil,gouri anil,programme
icrs-p-00055,Colin Anthony,colin anthony,delegate_list
icrs-p-00056,Dr Amy Apprill,amy apprill,delegate_list
icrs-p-00056,Amy Apprill,amy apprill,delegate_list
icrs-p-00057,Aurélie Aqua,aur lie aqua,delegate_list
icrs-p-00058,Prof Manuel Aranda,manuel aranda,delegate_list
icrs-p-00058,Manuel Aranda Lastra,manuel aranda lastra,programme
icrs-p-00059,Henry Arbaugh,henry arbaugh,delegate_list
icrs-p-00060,Ernest Raphael Arceo,ernest raphael arceo,delegate_list
icrs-p-00061,Dan Arencibia,dan arencibia,delegate_list
icrs-p-00061,Daniel Arencibia,daniel arencibia,programme
icrs-p-00062,Zoe Ariellius,zoe ariellius,delegate_list
icrs-p-00063,Muhammad Aris,muhammad aris,delegate_list
icrs-p-00064,William Arlidge,william arlidge,delegate_list
icrs-p-00064,Dr William Arlidge,william arlidge,delegate_list
icrs-p-00065,David Armstrong,david armstrong,delegate_list
icrs-p-00065,Dr David Armstrong,david armstrong,delegate_list
icrs-p-00066,Bradley Arrington,bradley arrington,delegate_list
icrs-p-00067,Ariella Arzey,ariella arzey,delegate_list
icrs-p-00068,Mollie Asbury,mollie asbury,delegate_list
icrs-p-00069,Jacob Asher,jacob asher,delegate_list
icrs-p-00069,Dr Jacob Asher,jacob asher,delegate_list
icrs-p-00070,Jill Ashey,jill ashey,delegate_list
icrs-p-00070,Dr Jill Ashey,jill ashey,delegate_list
icrs-p-00071,Immy Ashley,immy ashley,delegate_list
icrs-p-00071,Dr Immy Ashley,immy ashley,delegate_list
icrs-p-00072,Dr Greg Asner,greg asner,delegate_list
icrs-p-00072,Greg Asner,greg asner,delegate_list
icrs-p-00073,Irlan Assidiq,irlan assidiq,delegate_list
icrs-p-00074,Dr Michael Atrigenio,michael atrigenio,delegate_list
icrs-p-00075,Wiphawan Aunkhongthong,wiphawan aunkhongthong,delegate_list
icrs-p-00076,Angel Avedo,angel avedo,delegate_list
icrs-p-00077,Camile Avelino,camile avelino,delegate_list
icrs-p-00077,Dr Camile Avelino,camile avelino,delegate_list
icrs-p-00078,Abbas Baadilla,abbas baadilla,delegate_list
icrs-p-00079,Suraj Bacha Gian,suraj bacha gian,delegate_list
icrs-p-00080,Dr Vadim Backman,vadim backman,delegate_list
icrs-p-00081,Amanda Badai,amanda badai,delegate_list
icrs-p-00082,Gina Badlowski,gina badlowski,delegate_list
icrs-p-00083,Antoni Badowski,antoni badowski,delegate_list
icrs-p-00084,Dr Susanne Bähr,susanne b hr,delegate_list
icrs-p-00084,Susanne Baehr,susanne baehr,programme
icrs-p-00085,Kevin Bairos-Novak,kevin bairos novak,programme
icrs-p-00085,Dr Kevin Novak,kevin novak,delegate_list
icrs-p-00086,Misbakhul Bait,misbakhul bait,delegate_list
icrs-p-00087,Prof Andrew Baker,andrew baker,delegate_list
icrs-p-00087,Andrew Baker,andrew baker,delegate_list
icrs-p-00088,David Baker,david baker,delegate_list
icrs-p-00088,Prof David Baker,david baker,delegate_list
icrs-p-00089,Adhithi Balaji,adhithi balaji,delegate_list
icrs-p-00090,Alice Ball,alice ball,delegate_list
icrs-p-00091,Stephanie Ball,stephanie ball,delegate_list
icrs-p-00092,Michelle Ballesteros,michelle ballesteros,delegate_list
icrs-p-00093,Marcie Bamber,marcie bamber,delegate_list
icrs-p-00094,Brianna Bambic,brianna bambic,delegate_list
icrs-p-00095,Tamatoa Bambridge,tamatoa bambridge,delegate_list
icrs-p-00096,Somok Banerjee,somok banerjee,delegate_list
icrs-p-00097,Dr Raymond Banister,raymond banister,delegate_list
icrs-p-00097,Raymond Banister,raymond banister,delegate_list
icrs-p-00098,JD Banogon,jd banogon,delegate_list
icrs-p-00098,Jhon Dale Banogon,jhon dale banogon,programme
icrs-p-00099,Dr Sarina Bao,sarina bao,delegate_list
icrs-p-00099,Sarina Bao,sarina bao,delegate_list
icrs-p-00100,Michelle Baptist,michelle baptist,delegate_list
icrs-p-00101,Teresa Baptista Nobre,teresa baptista nobre,delegate_list
icrs-p-00102,Ethel Baquiran,ethel baquiran,delegate_list
icrs-p-00102,Ethel Ruth Baquiran,ethel ruth baquiran,programme
icrs-p-00103,Jake Ivan Baquiran,jake ivan baquiran,programme
icrs-p-00103,Jake Ivan P. Baquiran,jake ivan p baquiran,delegate_list
icrs-p-00104,Christine Baran,christine baran,delegate_list
icrs-p-00105,Dr Marcos Barbeitos,marcos barbeitos,delegate_list
icrs-p-00105,Marcos Barbeitos,marcos barbeitos,delegate_list
icrs-p-00106,Maria Vanessa Baria-Rodriguez,maria vanessa baria rodriguez,programme
icrs-p-00106,Dr Van Rodriguez,van rodriguez,delegate_list
icrs-p-00107,Leah Barkai,leah barkai,delegate_list
icrs-p-00108,Triona Barker,triona barker,delegate_list
icrs-p-00109,Danielle Barnas,danielle barnas,delegate_list
icrs-p-00109,Danielle M. Barnas,danielle m barnas,programme
icrs-p-00110,Marichelle Barolo,marichelle barolo,delegate_list
icrs-p-00111,Katie Barott,katie barott,delegate_list
icrs-p-00111,Dr Katie Barott,katie barott,delegate_list
icrs-p-00112,Federica Barreca,federica barreca,delegate_list
icrs-p-00113,William Barriera,william barriera,delegate_list
icrs-p-00114,Dan Barshis,dan barshis,delegate_list
icrs-p-00114,Prof Dan Barshis,dan barshis,delegate_list
icrs-p-00115,Isabelle Basden,isabelle basden,delegate_list
icrs-p-00116,Moriah Bass,moriah bass,programme
icrs-p-00116,Moriah Sevier,moriah sevier,delegate_list
icrs-p-00117,Dr Tahlia Bassett,tahlia bassett,delegate_list
icrs-p-00118,José Bastos,jos bastos,delegate_list
icrs-p-00119,Kinisimere Batibasaga,kinisimere batibasaga,delegate_list
icrs-p-00120,Yabanex Batista,yabanex batista,delegate_list
icrs-p-00121,Adele Battini,adele battini,delegate_list
icrs-p-00122,Katharina Bauda,katharina bauda,delegate_list
icrs-p-00123,Julia Baum,julia baum,delegate_list
icrs-p-00124,Prof Iliana Baums,iliana baums,delegate_list
icrs-p-00124,Iliana Baums,iliana baums,delegate_list
icrs-p-00125,Valentina Bautista,valentina bautista,delegate_list
icrs-p-00126,Line Bay,line bay,delegate_list
icrs-p-00126,Dr Line Bay,line bay,delegate_list
icrs-p-00127,Rachael Bay,rachael bay,delegate_list
icrs-p-00127,Dr Rachael Bay,rachael bay,delegate_list
icrs-p-00128,Sharad Bayyana,sharad bayyana,delegate_list
icrs-p-00129,Nina Bean,nina bean,delegate_list
icrs-p-00130,Dr Brian Beck,brian beck,delegate_list
icrs-p-00130,Brian Beck,brian beck,delegate_list
icrs-p-00131,Dr Cynthia Becker,cynthia becker,delegate_list
icrs-p-00132,Ina Becker,ina becker,programme
icrs-p-00132,Nika Becker,nika becker,delegate_list
icrs-p-00133,Maya Becker,maya becker,delegate_list
icrs-p-00134,Teresa Bednarek,teresa bednarek,delegate_list
icrs-p-00135,A/Prof Roger Beeden,a prof roger beeden,delegate_list
icrs-p-00135,Roger Beeden,roger beeden,programme
icrs-p-00136,Laura Beenham,laura beenham,delegate_list
icrs-p-00137,Dr Chelsey Beese,chelsey beese,delegate_list
icrs-p-00137,Chelsey Beese,chelsey beese,delegate_list
icrs-p-00138,Prof Maria Beger,maria beger,delegate_list
icrs-p-00138,Maria Beger,maria beger,delegate_list
icrs-p-00139,Prof James Bell,james bell,delegate_list
icrs-p-00140,Sydney Bell,sydney bell,delegate_list
icrs-p-00141,Dr Anthony Bellantuono,anthony bellantuono,delegate_list
icrs-p-00141,Anthony Bellantuono,anthony bellantuono,delegate_list
icrs-p-00142,Dr Diana Beltran Rodriguez,diana beltran rodriguez,delegate_list
icrs-p-00142,Diana Beltran Rodriguez,diana beltran rodriguez,delegate_list
icrs-p-00143,Noa Ben Ami,noa ben ami,delegate_list
icrs-p-00143,Noa Ben-ami,noa ben ami,delegate_list
icrs-p-00144,Dr Mariana Bender,mariana bender,delegate_list
icrs-p-00144,Mariana Bender,mariana bender,delegate_list
icrs-p-00145,Cecilie Benjamin,cecilie benjamin,delegate_list
icrs-p-00146,Matthew-james Bennett,matthew james bennett,delegate_list
icrs-p-00146,Matthew-James Bennett,matthew james bennett,delegate_list
icrs-p-00147,Morgan Bennett-Smith,morgan bennett smith,delegate_list
icrs-p-00148,Joshua Bennett-Williams,joshua bennett williams,delegate_list
icrs-p-00149,Sean Bensadon,sean bensadon,delegate_list
icrs-p-00150,Sean Ben-Shaprut,sean ben shaprut,delegate_list
icrs-p-00151,Dr Bastian Bentlage,bastian bentlage,delegate_list
icrs-p-00151,Bastian Bentlage,bastian bentlage,delegate_list
icrs-p-00152,Rita Bento,rita bento,delegate_list
icrs-p-00152,Dr Rita Bento,rita bento,delegate_list
icrs-p-00153,Dr Francesca Benzoni,francesca benzoni,delegate_list
icrs-p-00154,Dr Béraud Eric,b raud eric,delegate_list
icrs-p-00154,Eric Béraud,eric b raud,both
icrs-p-00155,Denisa Berbece,denisa berbece,delegate_list
icrs-p-00156,Justin Berg,justin berg,delegate_list
icrs-p-00157,Madeline Berger,madeline berger,delegate_list
icrs-p-00158,Prof Blazej Berkowski,blazej berkowski,delegate_list
icrs-p-00159,Alessio Bernardi,alessio bernardi,delegate_list
icrs-p-00160,Anna Berrettini,anna berrettini,delegate_list
icrs-p-00161,Ben Berridge,ben berridge,delegate_list
icrs-p-00161,Ben Charo,ben charo,delegate_list
icrs-p-00161,Ben Goymer,ben goymer,delegate_list
icrs-p-00161,Benjamin Berridge,benjamin berridge,programme
icrs-p-00162,Prof Michael Berumen,michael berumen,delegate_list
icrs-p-00162,Michael Berumen,michael berumen,delegate_list
icrs-p-00163,Tadzio Bervoets,tadzio bervoets,delegate_list
icrs-p-00164,Ava Besecker,ava besecker,delegate_list
icrs-p-00165,Ranjeet Bhagooli,ranjeet bhagooli,delegate_list
icrs-p-00165,Prof Ranjeet Bhagooli,ranjeet bhagooli,delegate_list
icrs-p-00166,Neelam Bhan,neelam bhan,delegate_list
icrs-p-00166,Neelam Nandita Bhan,neelam nandita bhan,programme
icrs-p-00167,Aric Bickel,aric bickel,delegate_list
icrs-p-00168,Dr Jaret Bilewitch,jaret bilewitch,delegate_list
icrs-p-00168,Jaret Bilewitch,jaret bilewitch,delegate_list
icrs-p-00169,Dr Daud Bin Awang,daud bin awang,delegate_list
icrs-p-00170,Hariz Bin Khairul Hisham,hariz bin khairul hisham,programme
icrs-p-00170,Hariz K. Hisham,hariz k hisham,delegate_list
icrs-p-00171,Dr Piera Biondi,piera biondi,delegate_list
icrs-p-00171,Piera Biondi,piera biondi,delegate_list
icrs-p-00172,Rosie Birch,rosie birch,delegate_list
icrs-p-00173,Yasmin Birch,yasmin birch,delegate_list
icrs-p-00174,Lara Virginia Birkart,lara virginia birkart,delegate_list
icrs-p-00175,Dr Charles Birkeland,charles birkeland,delegate_list
icrs-p-00175,Charles Birkeland,charles birkeland,delegate_list
icrs-p-00176,Devavrat Bishwa,devavrat bishwa,delegate_list
icrs-p-00177,Dr Allie Blanchette,allie blanchette,delegate_list
icrs-p-00177,Allison Blanchette,allison blanchette,programme
icrs-p-00178,Roxanne Siual Blesam,roxanne siual blesam,delegate_list
icrs-p-00179,Jeanne Bloomberg,jeanne bloomberg,delegate_list
icrs-p-00180,Molly Blyth,molly blyth,delegate_list
icrs-p-00181,Zach Boakes,zach boakes,delegate_list
icrs-p-00181,Dr Zach Boakes,zach boakes,delegate_list
icrs-p-00182,Dr Emilie Boissin,emilie boissin,delegate_list
icrs-p-00183,Dr Claire Boitel,claire boitel,delegate_list
icrs-p-00183,Claire Boitel,claire boitel,delegate_list
icrs-p-00184,Dr Isaiah Bolden,isaiah bolden,delegate_list
icrs-p-00185,Vivian Bonacker,vivian bonacker,delegate_list
icrs-p-00186,Dr Anthony Bonacolta,anthony bonacolta,delegate_list
icrs-p-00186,Anthony Bonacolta,anthony bonacolta,delegate_list
icrs-p-00187,Pim Bongaerts,pim bongaerts,delegate_list
icrs-p-00187,Dr Pim Bongaerts,pim bongaerts,delegate_list
icrs-p-00188,Katya Bonilla,katya bonilla,delegate_list
icrs-p-00189,Mary Bonin,mary bonin,delegate_list
icrs-p-00189,Dr Mary Bonin,mary bonin,delegate_list
icrs-p-00190,Victor Bonito,victor bonito,delegate_list
icrs-p-00191,Mai Bonomo,mai bonomo,delegate_list
icrs-p-00192,Caroline Bonpain,caroline bonpain,delegate_list
icrs-p-00193,Lily Borema,lily borema,delegate_list
icrs-p-00194,Virginie Bornarel,virginie bornarel,delegate_list
icrs-p-00194,Dr Virginie Bornarel,virginie bornarel,delegate_list
icrs-p-00195,Jaelyn Bos,jaelyn bos,delegate_list
icrs-p-00196,Tracey Boslogo,tracey boslogo,delegate_list
icrs-p-00197,Marina Botana,marina botana,delegate_list
icrs-p-00197,Dr Marina Botana,marina botana,delegate_list
icrs-p-00198,Radonirina Botosoamananto,radonirina botosoamananto,delegate_list
icrs-p-00198,Radonirina Lebely Botosoamananto,radonirina lebely botosoamananto,programme
icrs-p-00199,Prof Mehdi Bouhaddou,mehdi bouhaddou,delegate_list
icrs-p-00199,Mehdi Bouhaddou,mehdi bouhaddou,delegate_list
icrs-p-00200,Océane Boulais,oc ane boulais,delegate_list
icrs-p-00201,Prof David Bourne,david bourne,delegate_list
icrs-p-00202,Jessica Bouwmeester,jessica bouwmeester,delegate_list
icrs-p-00202,Dr Jessica Bouwmeester,jessica bouwmeester,delegate_list
icrs-p-00203,Dr Colleen Bove,colleen bove,delegate_list
icrs-p-00203,Colleen Bove,colleen bove,delegate_list
icrs-p-00204,Elizabeth Boville,elizabeth boville,programme
icrs-p-00204,Lizz Boville,lizz boville,delegate_list
icrs-p-00205,Dr Austin Bowden-Kerby,austin bowden kerby,delegate_list
icrs-p-00205,Austin Bowden-Kerby,austin bowden kerby,delegate_list
icrs-p-00206,Erin Bowman,erin bowman,delegate_list
icrs-p-00207,Marissa Boylan,marissa boylan,delegate_list
icrs-p-00207,Marissa Nuttall,marissa nuttall,delegate_list
icrs-p-00208,Yves-Marie Bozec,yves marie bozec,delegate_list
icrs-p-00208,Yves-marie Bozec,yves marie bozec,delegate_list
icrs-p-00209,Charlie Braman,charlie braman,delegate_list
icrs-p-00210,Viviana Brambilla,viviana brambilla,delegate_list
icrs-p-00210,Dr Viviana Brambilla,viviana brambilla,delegate_list
icrs-p-00211,Dr Margarita Brandt,margarita brandt,delegate_list
icrs-p-00211,Margarita Brandt,margarita brandt,delegate_list
icrs-p-00212,Dr Marilyn Brandt,marilyn brandt,delegate_list
icrs-p-00212,Marilyn Brandt,marilyn brandt,delegate_list
icrs-p-00213,Maxine Brannigan,maxine brannigan,delegate_list
icrs-p-00213,Maxine Mouly,maxine mouly,delegate_list
icrs-p-00214,Angelique Brathwaite,angelique brathwaite,programme
icrs-p-00214,Dr Angie Brathwaite,angie brathwaite,delegate_list
icrs-p-00215,Dominic Bravenboer,dominic bravenboer,delegate_list
icrs-p-00216,Dr Henrique Bravo,henrique bravo,delegate_list
icrs-p-00216,Henrique Bravo,henrique bravo,delegate_list
icrs-p-00217,Matteo Bravo,matteo bravo,delegate_list
icrs-p-00218,Giulia Braz,giulia braz,delegate_list
icrs-p-00219,Annette Breckwoldt,annette breckwoldt,delegate_list
icrs-p-00219,Dr Annette Breckwoldt,annette breckwoldt,delegate_list
icrs-p-00220,Dr Dan Breen,dan breen,delegate_list
icrs-p-00220,Daniel Breen,daniel breen,programme
icrs-p-00221,David Brefeld,david brefeld,delegate_list
icrs-p-00222,Joseph Brennan,joseph brennan,delegate_list
icrs-p-00223,Kira Brereton,kira brereton,delegate_list
icrs-p-00224,Julia Briand,julia briand,delegate_list
icrs-p-00225,Tom Bridge,tom bridge,delegate_list
icrs-p-00225,Dr Tom Bridge,tom bridge,delegate_list
icrs-p-00226,Emmeline Broad,emmeline broad,delegate_list
icrs-p-00227,Jasmin Broadbridge,jasmin broadbridge,delegate_list
icrs-p-00228,Omri Bronstein,omri bronstein,delegate_list
icrs-p-00228,Prof Omri Bronstein,omri bronstein,delegate_list
icrs-p-00229,Vera Bronza,vera bronza,delegate_list
icrs-p-00229,Vera Emelianenko,vera emelianenko,delegate_list
icrs-p-00230,Dr Rohan Brooker,rohan brooker,delegate_list
icrs-p-00231,Miyah Brooks,miyah brooks,delegate_list
icrs-p-00232,Dr Anya Brown,anya brown,delegate_list
icrs-p-00232,Anya Brown,anya brown,delegate_list
icrs-p-00233,Donna Brown,donna brown,delegate_list
icrs-p-00234,Kate Brown,kate brown,delegate_list
icrs-p-00235,Fleur Bruggemann,fleur bruggemann,delegate_list
icrs-p-00236,Molly Brzezinski,molly brzezinski,delegate_list
icrs-p-00237,Ilan Bubb,ilan bubb,delegate_list
icrs-p-00238,Elizabeth Buccheri,elizabeth buccheri,delegate_list
icrs-p-00238,Dr Elizabeth Buccheri,elizabeth buccheri,delegate_list
icrs-p-00239,Tristan Buckell,tristan buckell,delegate_list
icrs-p-00240,Patrick Buerger,patrick buerger,delegate_list
icrs-p-00240,Dr Patrick Buerger,patrick buerger,delegate_list
icrs-p-00241,Aaron Bugaj,aaron bugaj,delegate_list
icrs-p-00242,Ma. Chrischelle Bullecer,ma chrischelle bullecer,delegate_list
icrs-p-00243,Martina Burgo,martina burgo,delegate_list
icrs-p-00243,Dr Martina Burgo,martina burgo,delegate_list
icrs-p-00244,Olivia Burleigh,olivia burleigh,delegate_list
icrs-p-00245,Liz Burmester,liz burmester,delegate_list
icrs-p-00245,Dr Liz Burmester,liz burmester,delegate_list
icrs-p-00245,Liz Thomson,liz thomson,delegate_list
icrs-p-00246,Deborah Burn,deborah burn,delegate_list
icrs-p-00246,Dr Deborah Burn,deborah burn,delegate_list
icrs-p-00247,Courtney Burns,courtney burns,delegate_list
icrs-p-00248,Dr John Burns,john burns,delegate_list
icrs-p-00248,John Burns,john burns,delegate_list
icrs-p-00249,Prof John Burt,john burt,delegate_list
icrs-p-00250,Nicole Burt,nicole burt,delegate_list
icrs-p-00251,Pauline Buso,pauline buso,delegate_list
icrs-p-00252,Bustamam Bustamam,bustamam bustamam,delegate_list
icrs-p-00253,Alex Butler,alex butler,delegate_list
icrs-p-00253,Alexandra Butler,alexandra butler,programme
icrs-p-00254,Rio Button,rio button,delegate_list
icrs-p-00255,Ilha Byrne,ilha byrne,delegate_list
icrs-p-00256,Maria Byrne,maria byrne,delegate_list
icrs-p-00256,Prof Maria Byrne,maria byrne,delegate_list
icrs-p-00257,Dr Patrick Cabaitan,patrick cabaitan,delegate_list
icrs-p-00258,A.Prof Reniel Cabral,a prof reniel cabral,delegate_list
icrs-p-00258,Reniel Cabral,reniel cabral,programme
icrs-p-00259,Ahmi Cacapit,ahmi cacapit,delegate_list
icrs-p-00260,Elisabeth Cahyani,elisabeth cahyani,programme
icrs-p-00260,Elisabeth Klara Sekar Cahyani,elisabeth klara sekar cahyani,delegate_list
icrs-p-00261,Jun Cai,jun cai,delegate_list
icrs-p-00262,Célia Caillibot,c lia caillibot,delegate_list
icrs-p-00263,Erin Cain,erin cain,delegate_list
icrs-p-00264,Vittoria Calabretta,vittoria calabretta,delegate_list
icrs-p-00265,Laurence Calagui,laurence calagui,delegate_list
icrs-p-00266,Shirlamaine Irina Calagui,shirlamaine irina calagui,delegate_list
icrs-p-00267,Dr Luis Calderon-Aguilera,luis calderon aguilera,delegate_list
icrs-p-00267,Luis Calderon-Aguilera,luis calderon aguilera,delegate_list
icrs-p-00268,Iain Caldwell,iain caldwell,delegate_list
icrs-p-00268,Dr Iain Caldwell,iain caldwell,delegate_list
icrs-p-00269,Ruleo Camacho,ruleo camacho,delegate_list
icrs-p-00270,A/Prof Emma Camp,a prof emma camp,delegate_list
icrs-p-00270,Emma Camp,emma camp,programme
icrs-p-00271,Dr Stuart Campbell,stuart campbell,delegate_list
icrs-p-00271,Stuart Sandin,stuart sandin,delegate_list
icrs-p-00271,Dr Stuart Sandin,stuart sandin,delegate_list
icrs-p-00272,Celine Campos,celine campos,delegate_list
icrs-p-00272,Celine Luisa Campos,celine luisa campos,programme
icrs-p-00273,Neal Cantin,neal cantin,delegate_list
icrs-p-00273,Dr Neal Cantin,neal cantin,delegate_list
icrs-p-00274,Jessie Capelle,jessie capelle,delegate_list
icrs-p-00274,Jessie Dambra,jessie dambra,delegate_list
icrs-p-00275,Agustin Capriati,agustin capriati,delegate_list
icrs-p-00276,Chloe Carbonne,chloe carbonne,delegate_list
icrs-p-00276,Dr Chloe Carbonne,chloe carbonne,delegate_list
icrs-p-00277,Dr Anny Cardenas,anny cardenas,delegate_list
icrs-p-00278,Jayce Carlson,jayce carlson,delegate_list
icrs-p-00279,Rachel Carlson,rachel carlson,delegate_list
icrs-p-00279,Dr Rachel Carlson,rachel carlson,delegate_list
icrs-p-00280,Amy Carmignani,amy carmignani,delegate_list
icrs-p-00281,Enora Carnac,enora carnac,delegate_list
icrs-p-00282,Megan Carney,megan carney,delegate_list
icrs-p-00283,Sophie Carolan,sophie carolan,delegate_list
icrs-p-00284,Dr Gaby Carpenter,gaby carpenter,delegate_list
icrs-p-00284,Gaby Carpenter,gaby carpenter,delegate_list
icrs-p-00285,David Carrasco Rivera,david carrasco rivera,delegate_list
icrs-p-00285,David E. Carrasco Rivera,david e carrasco rivera,programme
icrs-p-00286,Damien Carrasquet,damien carrasquet,delegate_list
icrs-p-00287,Ashley Carreiro,ashley carreiro,delegate_list
icrs-p-00288,Carlo Caruso,carlo caruso,delegate_list
icrs-p-00288,Dr Carlo Caruso,carlo caruso,delegate_list
icrs-p-00289,Prof Susana Carvalho,susana carvalho,delegate_list
icrs-p-00289,Susana Carvalho,susana carvalho,delegate_list
icrs-p-00289,Susana Tauyavuca,susana tauyavuca,delegate_list
icrs-p-00289,Susana Vulawalu,susana vulawalu,programme
icrs-p-00290,Suzanne Case,suzanne case,delegate_list
icrs-p-00290,Suzanne Long,suzanne long,delegate_list
icrs-p-00290,Dr Suzanne Long,suzanne long,delegate_list
icrs-p-00291,Dr Jenn Caselle,jenn caselle,delegate_list
icrs-p-00291,Jennifer Caselle,jennifer caselle,programme
icrs-p-00292,Criselda Castor,criselda castor,delegate_list
icrs-p-00293,Ashley Castro,ashley castro,delegate_list
icrs-p-00293,Ashley Hope Castro,ashley hope castro,programme
icrs-p-00294,Fran Castro,fran castro,delegate_list
icrs-p-00295,Geórgenes Cavalcante,ge rgenes cavalcante,delegate_list
icrs-p-00295,Dr Geórgenes Cavalcante,ge rgenes cavalcante,delegate_list
icrs-p-00296,Daniela Ceccarelli,daniela ceccarelli,delegate_list
icrs-p-00296,Dr Daniela Ceccarelli,daniela ceccarelli,delegate_list
icrs-p-00297,Anna Celis,anna celis,delegate_list
icrs-p-00298,Fiona Chabbey,fiona chabbey,delegate_list
icrs-p-00299,Daya Chadda-Harmer,daya chadda harmer,delegate_list
icrs-p-00299,Dayana Chadda-Harmer,dayana chadda harmer,programme
icrs-p-00300,Fin Chadwick,fin chadwick,delegate_list
icrs-p-00300,Finley Chadwick,finley chadwick,programme
icrs-p-00301,Lénaïc Chagnat,l na c chagnat,delegate_list
icrs-p-00302,Vincent Chalias,vincent chalias,delegate_list
icrs-p-00303,Molly Chambers,molly chambers,delegate_list
icrs-p-00304,Charernmee Chamchoy,charernmee chamchoy,delegate_list
icrs-p-00304,Dr Charernmee Chamchoy,charernmee chamchoy,delegate_list
icrs-p-00305,A/Prof Cheong Xin (CX) Chan,a prof cheong xin cx chan,delegate_list
icrs-p-00305,Cheong Xin Chan,cheong xin chan,programme
icrs-p-00306,Dr Ronald Chan,ronald chan,delegate_list
icrs-p-00307,Wing Yan Chan,wing yan chan,delegate_list
icrs-p-00307,Dr Wing Yan Chan,wing yan chan,delegate_list
icrs-p-00308,Kendall Chancellor,kendall chancellor,delegate_list
icrs-p-00309,Jia Jin Marc Chang,jia jin marc chang,programme
icrs-p-00309,Dr Marc Chang,marc chang,delegate_list
icrs-p-00310,Dr Taison Chang,taison chang,delegate_list
icrs-p-00310,Taison Ka Tai Chang,taison ka tai chang,programme
icrs-p-00311,Wim Yang-Chien Chang,wim yang chien chang,delegate_list
icrs-p-00312,Jonathan Charendoff,jonathan charendoff,delegate_list
icrs-p-00313,Kathryn Chartrand,kathryn chartrand,programme
icrs-p-00313,Dr Katie Chartrand,katie chartrand,delegate_list
icrs-p-00314,Dr Apple Chavanich,apple chavanich,delegate_list
icrs-p-00314,Suchana Apple Chavanich,suchana apple chavanich,programme
icrs-p-00315,Andia Chaves-Fonnegra,andia chaves fonnegra,delegate_list
icrs-p-00315,Dr Andia Chaves Fonnegra,andia chaves fonnegra,delegate_list
icrs-p-00316,Adrian Cheh,adrian cheh,delegate_list
icrs-p-00317,Dr Emily Chei,emily chei,delegate_list
icrs-p-00317,Emily Chei,emily chei,delegate_list
icrs-p-00318,Biao Chen,biao chen,delegate_list
icrs-p-00318,Dr Biao Chen,biao chen,delegate_list
icrs-p-00319,Guan-Yan Chen,guan yan chen,delegate_list
icrs-p-00320,Mu-Han Chen,mu han chen,delegate_list
icrs-p-00321,Prof Shean-Jen Chen,shean jen chen,delegate_list
icrs-p-00321,SHEAN-JEN Chen,shean jen chen,delegate_list
icrs-p-00322,Dr Vincent Chen,vincent chen,delegate_list
icrs-p-00322,Yang-Wen Chen,yang wen chen,programme
icrs-p-00323,Ji-yen Cheng,ji yen cheng,delegate_list
icrs-p-00323,Prof Ji-Yen Cheng,ji yen cheng,delegate_list
icrs-p-00324,Mandy Cheung,mandy cheung,delegate_list
icrs-p-00324,Dr Mandy Cheung,mandy cheung,delegate_list
icrs-p-00325,Annie Ann Nee Chew,annie ann nee chew,delegate_list
icrs-p-00326,KL Chew,kl chew,delegate_list
icrs-p-00326,Kok Lynn Chew,kok lynn chew,programme
icrs-p-00327,Shirlene Chiam,shirlene chiam,delegate_list
icrs-p-00328,Isabelle Chiang,isabelle chiang,delegate_list
icrs-p-00329,Sun Kyeong Choi,sun kyeong choi,delegate_list
icrs-p-00329,Dr Sun Kyeong Choi,sun kyeong choi,delegate_list
icrs-p-00330,Dr Fiona Chong,fiona chong,delegate_list
icrs-p-00330,Fiona Chong,fiona chong,delegate_list
icrs-p-00330,Sharon Ziegler-Chong,sharon ziegler chong,delegate_list
icrs-p-00331,Dr Le Qin Choo,le qin choo,delegate_list
icrs-p-00331,Le Qin Choo,le qin choo,delegate_list
icrs-p-00332,Cher Chow,cher chow,delegate_list
icrs-p-00332,Dr Cher Chow,cher chow,delegate_list
icrs-p-00333,Saborni Chowdhury,saborni chowdhury,delegate_list
icrs-p-00334,Kathryn Christian,kathryn christian,delegate_list
icrs-p-00335,Dr Jenhong Chu,jenhong chu,delegate_list
icrs-p-00336,Wai-Kwan Chu,wai kwan chu,delegate_list
icrs-p-00336,Dr Wai-Kwan Chu,wai kwan chu,delegate_list
icrs-p-00337,Pramod Chumun,pramod chumun,delegate_list
icrs-p-00337,Dr Pramod Chumun,pramod chumun,delegate_list
icrs-p-00338,Jaeseok Chung,jaeseok chung,delegate_list
icrs-p-00339,Sheena Chung,sheena chung,delegate_list
icrs-p-00339,Sheena Suet-Wah Chung,sheena suet wah chung,programme
icrs-p-00340,Joshua Cinner,joshua cinner,delegate_list
icrs-p-00340,Prof Joshua Cinner,joshua cinner,delegate_list
icrs-p-00341,Mr Pepe Clarke,pepe clarke,delegate_list
icrs-p-00342,Dr Charlotte Clay,charlotte clay,delegate_list
icrs-p-00342,Charlotte Clay,charlotte clay,delegate_list
icrs-p-00343,Dr Cody Clements,cody clements,delegate_list
icrs-p-00343,Cody Clements,cody clements,delegate_list
icrs-p-00344,Matthew Clements,matthew clements,delegate_list
icrs-p-00345,Maile Coberly,maile coberly,delegate_list
icrs-p-00346,Avery Coble,avery coble,delegate_list
icrs-p-00347,Kathryn Cobleigh,kathryn cobleigh,delegate_list
icrs-p-00348,Márcio Coelho,m rcio coelho,delegate_list
icrs-p-00348,Dr Márcio Coelho,m rcio coelho,delegate_list
icrs-p-00349,Francesca Cohn,francesca cohn,delegate_list
icrs-p-00350,Julia Cole,julia cole,delegate_list
icrs-p-00350,Dr Julia Cole,julia cole,delegate_list
icrs-p-00351,Gillian Coleman,gillian coleman,delegate_list
icrs-p-00352,Rianna Collins,rianna collins,delegate_list
icrs-p-00353,Dr Dexter Colquhoun,dexter colquhoun,delegate_list
icrs-p-00353,Dexter-Dean Colquhoun,dexter dean colquhoun,programme
icrs-p-00354,Tobias Comberti,tobias comberti,delegate_list
icrs-p-00355,Dr Cecilia Conaco,cecilia conaco,delegate_list
icrs-p-00355,Cecilia Martin,cecilia martin,delegate_list
icrs-p-00355,Ma Cecilia Conaco,ma cecilia conaco,programme
icrs-p-00356,Ambar Condori Boughton,ambar condori boughton,delegate_list
icrs-p-00357,Dr Trinity Conn,trinity conn,delegate_list
icrs-p-00357,Trinity Conn,trinity conn,delegate_list
icrs-p-00358,Alex Connelly,alex connelly,delegate_list
icrs-p-00359,Bronte Connolly,bronte connolly,delegate_list
icrs-p-00360,Sean Connolly,sean connolly,delegate_list
icrs-p-00360,Dr Sean Connolly,sean connolly,delegate_list
icrs-p-00361,Marco Contardi,marco contardi,delegate_list
icrs-p-00361,Dr Marco Contardi,marco contardi,delegate_list
icrs-p-00362,Kailash Cook,kailash cook,delegate_list
icrs-p-00363,Nathan Cook,nathan cook,delegate_list
icrs-p-00364,Samantha Cook,samantha cook,delegate_list
icrs-p-00365,Dr Ira Cooke,ira cooke,delegate_list
icrs-p-00365,Ira Cooke,ira cooke,delegate_list
icrs-p-00366,Kenzie Cooke,kenzie cooke,delegate_list
icrs-p-00367,Dr Chris Cooney,chris cooney,delegate_list
icrs-p-00367,Christopher Cooney,christopher cooney,programme
icrs-p-00368,Marianna Coppola,marianna coppola,delegate_list
icrs-p-00369,Beatriz Corazza,beatriz corazza,delegate_list
icrs-p-00370,Cesar A M Cordeiro,cesar a m cordeiro,delegate_list
icrs-p-00370,Cesar Cordeiro,cesar cordeiro,programme
icrs-p-00371,Alex Cormack,alex cormack,delegate_list
icrs-p-00371,Alexandra Cormack,alexandra cormack,programme
icrs-p-00372,Christopher Cornwall,christopher cornwall,delegate_list
icrs-p-00372,Dr Christopher Cornwall,christopher cornwall,delegate_list
icrs-p-00373,Brendan Cornwell,brendan cornwell,delegate_list
icrs-p-00373,Dr Brendan Cornwell,brendan cornwell,delegate_list
icrs-p-00374,Emmanuel Corse,emmanuel corse,delegate_list
icrs-p-00374,Dr Emmanuel Corse,emmanuel corse,delegate_list
icrs-p-00375,Dr Mary Cortese,mary cortese,delegate_list
icrs-p-00375,Mary Cortese,mary cortese,delegate_list
icrs-p-00376,Alessia Costa,alessia costa,delegate_list
icrs-p-00377,Laura Cotrino Salcedo,laura cotrino salcedo,delegate_list
icrs-p-00378,Courtney Couch,courtney couch,delegate_list
icrs-p-00378,Dr Courtney Couch,courtney couch,delegate_list
icrs-p-00379,Dylan Cowley,dylan cowley,delegate_list
icrs-p-00379,Dr Dylan Cowley,dylan cowley,delegate_list
icrs-p-00380,Peter Cowman,peter cowman,delegate_list
icrs-p-00380,Dr Peter Cowman,peter cowman,delegate_list
icrs-p-00381,Dr Evelyn Cox,evelyn cox,delegate_list
icrs-p-00382,Dr Jamie Craggs,jamie craggs,delegate_list
icrs-p-00382,Jamie Craggs,jamie craggs,delegate_list
icrs-p-00383,Zachary Craig,zachary craig,programme
icrs-p-00383,Zack Craig,zack craig,delegate_list
icrs-p-00384,Katie Cramer,katie cramer,delegate_list
icrs-p-00384,Dr Katie Cramer,katie cramer,delegate_list
icrs-p-00385,Prof Nicole Crane,nicole crane,delegate_list
icrs-p-00385,Nicole Crane,nicole crane,delegate_list
icrs-p-00386,Joel Creed,joel creed,delegate_list
icrs-p-00386,Dr Joel Creed,joel creed,delegate_list
icrs-p-00387,Dr Anna Cresswell,anna cresswell,delegate_list
icrs-p-00387,Anna Cresswell,anna cresswell,delegate_list
icrs-p-00388,Renee Crisostomo,renee crisostomo,delegate_list
icrs-p-00389,Emily Croasdale,emily croasdale,delegate_list
icrs-p-00390,Aldo Croquer,aldo croquer,delegate_list
icrs-p-00390,Dr Aldo Croquer,aldo croquer,delegate_list
icrs-p-00391,Dr Annick Cros,annick cros,delegate_list
icrs-p-00392,Aleksandra Crossman,aleksandra crossman,delegate_list
icrs-p-00393,Kerryn Crossman,kerryn crossman,delegate_list
icrs-p-00394,Prof Nathan Crowe,nathan crowe,delegate_list
icrs-p-00394,Nathan Crowe,nathan crowe,delegate_list
icrs-p-00395,Andres Cuéllar Chacón,andres cu llar chac n,delegate_list
icrs-p-00395,Andres Novoa,andres novoa,delegate_list
icrs-p-00396,Guoxin Cui,guoxin cui,delegate_list
icrs-p-00396,Dr Guoxin Cui,guoxin cui,delegate_list
icrs-p-00397,Emer Cunningham,emer cunningham,delegate_list
icrs-p-00398,João Cúrdia,jo o c rdia,delegate_list
icrs-p-00398,Dr João Cúrdia,jo o c rdia,delegate_list
icrs-p-00399,Sadie Cwikiel,sadie cwikiel,delegate_list
icrs-p-00400,Dr Tyler Cyronak,tyler cyronak,delegate_list
icrs-p-00400,Tyler Cyronak,tyler cyronak,delegate_list
icrs-p-00401,Luna Mayura da Fonseca Bauer,luna mayura da fonseca bauer,delegate_list
icrs-p-00402,Gabriel Lucas Xavier Da Silva,gabriel lucas xavier da silva,programme
icrs-p-00402,Gabriel Silva,gabriel silva,delegate_list
icrs-p-00403,Lindsay Dade,lindsay dade,delegate_list
icrs-p-00404,Laurice Dagum,laurice dagum,delegate_list
icrs-p-00404,Laurice Janette Dagum,laurice janette dagum,programme
icrs-p-00405,Adelaide Dahl,adelaide dahl,delegate_list
icrs-p-00406,Dr Chang-feng Dai,chang feng dai,delegate_list
icrs-p-00406,Ping Hung Chang,ping hung chang,both
icrs-p-00407,Charlotte Dale,charlotte dale,delegate_list
icrs-p-00408,Genevieve Dallmeyer-Drennen,genevieve dallmeyer drennen,delegate_list
icrs-p-00409,Taissa Damasceno,taissa damasceno,delegate_list
icrs-p-00409,Dr Taissa Damasceno,taissa damasceno,delegate_list
icrs-p-00410,Josephine Danckaert,josephine danckaert,programme
icrs-p-00410,Josie Danckaert,josie danckaert,delegate_list
icrs-p-00411,Alejandra Daniel,alejandra daniel,delegate_list
icrs-p-00412,Corinne D'anna,corinne d anna,delegate_list
icrs-p-00413,Ben Darby,ben darby,delegate_list
icrs-p-00413,Benjamin Darby,benjamin darby,programme
icrs-p-00414,Ellyn Darke,ellyn darke,delegate_list
icrs-p-00415,Dr Emily Darling,emily darling,delegate_list
icrs-p-00415,Emily Darling,emily darling,delegate_list
icrs-p-00416,Dr Shanna Davidson,shanna davidson,delegate_list
icrs-p-00416,Shanna Davidson,shanna davidson,delegate_list
icrs-p-00417,A.Prof Sarah W. Davies,a prof sarah w davies,delegate_list
icrs-p-00417,Sarah W. Davies,sarah w davies,programme
icrs-p-00418,Darimar Dávila-Ortiz,darimar d vila ortiz,delegate_list
icrs-p-00418,Georgina Ramirez-ortiz,georgina ramirez ortiz,programme
icrs-p-00419,Haley Davis,haley davis,delegate_list
icrs-p-00420,Louis Simon,louis simon,delegate_list
icrs-p-00420,Prof Simon Davy,simon davy,delegate_list
icrs-p-00420,Simon Ellis,simon ellis,delegate_list
icrs-p-00421,Chatoolsingh Dawosing,chatoolsingh dawosing,delegate_list
icrs-p-00422,Didier de Bakker,didier de bakker,delegate_list
icrs-p-00422,Dr Didier De Bakker,didier de bakker,delegate_list
icrs-p-00423,Mareike De Breuyn,mareike de breuyn,programme
icrs-p-00423,Mika De Breuyn,mika de breuyn,delegate_list
icrs-p-00424,Camille De Castro,camille de castro,delegate_list
icrs-p-00424,Rouenne Camille De Castro,rouenne camille de castro,programme
icrs-p-00425,Chiara De Jong,chiara de jong,delegate_list
icrs-p-00425,Chiara de Jong,chiara de jong,delegate_list
icrs-p-00426,Ryan Carl De Juan,ryan carl de juan,programme
icrs-p-00426,Ryan De Juan,ryan de juan,delegate_list
icrs-p-00427,Dr Kim de Luca,kim de luca,delegate_list
icrs-p-00427,Kim de Luca,kim de luca,delegate_list
icrs-p-00428,Bethany Dean,bethany dean,delegate_list
icrs-p-00429,Dr Bella Deary,bella deary,delegate_list
icrs-p-00429,Isabella Deary,isabella deary,programme
icrs-p-00430,Kah Kheng Lim,kah kheng lim,programme
icrs-p-00430,Ken Dedes,ken dedes,delegate_list
icrs-p-00430,Dr Ken Lim,ken lim,delegate_list
icrs-p-00430,Ken Shular,ken shular,delegate_list
icrs-p-00431,Dr Shannon Dee,shannon dee,delegate_list
icrs-p-00431,Shannon Dee,shannon dee,delegate_list
icrs-p-00432,Jasha Dehm,jasha dehm,delegate_list
icrs-p-00433,Mikayla Deigan,mikayla deigan,delegate_list
icrs-p-00434,Delaney Deinlein,delaney deinlein,delegate_list
icrs-p-00435,Dr Dexter dela Cruz,dexter dela cruz,delegate_list
icrs-p-00435,Dexter dela Cruz,dexter dela cruz,delegate_list
icrs-p-00436,Nathalia Delgadillo-Ordoñez,nathalia delgadillo ordo ez,delegate_list
icrs-p-00436,Dr Nathalia Delgadillo-Ordoñez,nathalia delgadillo ordo ez,delegate_list
icrs-p-00437,Zoe Dellaert,zoe dellaert,delegate_list
icrs-p-00438,Allyson DeMerlis,allyson demerlis,delegate_list
icrs-p-00438,Dr Allyson Demerlis,allyson demerlis,delegate_list
icrs-p-00439,Angelica Demers,angelica demers,delegate_list
icrs-p-00440,Alexandra Dempsey,alexandra dempsey,delegate_list
icrs-p-00441,Dr Hugo Denis,hugo denis,delegate_list
icrs-p-00441,Hugo Denis,hugo denis,delegate_list
icrs-p-00442,Dr Carly Dennison,carly dennison,delegate_list
icrs-p-00442,Caroline Dennison,caroline dennison,programme
icrs-p-00443,Dr Pranali Deore,pranali deore,delegate_list
icrs-p-00443,Pranali Deore,pranali deore,delegate_list
icrs-p-00444,Taylor DeSilva,taylor desilva,delegate_list
icrs-p-00445,Giovanna Destri,giovanna destri,delegate_list
icrs-p-00446,Michelle Devlin,michelle devlin,delegate_list
icrs-p-00446,Prof Michelle Devlin,michelle devlin,delegate_list
icrs-p-00447,Aranya Dhibar,aranya dhibar,delegate_list
icrs-p-00448,Max S. Dhillon,max s dhillon,delegate_list
icrs-p-00448,Dr Max S. Dhillon,max s dhillon,delegate_list
icrs-p-00449,Carlo Di Natale,carlo di natale,delegate_list
icrs-p-00450,Stephanie Di Perna,stephanie di perna,delegate_list
icrs-p-00451,Clara Diaz,clara diaz,delegate_list
icrs-p-00451,Dr Clara Diaz,clara diaz,delegate_list
icrs-p-00452,Laurel Diaz,laurel diaz,delegate_list
icrs-p-00453,Prof Guillermo Diaz-Pulido,guillermo diaz pulido,delegate_list
icrs-p-00453,Guillermo Diaz-Pulido,guillermo diaz pulido,delegate_list
icrs-p-00454,Faye Diederiks,faye diederiks,delegate_list
icrs-p-00455,Morgane Dierkens,morgane dierkens,delegate_list
icrs-p-00456,Nicole Dilernia,nicole dilernia,delegate_list
icrs-p-00457,Eric Dilley,eric dilley,delegate_list
icrs-p-00458,Erin Dillon,erin dillon,delegate_list
icrs-p-00458,Dr Erin Dillon,erin dillon,delegate_list
icrs-p-00459,Jenna Dilworth,jenna dilworth,delegate_list
icrs-p-00459,Dr Jenna Dilworth,jenna dilworth,delegate_list
icrs-p-00460,Michelle Diminuco,michelle diminuco,delegate_list
icrs-p-00461,Noah Dine,noah dine,delegate_list
icrs-p-00462,Dr De-sing Ding,de sing ding,delegate_list
icrs-p-00462,De-sing Ding,de sing ding,delegate_list
icrs-p-00463,Jeric Diocton,jeric diocton,delegate_list
icrs-p-00464,Samuel Diong,samuel diong,delegate_list
icrs-p-00464,Samuel Yong Jie Diong,samuel yong jie diong,programme
icrs-p-00465,Niranjan Divakaran,niranjan divakaran,delegate_list
icrs-p-00466,Farai Divan Patel,farai divan patel,delegate_list
icrs-p-00467,Denzyl Divinagracia,denzyl divinagracia,delegate_list
icrs-p-00468,Mascha Dix,mascha dix,delegate_list
icrs-p-00469,Shannon Dixon,shannon dixon,delegate_list
icrs-p-00470,Cilun Djakiman,cilun djakiman,delegate_list
icrs-p-00471,Dr Kerri Dobson,kerri dobson,delegate_list
icrs-p-00471,Kerri Dobson,kerri dobson,delegate_list
icrs-p-00472,Justine Carlos Doctolero,justine carlos doctolero,programme
icrs-p-00472,Justine Doctolero,justine doctolero,delegate_list
icrs-p-00473,Matt Doherty,matt doherty,delegate_list
icrs-p-00473,Matthew Doherty,matthew doherty,programme
icrs-p-00474,Dr Peter Doherty,peter doherty,delegate_list
icrs-p-00475,Dr Juan Pablo D'Olivo,juan pablo d olivo,delegate_list
icrs-p-00475,Juan Pablo D'Olivo Cordero,juan pablo d olivo cordero,programme
icrs-p-00476,Dr Peter Doll,peter doll,delegate_list
icrs-p-00476,Peter Doll,peter doll,delegate_list
icrs-p-00476,Peter Lowley,peter lowley,delegate_list
icrs-p-00477,Viktor Domazetoski,viktor domazetoski,delegate_list
icrs-p-00478,Caroline Donahue,caroline donahue,delegate_list
icrs-p-00479,Dr Megan Donahue,megan donahue,delegate_list
icrs-p-00480,Prof Terry Donaldson,terry donaldson,delegate_list
icrs-p-00481,Heather Donnelly,heather donnelly,delegate_list
icrs-p-00482,Mary Donovan,mary donovan,delegate_list
icrs-p-00482,Dr Mary Donovan,mary donovan,delegate_list
icrs-p-00483,A/Prof Steve Doo,a prof steve doo,delegate_list
icrs-p-00483,Steve Doo,steve doo,programme
icrs-p-00484,Prof Maria Dornelas,maria dornelas,delegate_list
icrs-p-00484,Maria Dornelas,maria dornelas,delegate_list
icrs-p-00485,Mika Doron,mika doron,delegate_list
icrs-p-00485,Mika Katayama,mika katayama,delegate_list
icrs-p-00486,Dr Christopher Doropoulos,christopher doropoulos,delegate_list
icrs-p-00486,Christopher Doropoulos,christopher doropoulos,delegate_list
icrs-p-00487,Dr Melanie Dörr,melanie d rr,delegate_list
icrs-p-00487,Melanie Dörr,melanie d rr,delegate_list
icrs-p-00488,Dr Eric Douville,eric douville,delegate_list
icrs-p-00488,Eric Douville,eric douville,delegate_list
icrs-p-00489,Emma Doyle,emma doyle,delegate_list
icrs-p-00490,Matilde Drake,matilde drake,delegate_list
icrs-p-00491,Jonas Dreesmann,jonas dreesmann,delegate_list
icrs-p-00492,Lynn Drescher,lynn drescher,delegate_list
icrs-p-00493,Ali Dressel,ali dressel,programme
icrs-p-00493,Ali Mariko Dressel,ali mariko dressel,delegate_list
icrs-p-00494,Arnaud Droit,arnaud droit,delegate_list
icrs-p-00495,Eseta Drova,eseta drova,delegate_list
icrs-p-00496,Crawford Drury,crawford drury,programme
icrs-p-00496,Dr Ford Drury,ford drury,delegate_list
icrs-p-00497,Gustavo Duarte,gustavo duarte,delegate_list
icrs-p-00497,Dr Gustavo Duarte,gustavo duarte,delegate_list
icrs-p-00498,Dr Caroline Dubé,caroline dub,delegate_list
icrs-p-00499,Paige Duffin,paige duffin,delegate_list
icrs-p-00499,Dr Paige Duffin,paige duffin,delegate_list
icrs-p-00500,Coco Dumato,coco dumato,delegate_list
icrs-p-00500,Nurfaida Salam Dumato,nurfaida salam dumato,programme
icrs-p-00501,Kerry Dunleavy,kerry dunleavy,delegate_list
icrs-p-00502,Jennifer Dunn,jennifer dunn,delegate_list
icrs-p-00503,Tho Duong,tho duong,delegate_list
icrs-p-00504,Alain Duran,alain duran,delegate_list
icrs-p-00504,Dr Alain Duran,alain duran,delegate_list
icrs-p-00505,Allie Durdall,allie durdall,delegate_list
icrs-p-00506,Nicholas Durgadeen,nicholas durgadeen,delegate_list
icrs-p-00507,Kathleen Durkin,kathleen durkin,delegate_list
icrs-p-00508,Dr Mark Eakin,mark eakin,delegate_list
icrs-p-00509,Grace Easteria,grace easteria,delegate_list
icrs-p-00510,Katie Eaton,katie eaton,delegate_list
icrs-p-00511,Anna-Cherice Ebanks-Chin,anna cherice ebanks chin,programme
icrs-p-00511,Anna Ebanks-Chin,anna ebanks chin,delegate_list
icrs-p-00512,Dr Ryan Eckert,ryan eckert,delegate_list
icrs-p-00512,Ryan Eckert,ryan eckert,delegate_list
icrs-p-00513,Christine Edullantes,christine edullantes,delegate_list
icrs-p-00513,Christine Mae Edullantes,christine mae edullantes,programme
icrs-p-00514,Dr Clinton B. Edwards,clinton b edwards,delegate_list
icrs-p-00514,Clinton Edwards,clinton edwards,programme
icrs-p-00515,Linda Eggertsen,linda eggertsen,delegate_list
icrs-p-00515,Dr Linda Eggertsen,linda eggertsen,delegate_list
icrs-p-00516,Maria Eggertsen,maria eggertsen,delegate_list
icrs-p-00516,Dr Maria Eggertsen,maria eggertsen,delegate_list
icrs-p-00517,Andreas Eich,andreas eich,delegate_list
icrs-p-00518,Dr Holland Elder,holland elder,delegate_list
icrs-p-00518,Holland Elder,holland elder,delegate_list
icrs-p-00519,Rana Elmesseri,rana elmesseri,delegate_list
icrs-p-00520,Sofia El-Rass,sofia el rass,delegate_list
icrs-p-00521,Alicia Emberson-Semisi,alicia emberson semisi,delegate_list
icrs-p-00522,Dr Mike Emslie,mike emslie,delegate_list
icrs-p-00522,Mike Emslie,mike emslie,delegate_list
icrs-p-00523,Ian Enochs,ian enochs,delegate_list
icrs-p-00523,Dr Ian Enochs,ian enochs,delegate_list
icrs-p-00524,Kanani Enos,kanani enos,delegate_list
icrs-p-00525,Lauren Enright,lauren enright,delegate_list
icrs-p-00526,Dayda Eric Rakotomahatsiaro,dayda eric rakotomahatsiaro,delegate_list
icrs-p-00526,Rakotomahatsiaro Eric Dayda,rakotomahatsiaro eric dayda,both
icrs-p-00527,Harley Erickson,harley erickson,delegate_list
icrs-p-00528,Sanna Eriksson,sanna eriksson,delegate_list
icrs-p-00529,Hanna Erwardt,hanna erwardt,delegate_list
icrs-p-00529,Johanna Erwardt,johanna erwardt,programme
icrs-p-00530,Czarmayne Escoro,czarmayne escoro,delegate_list
icrs-p-00530,Ma. Czarmayne Victoria Jude Escoro,ma czarmayne victoria jude escoro,programme
icrs-p-00531,Anabelle Dece Espadero,anabelle dece espadero,programme
icrs-p-00531,Dr Anabelle Espadero,anabelle espadero,delegate_list
icrs-p-00532,Marie Anielle Espiegle,marie anielle espiegle,delegate_list
icrs-p-00533,Mavis Adwoa Essilfie,mavis adwoa essilfie,delegate_list
icrs-p-00534,Brady Estrada,brady estrada,delegate_list
icrs-p-00535,Kris Jypson Esturas,kris jypson esturas,delegate_list
icrs-p-00536,Dorka Evangelista Pérez,dorka evangelista p rez,delegate_list
icrs-p-00536,Gonzalo Pérez-Rosales,gonzalo p rez rosales,delegate_list
icrs-p-00536,Dr Gonzalo Pérez-Rosales,gonzalo p rez rosales,delegate_list
icrs-p-00537,Dr Gal Eyal,gal eyal,delegate_list
icrs-p-00537,Gal Eyal,gal eyal,delegate_list
icrs-p-00538,Marta Andrea Ezeta Watts,marta andrea ezeta watts,delegate_list
icrs-p-00539,Joana F. Couceiro,joana f couceiro,delegate_list
icrs-p-00540,Martina Facchinelli,martina facchinelli,delegate_list
icrs-p-00541,Hugo Fahey,hugo fahey,delegate_list
icrs-p-00542,Jhon Reimer Fajardo,jhon reimer fajardo,programme
icrs-p-00542,Reimer Fajardo,reimer fajardo,delegate_list
icrs-p-00543,Yusuf Fajariyanto,yusuf fajariyanto,delegate_list
icrs-p-00544,Dr Kim Falinski,kim falinski,delegate_list
icrs-p-00544,Kim Falinski,kim falinski,delegate_list
icrs-p-00545,Prof Tung-yung Fan,tung yung fan,delegate_list
icrs-p-00545,TY Fan,ty fan,programme
icrs-p-00546,A/Prof James Fang,a prof james fang,delegate_list
icrs-p-00546,James KH Fang,james kh fang,programme
icrs-p-00547,Hans Farinas,hans farinas,delegate_list
icrs-p-00547,Hans Joshua Farinas,hans joshua farinas,programme
icrs-p-00548,Olivia Faris,olivia faris,delegate_list
icrs-p-00549,Dr Ben Farmer,ben farmer,delegate_list
icrs-p-00549,Benjamin Farmer,benjamin farmer,programme
icrs-p-00550,Viliami Fatongiatau,viliami fatongiatau,delegate_list
icrs-p-00551,Katherine Faulkner,katherine faulkner,delegate_list
icrs-p-00552,Prince Federe,prince federe,delegate_list
icrs-p-00552,Prince Jewel Federe,prince jewel federe,programme
icrs-p-00553,Dr Joshua Feingold,joshua feingold,delegate_list
icrs-p-00553,Joshua Feingold,joshua feingold,delegate_list
icrs-p-00554,Evelyne Felix,evelyne felix,delegate_list
icrs-p-00555,Dr Douglas Fenner,douglas fenner,delegate_list
icrs-p-00555,Douglas Fenner,douglas fenner,delegate_list
icrs-p-00555,Dr Douglas Rasher,douglas rasher,delegate_list
icrs-p-00556,Jackson Ferber,jackson ferber,delegate_list
icrs-p-00557,Hudson Feremaito,hudson feremaito,delegate_list
icrs-p-00558,Jessica Eri Fernandez,jessica eri fernandez,delegate_list
icrs-p-00559,Carlos Ferreira,carlos ferreira,delegate_list
icrs-p-00559,Dr Carlos Ferreira,carlos ferreira,delegate_list
icrs-p-00560,Melina F. Martello,melina f martello,delegate_list
icrs-p-00560,Melina Ferreira Martello,melina ferreira martello,programme
icrs-p-00561,Dr Sebastian Ferse,sebastian ferse,delegate_list
icrs-p-00562,Kate Fetkenhour,kate fetkenhour,delegate_list
icrs-p-00563,Luc Feuillerat,luc feuillerat,delegate_list
icrs-p-00564,Laura Fiegel,laura fiegel,delegate_list
icrs-p-00565,Anna Fiesinger,anna fiesinger,delegate_list
icrs-p-00565,Dr Anna Fiesinger,anna fiesinger,delegate_list
icrs-p-00566,Dr James Fifer,james fifer,delegate_list
icrs-p-00566,James Fifer,james fifer,delegate_list
icrs-p-00567,Will Figueira,will figueira,delegate_list
icrs-p-00567,Prof Will Figueira,will figueira,delegate_list
icrs-p-00568,Prof Joana Figueiredo,joana figueiredo,delegate_list
icrs-p-00568,Joana Figueiredo,joana figueiredo,delegate_list
icrs-p-00569,Alexandra Fine,alexandra fine,delegate_list
icrs-p-00570,Eric Fisher,eric fisher,programme
icrs-p-00570,Dr Fisher Eric,fisher eric,delegate_list
icrs-p-00571,Nabila Ayu Fitriani,nabila ayu fitriani,delegate_list
icrs-p-00572,Sergio Floeter,sergio floeter,delegate_list
icrs-p-00572,Prof Sergio Floeter,sergio floeter,delegate_list
icrs-p-00573,Daisy Flores,daisy flores,delegate_list
icrs-p-00574,Flávia Guebert,fl via guebert,delegate_list
icrs-p-00574,Dr Flávia Guebert,fl via guebert,delegate_list
icrs-p-00574,Georg Flückiger,georg fl ckiger,delegate_list
icrs-p-00574,Georg Valentin Flueckiger,georg valentin flueckiger,programme
icrs-p-00575,Nikki Fogarty,nikki fogarty,delegate_list
icrs-p-00575,Dr Nikki Fogarty,nikki fogarty,delegate_list
icrs-p-00576,Dr Jenny Fong,jenny fong,delegate_list
icrs-p-00576,Jenny Fong,jenny fong,delegate_list
icrs-p-00576,Meme Fong,meme fong,delegate_list
icrs-p-00576,Merelesita Fong,merelesita fong,programme
icrs-p-00577,Andrea Fonseca,andrea fonseca,delegate_list
icrs-p-00577,Andrea Melina Fonseca Tovar,andrea melina fonseca tovar,programme
icrs-p-00578,Shawna Foo,shawna foo,delegate_list
icrs-p-00578,Dr Shawna Foo,shawna foo,delegate_list
icrs-p-00579,Dr Sze Hui Foo,sze hui foo,delegate_list
icrs-p-00579,Sze Hui Foo,sze hui foo,delegate_list
icrs-p-00580,Amanda Ford,amanda ford,delegate_list
icrs-p-00580,Dr Amanda Ford,amanda ford,delegate_list
icrs-p-00581,Ashlyn Ford,ashlyn ford,delegate_list
icrs-p-00581,Dr Ashlyn Ford,ashlyn ford,delegate_list
icrs-p-00582,Nicholas Ford-Learner,nicholas ford learner,programme
icrs-p-00582,Nick Ford-Learner,nick ford learner,delegate_list
icrs-p-00583,Alan Foreman,alan foreman,delegate_list
icrs-p-00583,Dr Alan Foreman,alan foreman,delegate_list
icrs-p-00584,Dr Clémence Forin,cl mence forin,delegate_list
icrs-p-00584,Clemence Forin,clemence forin,programme
icrs-p-00585,Delaney Foster,delaney foster,delegate_list
icrs-p-00586,Dr Nicola Foster,nicola foster,delegate_list
icrs-p-00586,Nicola Foster,nicola foster,delegate_list
icrs-p-00587,Helen Fox,helen fox,delegate_list
icrs-p-00587,Dr Helen Fox,helen fox,delegate_list
icrs-p-00588,Dr Erik Franklin,erik franklin,delegate_list
icrs-p-00588,Erik Franklin,erik franklin,delegate_list
icrs-p-00589,Kirsty Frith,kirsty frith,delegate_list
icrs-p-00590,Dr Catheline Froehlich,catheline froehlich,delegate_list
icrs-p-00590,Catheline Y.M. Froehlich,catheline y m froehlich,programme
icrs-p-00591,Zoe Fu-chen,zoe fu chen,delegate_list
icrs-p-00591,Zoe Fu-Chen,zoe fu chen,delegate_list
icrs-p-00592,Dr Lauren Fuess,lauren fuess,delegate_list
icrs-p-00592,Lauren Fuess,lauren fuess,delegate_list
icrs-p-00593,Danielle Fukuda,danielle fukuda,delegate_list
icrs-p-00594,Dr Atsuko Fukunaga,atsuko fukunaga,delegate_list
icrs-p-00594,Atsuko Fukunaga,atsuko fukunaga,delegate_list
icrs-p-00595,Ioan Fuller,ioan fuller,delegate_list
icrs-p-00595,Dr Ioan Fuller,ioan fuller,delegate_list
icrs-p-00596,Garrett Fundakowski,garrett fundakowski,delegate_list
icrs-p-00596,Dr Garrett Fundakowski,garrett fundakowski,delegate_list
icrs-p-00597,Kubi Follosco Galpo,kubi follosco galpo,delegate_list
icrs-p-00597,Noreen Marie G. Follosco,noreen marie g follosco,both
icrs-p-00598,James Gahan,james gahan,delegate_list
icrs-p-00599,Dr Greta Gaiani,greta gaiani,delegate_list
icrs-p-00599,Greta Gaiani,greta gaiani,delegate_list
icrs-p-00600,Ashton Gainsford,ashton gainsford,delegate_list
icrs-p-00600,Dr Ashton Gainsford,ashton gainsford,delegate_list
icrs-p-00601,Patricia Gajo,patricia gajo,delegate_list
icrs-p-00601,Patricia Nicole Gajo,patricia nicole gajo,programme
icrs-p-00602,Nikko Galanto,nikko galanto,delegate_list
icrs-p-00603,Dr Dom Gallery,dom gallery,delegate_list
icrs-p-00603,Dominique Gallery,dominique gallery,programme
icrs-p-00604,Prof Paolo Galli,paolo galli,delegate_list
icrs-p-00605,Shelby Gantt,shelby gantt,delegate_list
icrs-p-00605,Dr Shelby Gantt,shelby gantt,delegate_list
icrs-p-00606,Vivienne Gao,vivienne gao,delegate_list
icrs-p-00607,Emma Garcia,emma garcia,delegate_list
icrs-p-00608,Rocio Garcia,rocio garcia,delegate_list
icrs-p-00608,Dr Rocio Garcia,rocio garcia,delegate_list
icrs-p-00609,Adrian Garcia Carreon,adrian garcia carreon,delegate_list
icrs-p-00609,Cesar Garcia Carreon,cesar garcia carreon,programme
icrs-p-00610,Nepsis García,nepsis garc a,delegate_list
icrs-p-00610,Nepsis Garcia Lara,nepsis garcia lara,programme
icrs-p-00611,Rebecca Garcia Camps,rebecca garcia camps,delegate_list
icrs-p-00611,Rebecca Garcia-Camps,rebecca garcia camps,delegate_list
icrs-p-00612,Garing Madeline,garing madeline,delegate_list
icrs-p-00612,Madeline Garing,madeline garing,programme
icrs-p-00613,Marina Garmendia,marina garmendia,delegate_list
icrs-p-00614,Prof Amana Garrido,amana garrido,delegate_list
icrs-p-00614,Amana Garrido,amana garrido,delegate_list
icrs-p-00615,Indiana Riley,indiana riley,programme
icrs-p-00615,Indy Riley,indy riley,delegate_list
icrs-p-00615,Riley Garvey,riley garvey,delegate_list
icrs-p-00616,Joaquin Rodrigo Garza-Perez,joaquin rodrigo garza perez,programme
icrs-p-00616,Dr Rodrigo Garza,rodrigo garza,delegate_list
icrs-p-00617,Johnny Gaskell,johnny gaskell,delegate_list
icrs-p-00618,Sophia Diane Gaton,sophia diane gaton,delegate_list
icrs-p-00619,Prerana Gawde,prerana gawde,delegate_list
icrs-p-00620,Mädchen Gebhard,m dchen gebhard,delegate_list
icrs-p-00620,Madchen Gebhard,madchen gebhard,programme
icrs-p-00621,Gerlie Gedoria,gerlie gedoria,delegate_list
icrs-p-00622,Sereana Geno,sereana geno,delegate_list
icrs-p-00623,Rhea Elizabeth George,rhea elizabeth george,programme
icrs-p-00623,Rhea George,rhea george,delegate_list
icrs-p-00624,Daniëlle Geschiere,dani lle geschiere,delegate_list
icrs-p-00624,Dr Gaëlle Quéré,ga lle qu r,delegate_list
icrs-p-00624,Gaëlle Quéré,ga lle qu r,delegate_list
icrs-p-00625,Rapzkie Geson,rapzkie geson,delegate_list
icrs-p-00626,Isabella Ghizzi,isabella ghizzi,delegate_list
icrs-p-00627,Giovanni Giallongo,giovanni giallongo,delegate_list
icrs-p-00628,Katrina Giambertone,katrina giambertone,delegate_list
icrs-p-00629,Claudia Gibson,claudia gibson,delegate_list
icrs-p-00630,Michael Gibson,michael gibson,delegate_list
icrs-p-00631,Kodai Gibu,kodai gibu,delegate_list
icrs-p-00631,Dr Kodai Gibu,kodai gibu,delegate_list
icrs-p-00632,Johanna Gijsbers,johanna gijsbers,delegate_list
icrs-p-00632,Johanna Gijsbers Alejandre,johanna gijsbers alejandre,programme
icrs-p-00633,Gloria Gil Ramos,gloria gil ramos,delegate_list
icrs-p-00633,Gloria Lisbet Gil Ramos,gloria lisbet gil ramos,programme
icrs-p-00634,Alisha Gill,alisha gill,delegate_list
icrs-p-00635,Sam Gillis,sam gillis,delegate_list
icrs-p-00635,Samantha Gillis,samantha gillis,programme
icrs-p-00636,Loretta Pele Glanville,loretta pele glanville,delegate_list
icrs-p-00637,Dr Benjamin Glass,benjamin glass,delegate_list
icrs-p-00637,Benjamin Glass,benjamin glass,delegate_list
icrs-p-00638,Jessica Glazner,jessica glazner,delegate_list
icrs-p-00639,Dr Jacopo Gobbato,jacopo gobbato,delegate_list
icrs-p-00639,Jacopo Gobbato,jacopo gobbato,delegate_list
icrs-p-00640,Dr Lisa Goberdhan,lisa goberdhan,delegate_list
icrs-p-00640,Lisa Goberdhan,lisa goberdhan,delegate_list
icrs-p-00641,Dr Deb Gochfeld,deb gochfeld,delegate_list
icrs-p-00641,Deborah Gochfeld,deborah gochfeld,programme
icrs-p-00642,Dr Mathilde Godefroid,mathilde godefroid,delegate_list
icrs-p-00642,Mathilde Godefroid,mathilde godefroid,delegate_list
icrs-p-00642,Dr Mathilde Maslin,mathilde maslin,delegate_list
icrs-p-00643,Natalie Goeler-Slough,natalie goeler slough,delegate_list
icrs-p-00643,Natalie Goeler-slough,natalie goeler slough,delegate_list
icrs-p-00644,Elizabeth Goergen,elizabeth goergen,programme
icrs-p-00644,Dr Liz Goergen,liz goergen,delegate_list
icrs-p-00645,Freya Goetz,freya goetz,delegate_list
icrs-p-00646,Prof Stefano Goffredo,stefano goffredo,delegate_list
icrs-p-00647,Prof Joaquim Góis,joaquim g is,delegate_list
icrs-p-00647,Dr Róisín Hayden,r is n hayden,delegate_list
icrs-p-00647,Róisín Hayden,r is n hayden,delegate_list
icrs-p-00648,Alan Gojanović,alan gojanovi,delegate_list
icrs-p-00648,Alan Gojanovic,alan gojanovic,programme
icrs-p-00649,Yimnang Golbuu,yimnang golbuu,delegate_list
icrs-p-00649,Dr Yimnang Golbuu,yimnang golbuu,delegate_list
icrs-p-00650,Prof Bruce Goldstein,bruce goldstein,delegate_list
icrs-p-00650,Bruce Goldstein,bruce goldstein,delegate_list
icrs-p-00650,Vicki Goldstein,vicki goldstein,delegate_list
icrs-p-00651,Maya Gomez,maya gomez,delegate_list
icrs-p-00652,Dr Kelly Gomez-Campo,kelly gomez campo,delegate_list
icrs-p-00652,Kelly Johanna Gomez Campo,kelly johanna gomez campo,programme
icrs-p-00653,Dr Daniel Gómez-Gras,daniel g mez gras,delegate_list
icrs-p-00653,Daniel Gómez-Gras,daniel g mez gras,delegate_list
icrs-p-00654,Elizabeth Gomez-Requilme,elizabeth gomez requilme,delegate_list
icrs-p-00655,Charles Gongaware,charles gongaware,programme
icrs-p-00655,Kiah Gongaware,kiah gongaware,delegate_list
icrs-p-00656,Guido Gonsior,guido gonsior,delegate_list
icrs-p-00656,Dr Guido Gonsior,guido gonsior,delegate_list
icrs-p-00657,Kate Gonzalez,kate gonzalez,delegate_list
icrs-p-00658,Migdonio Gonzalez,migdonio gonzalez,delegate_list
icrs-p-00659,A/Prof Raúl González-pech,a prof ra l gonz lez pech,delegate_list
icrs-p-00659,Raúl González-Pech,ra l gonz lez pech,programme
icrs-p-00660,Dr Manu Gonzalez-Rivero,manu gonzalez rivero,delegate_list
icrs-p-00660,Manuel Gonzalez-Rivero,manuel gonzalez rivero,programme
icrs-p-00661,Nakoa Goo,nakoa goo,delegate_list
icrs-p-00662,Dr Alex Good,alex good,delegate_list
icrs-p-00662,Alexandra Good,alexandra good,programme
icrs-p-00663,Zena Good,zena good,delegate_list
icrs-p-00664,Lucy Gorman,lucy gorman,programme
icrs-p-00664,Dr Lucy Mae Gorman,lucy mae gorman,delegate_list
icrs-p-00665,Fabian Gösser,fabian g sser,delegate_list
icrs-p-00665,Dr Fabian Gösser,fabian g sser,delegate_list
icrs-p-00666,Rinaldi Gotama,rinaldi gotama,delegate_list
icrs-p-00667,Dr Marine Gouezo,marine gouezo,delegate_list
icrs-p-00667,Marine Gouezo,marine gouezo,delegate_list
icrs-p-00668,Tamar Goulet,tamar goulet,delegate_list
icrs-p-00668,Prof Tamar Goulet,tamar goulet,delegate_list
icrs-p-00669,Dr Jamison Gove,jamison gove,delegate_list
icrs-p-00669,Jamison Gove,jamison gove,delegate_list
icrs-p-00670,Dr Cindy Grace-McCaskey,cindy grace mccaskey,delegate_list
icrs-p-00670,Cynthia Grace-McCaskey,cynthia grace mccaskey,programme
icrs-p-00671,Bryant Grady,bryant grady,delegate_list
icrs-p-00671,Bryant J Zebedy,bryant j zebedy,delegate_list
icrs-p-00672,Barbara Graham,barbara graham,delegate_list
icrs-p-00673,Nick Graham,nick graham,delegate_list
icrs-p-00673,Prof Nick Graham,nick graham,delegate_list
icrs-p-00674,Christopher Grant,christopher grant,delegate_list
icrs-p-00675,Michelle Graulty,michelle graulty,delegate_list
icrs-p-00676,Brody Gray,brody gray,delegate_list
icrs-p-00676,Sarah Gray,sarah gray,delegate_list
icrs-p-00676,Dr Sarah Gray,sarah gray,delegate_list
icrs-p-00677,Dr Stephanie Green,stephanie green,delegate_list
icrs-p-00677,Stephanie Green,stephanie green,delegate_list
icrs-p-00678,Sahra Greve,sahra greve,delegate_list
icrs-p-00679,Jack Griffin,jack griffin,delegate_list
icrs-p-00679,Sean Griffin,sean griffin,delegate_list
icrs-p-00679,Dr Sean Griffin,sean griffin,delegate_list
icrs-p-00680,Itai Grisaru,itai grisaru,delegate_list
icrs-p-00681,Ms Lilianna Gross,lilianna gross,delegate_list
icrs-p-00682,Andrea Grottoli,andrea grottoli,delegate_list
icrs-p-00682,Prof Andrea Grottoli,andrea grottoli,delegate_list
icrs-p-00683,Carsten Grupstra,carsten grupstra,delegate_list
icrs-p-00683,Dr Carsten Grupstra,carsten grupstra,delegate_list
icrs-p-00684,Nikole Gualdron,nikole gualdron,delegate_list
icrs-p-00685,Dr Mishal Gudka,mishal gudka,delegate_list
icrs-p-00686,Julian Gueho,julian gueho,delegate_list
icrs-p-00687,James Guest,james guest,delegate_list
icrs-p-00687,Dr James Guest,james guest,delegate_list
icrs-p-00688,Dr Annie Guillaume,annie guillaume,delegate_list
icrs-p-00688,Annie Guillaume,annie guillaume,delegate_list
icrs-p-00689,Sophie Guillemet-Fritsch,sophie guillemet fritsch,delegate_list
icrs-p-00689,Dr Sophie Guillemet-Fritsch,sophie guillemet fritsch,delegate_list
icrs-p-00690,Sebastian Guillermin,sebastian guillermin,delegate_list
icrs-p-00691,Dr Mahesh Gummalla,mahesh gummalla,delegate_list
icrs-p-00691,Maheshwar Reddy Gummalla,maheshwar reddy gummalla,programme
icrs-p-00692,Mr Nils Gungor,nils gungor,delegate_list
icrs-p-00692,Nils Rädecker,nils r decker,delegate_list
icrs-p-00692,Dr Nils Rädecker,nils r decker,delegate_list
icrs-p-00693,Gabriela Gutierrez,gabriela gutierrez,delegate_list
icrs-p-00694,Daniela Gutierrez Andrade,daniela gutierrez andrade,delegate_list
icrs-p-00694,Daniela Gutierrez-Andrade,daniela gutierrez andrade,delegate_list
icrs-p-00695,Silvana Guzman,silvana guzman,delegate_list
icrs-p-00696,Serena Hackerott,serena hackerott,delegate_list
icrs-p-00696,Dr Serena Hackerott,serena hackerott,delegate_list
icrs-p-00697,Almog Haim,almog haim,delegate_list
icrs-p-00698,Lewis Haines,lewis haines,delegate_list
icrs-p-00699,Ashley Halim,ashley halim,delegate_list
icrs-p-00700,Emily Hall,emily hall,delegate_list
icrs-p-00700,Dr Emily Hall,emily hall,delegate_list
icrs-p-00701,Akacia Halliday-Isaac,akacia halliday isaac,delegate_list
icrs-p-00701,Dr Akacia Halliday-Isaac,akacia halliday isaac,delegate_list
icrs-p-00702,Ari Halperin,ari halperin,delegate_list
icrs-p-00702,Ariel Halperin,ariel halperin,programme
icrs-p-00703,Halwi,halwi,both
icrs-p-00703,Halwi Masdar,halwi masdar,delegate_list
icrs-p-00703,nan Halwi,nan halwi,programme
icrs-p-00704,Kohei Hamamoto,kohei hamamoto,delegate_list
icrs-p-00704,Dr Kohei Hamamoto,kohei hamamoto,delegate_list
icrs-p-00705,Emmanuel Hanert,emmanuel hanert,delegate_list
icrs-p-00705,Dr Emmanuel Hanert,emmanuel hanert,delegate_list
icrs-p-00706,Anjleen Hannak,anjleen hannak,delegate_list
icrs-p-00707,Dr Alastair Harborne,alastair harborne,delegate_list
icrs-p-00707,Alastair Harborne,alastair harborne,delegate_list
icrs-p-00708,Josh Hardin,josh hardin,delegate_list
icrs-p-00709,Jade Hargous,jade hargous,delegate_list
icrs-p-00709,Jade Shivak,jade shivak,delegate_list
icrs-p-00710,Dr Saki Harii,saki harii,delegate_list
icrs-p-00710,Saki Harii,saki harii,delegate_list
icrs-p-00711,Pierrick Harnay,pierrick harnay,delegate_list
icrs-p-00712,Mr Doug Harper,doug harper,delegate_list
icrs-p-00712,Leah Harper,leah harper,delegate_list
icrs-p-00713,Dr Daniel Harris,daniel harris,delegate_list
icrs-p-00713,Daniel Harris,daniel harris,delegate_list
icrs-p-00714,Peter Harrison,peter harrison,delegate_list
icrs-p-00714,Prof Peter Harrison,peter harrison,delegate_list
icrs-p-00715,Robin Hartley,robin hartley,delegate_list
icrs-p-00716,Dr Aaron Hartmann,aaron hartmann,delegate_list
icrs-p-00716,Aaron Hartmann,aaron hartmann,delegate_list
icrs-p-00717,Julie Hartup,julie hartup,delegate_list
icrs-p-00718,Lauren Hasson,lauren hasson,delegate_list
icrs-p-00719,Hailey Hatch-West,hailey hatch west,delegate_list
icrs-p-00720,Dr Yannis Harzonikolakis,yannis harzonikolakis,delegate_list
icrs-p-00720,Yannis Hatzonikolakis,yannis hatzonikolakis,programme
icrs-p-00721,Cat Hauser,cat hauser,delegate_list
icrs-p-00722,Rili Djohani,rili djohani,delegate_list
icrs-p-00722,Safira Warili Hawari Djohani,safira warili hawari djohani,programme
icrs-p-00723,Dr Trent Haydon,trent haydon,delegate_list
icrs-p-00723,Trent Haydon,trent haydon,delegate_list
icrs-p-00724,Leah Hays,leah hays,delegate_list
icrs-p-00725,Wilson Hazelman,wilson hazelman,delegate_list
icrs-p-00726,Dr Catherine Head,catherine head,delegate_list
icrs-p-00726,Catherine Head,catherine head,delegate_list
icrs-p-00727,Aidan Healy,aidan healy,delegate_list
icrs-p-00728,Laetitia Hédouin,laetitia h douin,programme
icrs-p-00728,Dr Laetitia Hedouin,laetitia hedouin,delegate_list
icrs-p-00729,Kate Heffner,kate heffner,delegate_list
icrs-p-00730,Evan Heit,evan heit,delegate_list
icrs-p-00731,Prof Michael Hellberg,michael hellberg,delegate_list
icrs-p-00732,Gideon Heller-wagner,gideon heller wagner,delegate_list
icrs-p-00733,Conor Hendrickson,conor hendrickson,delegate_list
icrs-p-00734,Harris Wei-khang Heng,harris wei khang heng,programme
icrs-p-00734,Harris WK Heng,harris wk heng,delegate_list
icrs-p-00735,Dr Ben Henley,ben henley,delegate_list
icrs-p-00735,Benjamin Henley,benjamin henley,programme
icrs-p-00736,Dr Ale Hernández,ale hern ndez,delegate_list
icrs-p-00736,Alejandra Hernández-Agreda,alejandra hern ndez agreda,programme
icrs-p-00736,Phaedra Hernández,phaedra hern ndez,delegate_list
icrs-p-00737,Thalia Hernandez Trillo,thalia hernandez trillo,programme
icrs-p-00737,Thalia Trillo,thalia trillo,delegate_list
icrs-p-00738,Prof Scott Heron,scott heron,delegate_list
icrs-p-00738,Scott Heron,scott heron,delegate_list
icrs-p-00739,Dr Ana Herrera Reveles,ana herrera reveles,delegate_list
icrs-p-00739,Ana Teresa Herrera Reveles,ana teresa herrera reveles,programme
icrs-p-00740,Morgan Hightshoe,morgan hightshoe,delegate_list
icrs-p-00741,Dan Hikuroa,dan hikuroa,delegate_list
icrs-p-00742,Dr Claudia Hill,claudia hill,delegate_list
icrs-p-00742,Claudia Hill,claudia hill,delegate_list
icrs-p-00743,Dr Tess Hill,tess hill,delegate_list
icrs-p-00743,Tessa Hill,tessa hill,programme
icrs-p-00744,Eve Hinchliffe,eve hinchliffe,delegate_list
icrs-p-00744,Graham Hinchliffe,graham hinchliffe,delegate_list
icrs-p-00745,Dr Kris-an Hinds,kris an hinds,delegate_list
icrs-p-00745,Kris-an Hinds,kris an hinds,delegate_list
icrs-p-00746,Allyn Duvin Hinoguin,allyn duvin hinoguin,delegate_list
icrs-p-00747,Dr Heidi Hirsh,heidi hirsh,delegate_list
icrs-p-00747,Heidi Hirsh,heidi hirsh,delegate_list
icrs-p-00748,Ana Ho,ana ho,delegate_list
icrs-p-00749,Jin Chi Ho,jin chi ho,delegate_list
icrs-p-00750,Sheng-Wei Ho,sheng wei ho,delegate_list
icrs-p-00751,Kenneth Hoadley,kenneth hoadley,delegate_list
icrs-p-00752,Dr Ludovic Hoarau,ludovic hoarau,delegate_list
icrs-p-00752,Ludovic Hoarau,ludovic hoarau,delegate_list
icrs-p-00753,Mykle Hoban,mykle hoban,delegate_list
icrs-p-00753,Dr Mykle Hoban,mykle hoban,delegate_list
icrs-p-00754,Alyssa Hobbs,alyssa hobbs,delegate_list
icrs-p-00755,Jess Hodge,jess hodge,delegate_list
icrs-p-00755,Jessica Hodge,jessica hodge,programme
icrs-p-00756,Ove Hoegh-Guldberg,ove hoegh guldberg,delegate_list
icrs-p-00756,Prof Ove Hoegh-Guldberg,ove hoegh guldberg,delegate_list
icrs-p-00757,Prof Andrew Hoey,andrew hoey,delegate_list
icrs-p-00758,Dr Vinzenz Hofferek,vinzenz hofferek,delegate_list
icrs-p-00758,Vinzenz Hofferek,vinzenz hofferek,delegate_list
icrs-p-00759,Dr Carla Hoge,carla hoge,delegate_list
icrs-p-00759,Carla Hoge,carla hoge,delegate_list
icrs-p-00760,Dr Lyndsey Holland,lyndsey holland,delegate_list
icrs-p-00760,Lyndsey Holland,lyndsey holland,delegate_list
icrs-p-00761,Erin Hollander,erin hollander,delegate_list
icrs-p-00762,Michael Hood,michael hood,delegate_list
icrs-p-00763,Dr Peter Houk,peter houk,delegate_list
icrs-p-00763,Peter Houk,peter houk,delegate_list
icrs-p-00764,Colin Howe,colin howe,delegate_list
icrs-p-00765,Dr Emily Howells,emily howells,delegate_list
icrs-p-00765,Emily Howells,emily howells,delegate_list
icrs-p-00766,Kristina Hrelja,kristina hrelja,delegate_list
icrs-p-00766,Kristina Tietjen,kristina tietjen,delegate_list
icrs-p-00767,Tony Hsu,tony hsu,delegate_list
icrs-p-00767,Tsai-Hsuan Tony Hsu,tsai hsuan tony hsu,programme
icrs-p-00768,Keno Hsueh,keno hsueh,delegate_list
icrs-p-00769,Juntong Hu,juntong hu,delegate_list
icrs-p-00770,Lucia Hu,lucia hu,delegate_list
icrs-p-00771,Minjie Hu,minjie hu,delegate_list
icrs-p-00771,Dr Minjie Hu,minjie hu,delegate_list
icrs-p-00772,Dr Danwei Huang,danwei huang,delegate_list
icrs-p-00772,Dr Lintao Huang,lintao huang,delegate_list
icrs-p-00772,Lintao Huang,lintao huang,delegate_list
icrs-p-00773,Dr Ya-Yi Huang,ya yi huang,delegate_list
icrs-p-00773,Ya-Yi Huang,ya yi huang,delegate_list
icrs-p-00774,Roger Huerlimann,roger huerlimann,delegate_list
icrs-p-00774,Dr Roger Huerlimann,roger huerlimann,delegate_list
icrs-p-00775,Annabel Hughes,annabel hughes,delegate_list
icrs-p-00776,Eden Hughes,eden hughes,delegate_list
icrs-p-00777,Kira Hughes,kira hughes,delegate_list
icrs-p-00778,Peter Hughes,peter hughes,delegate_list
icrs-p-00779,Mareike Huhn,mareike huhn,delegate_list
icrs-p-00779,Dr Mareike Huhn,mareike huhn,delegate_list
icrs-p-00780,Eric Huitt,eric huitt,delegate_list
icrs-p-00781,Adriana Humanes,adriana humanes,delegate_list
icrs-p-00781,Dr Adriana Humanes,adriana humanes,delegate_list
icrs-p-00782,A/Prof Marc Humblet,a prof marc humblet,delegate_list
icrs-p-00782,Marc Humblet,marc humblet,programme
icrs-p-00783,Brittany Huntington,brittany huntington,delegate_list
icrs-p-00783,Dr Brittany Huntington,brittany huntington,delegate_list
icrs-p-00784,Natalia Hurtado Lopez,natalia hurtado lopez,delegate_list
icrs-p-00784,Natalia Hurtado-Lopez,natalia hurtado lopez,delegate_list
icrs-p-00785,George Huster,george huster,delegate_list
icrs-p-00786,Nicholas Hutley,nicholas hutley,programme
icrs-p-00786,Dr Nick Hutley,nick hutley,delegate_list
icrs-p-00787,Alexa Huzar,alexa huzar,delegate_list
icrs-p-00788,Prof Jiang-Shiou Hwang,jiang shiou hwang,delegate_list
icrs-p-00788,Jiang-Shiou Hwang,jiang shiou hwang,delegate_list
icrs-p-00789,Dr Matt Iacchei,matt iacchei,delegate_list
icrs-p-00789,Matthew Iacchei,matthew iacchei,programme
icrs-p-00790,NIZAM IBRAHIM,nizam ibrahim,delegate_list
icrs-p-00790,Nizam Ibrahim,nizam ibrahim,delegate_list
icrs-p-00791,Patrick Idank,patrick idank,delegate_list
icrs-p-00791,Patrick Idank Idank,patrick idank idank,programme
icrs-p-00792,Dr Toyosi Igejongbo,toyosi igejongbo,delegate_list
icrs-p-00792,TOYOSI IGEJONGBO,toyosi igejongbo,delegate_list
icrs-p-00793,Layla Iijima,layla iijima,delegate_list
icrs-p-00794,Dr Ifenna Ilechukwu,ifenna ilechukwu,delegate_list
icrs-p-00794,Ifenna Ilechukwu,ifenna ilechukwu,delegate_list
icrs-p-00795,Dr Ophery Ilomo,ophery ilomo,delegate_list
icrs-p-00795,Ophery Ilomo,ophery ilomo,delegate_list
icrs-p-00796,Dr Kelly Inagaki,kelly inagaki,delegate_list
icrs-p-00796,Kelly Inagaki,kelly inagaki,delegate_list
icrs-p-00797,Lorelei Ing,lorelei ing,delegate_list
icrs-p-00798,Rachel Ionata,rachel ionata,delegate_list
icrs-p-00799,Dr Lawrance Irudayarajan,lawrance irudayarajan,delegate_list
icrs-p-00799,Lawrance Irudayarajan,lawrance irudayarajan,delegate_list
icrs-p-00800,Ashtyn Isaak,ashtyn isaak,both
icrs-p-00800,Ashtyn L. Isaak,ashtyn l isaak,delegate_list
icrs-p-00801,Iuta Isaako,iuta isaako,programme
icrs-p-00801,Utah Isaako,utah isaako,delegate_list
icrs-p-00802,Raffi Isah,raffi isah,delegate_list
icrs-p-00803,Olivia Isbell,olivia isbell,delegate_list
icrs-p-00804,Dan Ishibashi,dan ishibashi,delegate_list
icrs-p-00805,Hisatake Ishida,hisatake ishida,delegate_list
icrs-p-00806,Mayu Ishikawa,mayu ishikawa,delegate_list
icrs-p-00807,Eduardo Islas,eduardo islas,delegate_list
icrs-p-00807,Eduardo Islas-Dominguez,eduardo islas dominguez,programme
icrs-p-00808,Claire Ittleson,claire ittleson,delegate_list
icrs-p-00809,Prof Viacheslav Ivanenko,viacheslav ivanenko,delegate_list
icrs-p-00809,Viacheslav Ivanenko,viacheslav ivanenko,delegate_list
icrs-p-00810,Jordan Ivey,jordan ivey,delegate_list
icrs-p-00811,Elizabeth Ivory,elizabeth ivory,delegate_list
icrs-p-00812,Dr Michael Izumiyama,michael izumiyama,delegate_list
icrs-p-00812,Michael Izumiyama,michael izumiyama,delegate_list
icrs-p-00813,Dr Amara Jabeen,amara jabeen,delegate_list
icrs-p-00813,Amara Jabeen,amara jabeen,delegate_list
icrs-p-00814,Emily Jackson,emily jackson,delegate_list
icrs-p-00815,Tim Jackson,tim jackson,delegate_list
icrs-p-00815,Timothy Jackson,timothy jackson,programme
icrs-p-00816,Sylvia Jagerroos,sylvia jagerroos,delegate_list
icrs-p-00817,Siddhi Jaishankar,siddhi jaishankar,delegate_list
icrs-p-00818,Shivam Jalam,shivam jalam,delegate_list
icrs-p-00819,Rachel James,rachel james,programme
icrs-p-00819,Rachel Sapery James,rachel sapery james,delegate_list
icrs-p-00820,Dr W. Ryan James,w ryan james,delegate_list
icrs-p-00820,W. Ryan James,w ryan james,delegate_list
icrs-p-00821,Dr May Jandang,may jandang,delegate_list
icrs-p-00821,Suppakarn Jandang,suppakarn jandang,programme
icrs-p-00822,Katarzyna Janiszewska,katarzyna janiszewska,delegate_list
icrs-p-00822,Dr Katarzyna Janiszewska,katarzyna janiszewska,delegate_list
icrs-p-00823,Kathia Jaramillo,kathia jaramillo,delegate_list
icrs-p-00824,Dr Danielle Jayewardene,danielle jayewardene,delegate_list
icrs-p-00824,Danielle Jayewardene,danielle jayewardene,delegate_list
icrs-p-00825,Christina Jayne,christina jayne,delegate_list
icrs-p-00826,Reanna Jeanes,reanna jeanes,delegate_list
icrs-p-00827,Laura-Li Jeannot,laura li jeannot,delegate_list
icrs-p-00827,Dr Laura-Li Jeannot,laura li jeannot,delegate_list
icrs-p-00828,Sruti Jeetun,sruti jeetun,delegate_list
icrs-p-00829,David Jen,david jen,delegate_list
icrs-p-00830,Yusup Jentewo,yusup jentewo,delegate_list
icrs-p-00831,Reshad Jhangeer-khan,reshad jhangeer khan,delegate_list
icrs-p-00832,Mitsuru Jimbo,mitsuru jimbo,delegate_list
icrs-p-00832,Dr Mitsuru Jimbo,mitsuru jimbo,delegate_list
icrs-p-00833,Nilda Jimenez-Marrero,nilda jimenez marrero,delegate_list
icrs-p-00833,Nilda Maria Jimenez-Marrero,nilda maria jimenez marrero,programme
icrs-p-00834,Shakeel Jogee,shakeel jogee,delegate_list
icrs-p-00834,Shakeel Yavan Jogee,shakeel yavan jogee,programme
icrs-p-00835,Dr Ofri Johan,ofri johan,delegate_list
icrs-p-00835,Ofri Johan,ofri johan,delegate_list
icrs-p-00836,April Johns,april johns,delegate_list
icrs-p-00837,Evan Johnson,evan johnson,delegate_list
icrs-p-00837,Dr Evan Johnson,evan johnson,delegate_list
icrs-p-00838,Ian Johnson,ian johnson,delegate_list
icrs-p-00839,Kelly Wong,kelly wong,delegate_list
icrs-p-00840,Bede Johnston,bede johnston,delegate_list
icrs-p-00840,Dr Bede Johnston,bede johnston,delegate_list
icrs-p-00841,Dr Lyza Johnston,lyza johnston,delegate_list
icrs-p-00841,Lyza Johnston,lyza johnston,delegate_list
icrs-p-00842,Thomas Johnstone,thomas johnstone,delegate_list
icrs-p-00843,Emily Jolly,emily jolly,delegate_list
icrs-p-00844,Jacinta Gigileia Jonathan,jacinta gigileia jonathan,programme
icrs-p-00844,Jacinta Jonathan,jacinta jonathan,delegate_list
icrs-p-00845,Dr Lewis A. Jones,lewis a jones,delegate_list
icrs-p-00845,Lewis A. Jones,lewis a jones,delegate_list
icrs-p-00846,Dr Nicholas Jones,nicholas jones,delegate_list
icrs-p-00846,Nicholas Jones,nicholas jones,delegate_list
icrs-p-00847,Solène Jonveaux,sol ne jonveaux,delegate_list
icrs-p-00847,Solene Jonveaux,solene jonveaux,programme
icrs-p-00848,Marlena Joppien,marlena joppien,delegate_list
icrs-p-00849,Alexandra Jordan,alexandra jordan,programme
icrs-p-00849,Sassa Jordan,sassa jordan,delegate_list
icrs-p-00850,Eugene Joseph,eugene joseph,delegate_list
icrs-p-00851,Dr Jonathan Jung,jonathan jung,delegate_list
icrs-p-00851,Jonathan Jung,jonathan jung,delegate_list
icrs-p-00852,Laongdow Jungrak,laongdow jungrak,delegate_list
icrs-p-00853,Dr Micaela Justo,micaela justo,delegate_list
icrs-p-00853,Micaela Justo,micaela justo,delegate_list
icrs-p-00854,David Juszkiewicz,david juszkiewicz,delegate_list
icrs-p-00855,Sam Kahng,sam kahng,programme
icrs-p-00855,Dr Samuel Kahng,samuel kahng,delegate_list
icrs-p-00856,Kaiku Kaholoa'a,kaiku kaholoa a,delegate_list
icrs-p-00856,Kaiku Kaholoaa,kaiku kaholoaa,programme
icrs-p-00857,Jimy Kalther,jimy kalther,delegate_list
icrs-p-00857,Dr Jimy Kalther,jimy kalther,delegate_list
icrs-p-00858,Masumi Kamata,masumi kamata,delegate_list
icrs-p-00859,Nick Kamenos,nick kamenos,delegate_list
icrs-p-00859,Prof Nick Kamenos,nick kamenos,delegate_list
icrs-p-00860,Dr Hiro Kan,hiro kan,delegate_list
icrs-p-00860,Hironobu Kan,hironobu kan,programme
icrs-p-00861,Toru Kanyama,toru kanyama,delegate_list
icrs-p-00862,Carly E. Karrick,carly e karrick,programme
icrs-p-00862,Carly Karrick,carly karrick,delegate_list
icrs-p-00862,Dr Carly Randall,carly randall,delegate_list
icrs-p-00863,Mallory Kastner,mallory kastner,delegate_list
icrs-p-00864,Camila Kato,camila kato,delegate_list
icrs-p-00865,Brendan Keoni Kattil,brendan keoni kattil,programme
icrs-p-00865,Keoni Kattil,keoni kattil,delegate_list
icrs-p-00866,Sefano Moon Katz,sefano moon katz,delegate_list
icrs-p-00867,Dawn Kaufman,dawn kaufman,delegate_list
icrs-p-00868,Dr Les Kaufman,les kaufman,delegate_list
icrs-p-00868,Les Kaufman,les kaufman,delegate_list
icrs-p-00869,Dr Deepeeka Kaullysing,deepeeka kaullysing,delegate_list
icrs-p-00869,Deepeeka Kaullysing,deepeeka kaullysing,delegate_list
icrs-p-00870,Mackenzie Kawahara,mackenzie kawahara,delegate_list
icrs-p-00871,Ka'ohinani Kawahigashi,ka ohinani kawahigashi,delegate_list
icrs-p-00872,Hiʻilei Kawelo,hi ilei kawelo,delegate_list
icrs-p-00873,Novia Kayfetz-Vuong,novia kayfetz vuong,delegate_list
icrs-p-00874,Dr Andrea Kealoha,andrea kealoha,delegate_list
icrs-p-00875,Billie Kearns,billie kearns,delegate_list
icrs-p-00875,William Kearns,william kearns,programme
icrs-p-00876,Seth Keep,seth keep,delegate_list
icrs-p-00877,Elise Keister,elise keister,delegate_list
icrs-p-00877,Dr Elise Keister,elise keister,delegate_list
icrs-p-00878,Dr Inti Keith,inti keith,delegate_list
icrs-p-00878,Inti Keith,inti keith,delegate_list
icrs-p-00879,Edward Kekoa,edward kekoa,programme
icrs-p-00879,Lunalilo Kekoa,lunalilo kekoa,delegate_list
icrs-p-00880,Kainalu Keliʻikuli-Grace,kainalu keli ikuli grace,delegate_list
icrs-p-00881,Kekuʻiapōiula Keliipuleole,keku iap iula keliipuleole,programme
icrs-p-00881,Kuʻi Keliipuleole,ku i keliipuleole,delegate_list
icrs-p-00882,A/Prof Tina Keller-Costa,a prof tina keller costa,delegate_list
icrs-p-00882,Tina Keller-Costa,tina keller costa,programme
icrs-p-00883,Russell Kelley,russell kelley,delegate_list
icrs-p-00884,ʻAʻaliʻi Kelling,a ali i kelling,delegate_list
icrs-p-00885,Kathryn Kelly,kathryn kelly,delegate_list
icrs-p-00886,Miss Mildred Kelokelo,mildred kelokelo,delegate_list
icrs-p-00887,Thomas Kemenes,thomas kemenes,delegate_list
icrs-p-00888,Dustin Kemp,dustin kemp,delegate_list
icrs-p-00888,Dr Dustin Kemp,dustin kemp,delegate_list
icrs-p-00889,Paul Kench,paul kench,delegate_list
icrs-p-00889,Prof Paul Kench,paul kench,delegate_list
icrs-p-00890,Dr Tania Kenyon,tania kenyon,delegate_list
icrs-p-00890,Tania Kenyon,tania kenyon,delegate_list
icrs-p-00891,Diego Kersting,diego kersting,delegate_list
icrs-p-00891,Dr Diego Kersting,diego kersting,delegate_list
icrs-p-00892,Ali Khalid,ali khalid,delegate_list
icrs-p-00893,Nenik Kholilah,nenik kholilah,delegate_list
icrs-p-00894,Patrick Kiel,patrick kiel,delegate_list
icrs-p-00895,Dr Jess Kilroy,jess kilroy,delegate_list
icrs-p-00896,Dr Catherine Kim,catherine kim,delegate_list
icrs-p-00896,Catherine Kim,catherine kim,delegate_list
icrs-p-00897,Jaehyeon Kim,jaehyeon kim,delegate_list
icrs-p-00898,Dr Sun Kim,sun kim,delegate_list
icrs-p-00898,Sun Kim,sun kim,delegate_list
icrs-p-00899,Dr Taihun Kim,taihun kim,delegate_list
icrs-p-00899,Taihun Kim,taihun kim,delegate_list
icrs-p-00900,Dr Tye Kindinger,tye kindinger,delegate_list
icrs-p-00901,Sam King,sam king,delegate_list
icrs-p-00901,Samantha King,samantha king,programme
icrs-p-00902,Dr Tim King,tim king,delegate_list
icrs-p-00902,Timothy King,timothy king,programme
icrs-p-00903,Kelsey Kingsbury,kelsey kingsbury,delegate_list
icrs-p-00904,Oliver Kippax-Chui,oliver kippax chui,delegate_list
icrs-p-00905,Amber Kirk,amber kirk,delegate_list
icrs-p-00906,Dr Lisa Kirkendale,lisa kirkendale,delegate_list
icrs-p-00906,Lisa Kirkendale,lisa kirkendale,delegate_list
icrs-p-00907,Dr Hiroki Kise,hiroki kise,delegate_list
icrs-p-00907,Hiroki Kise,hiroki kise,delegate_list
icrs-p-00908,Hannah Kish,hannah kish,delegate_list
icrs-p-00909,Daigo Kishi,daigo kishi,delegate_list
icrs-p-00910,Dr Sheila Kitchen,sheila kitchen,delegate_list
icrs-p-00910,Sheila Kitchen,sheila kitchen,delegate_list
icrs-p-00911,Dr Jokim Kitolelei,jokim kitolelei,delegate_list
icrs-p-00911,Jokim Kitolelei,jokim kitolelei,delegate_list
icrs-p-00912,Salanieta Kitolelei,salanieta kitolelei,delegate_list
icrs-p-00912,Dr Salanieta Kitolelei,salanieta kitolelei,delegate_list
icrs-p-00913,Allison Klein,allison klein,delegate_list
icrs-p-00914,Dr Shannon Klein,shannon klein,delegate_list
icrs-p-00914,Shannon Klein,shannon klein,delegate_list
icrs-p-00915,Diana Kleine,diana kleine,delegate_list
icrs-p-00916,Courtney Klepac,courtney klepac,delegate_list
icrs-p-00916,Dr Courtney Klepac,courtney klepac,delegate_list
icrs-p-00917,David I Kline,david i kline,programme
icrs-p-00917,Dr David Kline,david kline,delegate_list
icrs-p-00918,Dr Grace Klinges,grace klinges,delegate_list
icrs-p-00918,Julia Klinges,julia klinges,programme
icrs-p-00919,Wanlaya Klinthong,wanlaya klinthong,delegate_list
icrs-p-00919,Dr Wanlaya Klinthong,wanlaya klinthong,delegate_list
icrs-p-00920,Ilima Kloulchad,ilima kloulchad,delegate_list
icrs-p-00921,Holly Koch,holly koch,delegate_list
icrs-p-00922,Na'ama Rose Kochman,na ama rose kochman,delegate_list
icrs-p-00922,Dr Na'ama-rose Kochman,na ama rose kochman,delegate_list
icrs-p-00923,Samuel Koeck,samuel koeck,delegate_list
icrs-p-00924,Dr Anna Koester,anna koester,delegate_list
icrs-p-00924,Anna Koester,anna koester,delegate_list
icrs-p-00925,Lucas Koh,lucas koh,delegate_list
icrs-p-00926,Anna Koivunen,anna koivunen,delegate_list
icrs-p-00927,Eveline Kolijn,eveline kolijn,delegate_list
icrs-p-00928,Graham Kolodziej,graham kolodziej,delegate_list
icrs-p-00929,Aris Konstantinidis,aris konstantinidis,delegate_list
icrs-p-00930,Nanako Kosaka,nanako kosaka,delegate_list
icrs-p-00931,Maria Kottermair,maria kottermair,delegate_list
icrs-p-00932,Dr Erik Krieger,erik krieger,delegate_list
icrs-p-00932,Erik Krieger,erik krieger,delegate_list
icrs-p-00933,Arjun Krishnan,arjun krishnan,delegate_list
icrs-p-00933,Arjun Sai Krishnan,arjun sai krishnan,programme
icrs-p-00934,Dr Ilsa Kuffner,ilsa kuffner,delegate_list
icrs-p-00934,Ilsa Kuffner,ilsa kuffner,delegate_list
icrs-p-00935,Eshna Kulkarni,eshna kulkarni,delegate_list
icrs-p-00936,Moriah Kunes,moriah kunes,delegate_list
icrs-p-00937,Dr Chao-yang Kuo,chao yang kuo,delegate_list
icrs-p-00938,Haruko Kurihara,haruko kurihara,delegate_list
icrs-p-00938,Dr Haruko Kurihara,haruko kurihara,delegate_list
icrs-p-00939,Yuka Kushida,yuka kushida,delegate_list
icrs-p-00939,Dr Yuka Kushida,yuka kushida,delegate_list
icrs-p-00940,Elana Kysil,elana kysil,delegate_list
icrs-p-00941,Dr Liam Lachs,liam lachs,delegate_list
icrs-p-00941,Liam Lachs,liam lachs,delegate_list
icrs-p-00942,Rebecca Lacy,rebecca lacy,delegate_list
icrs-p-00943,Mark Ladd,mark ladd,delegate_list
icrs-p-00943,Dr Mark Ladd,mark ladd,delegate_list
icrs-p-00944,Patrick Laffy,patrick laffy,delegate_list
icrs-p-00944,Dr Patrick Laffy,patrick laffy,delegate_list
icrs-p-00945,Dr Mónica Medina,m nica medina,delegate_list
icrs-p-00945,Monica Francesca Lafon Riojas,monica francesca lafon riojas,programme
icrs-p-00945,Monica Lafon Riojas,monica lafon riojas,delegate_list
icrs-p-00945,Monica Medina,monica medina,programme
icrs-p-00946,Krista Laforest,krista laforest,delegate_list
icrs-p-00947,Todd LaJeunesse,todd lajeunesse,delegate_list
icrs-p-00947,Prof Todd LaJeunesse,todd lajeunesse,delegate_list
icrs-p-00948,A/Prof Joleah Lamb,a prof joleah lamb,delegate_list
icrs-p-00949,Hannah-Marie Lamle,hannah marie lamle,delegate_list
icrs-p-00950,Andrea Carolina Landaverde Ventura,andrea carolina landaverde ventura,programme
icrs-p-00950,Andrea Landaverde,andrea landaverde,delegate_list
icrs-p-00951,Matilde Lanzini,matilde lanzini,delegate_list
icrs-p-00952,Victor Lara,victor lara,programme
icrs-p-00952,Victor Lara-Pinzón,victor lara pinz n,delegate_list
icrs-p-00953,Laura Lardinois,laura lardinois,delegate_list
icrs-p-00954,Angela Larson,angela larson,delegate_list
icrs-p-00955,Prof Howard Lasker,howard lasker,delegate_list
icrs-p-00956,Chuck Lauer Vose,chuck lauer vose,delegate_list
icrs-p-00957,Erica Lauer Vose,erica lauer vose,delegate_list
icrs-p-00957,Erica Towle,erica towle,delegate_list
icrs-p-00957,Dr Erica Towle,erica towle,delegate_list
icrs-p-00958,Prof Dail Laughinghouse,dail laughinghouse,delegate_list
icrs-p-00959,Erin Lausterer,erin lausterer,delegate_list
icrs-p-00960,Mei Ting Law,mei ting law,delegate_list
icrs-p-00961,Catherine Lawrence,catherine lawrence,delegate_list
icrs-p-00962,Evan Lawrence,evan lawrence,delegate_list
icrs-p-00963,Dr Chris Lawson,chris lawson,delegate_list
icrs-p-00963,Christopher L. Lawson,christopher l lawson,programme
icrs-p-00964,Trina Leberer,trina leberer,delegate_list
icrs-p-00965,Dr Mickael Leclercq,mickael leclercq,delegate_list
icrs-p-00966,Carmine Lee,carmine lee,delegate_list
icrs-p-00967,Chaehwan Lee,chaehwan lee,programme
icrs-p-00967,Gaby Lee,gaby lee,delegate_list
icrs-p-00968,Jeong-Hyun Lee,jeong hyun lee,delegate_list
icrs-p-00968,Prof Jeong-Hyun Lee,jeong hyun lee,delegate_list
icrs-p-00969,Dr Jimin Lee,jimin lee,delegate_list
icrs-p-00970,Li-Keat Lee,li keat lee,delegate_list
icrs-p-00970,Dr Li-Keat Lee,li keat lee,delegate_list
icrs-p-00971,Prof Moo Joon Lee,moo joon lee,delegate_list
icrs-p-00972,Catherine Lee Hing,catherine lee hing,delegate_list
icrs-p-00973,Prof Bill Leggat,bill leggat,delegate_list
icrs-p-00973,Bill Leggat,bill leggat,delegate_list
icrs-p-00974,Sarah Leinbach,sarah leinbach,delegate_list
icrs-p-00975,Alec Leitman,alec leitman,delegate_list
icrs-p-00976,Jennifer Lemmons,jennifer lemmons,delegate_list
icrs-p-00977,Annelise Lemonius,annelise lemonius,delegate_list
icrs-p-00978,Georgia Lennox,georgia lennox,delegate_list
icrs-p-00979,Nicole Leonard,nicole leonard,delegate_list
icrs-p-00979,Dr Nicole Leonard,nicole leonard,delegate_list
icrs-p-00980,Dr Fong Yew Leong,fong yew leong,delegate_list
icrs-p-00980,Fong Yew Leong,fong yew leong,delegate_list
icrs-p-00981,Fabrizio Lepiz Conejo,fabrizio lepiz conejo,delegate_list
icrs-p-00982,Diego Lera-Lozano,diego lera lozano,delegate_list
icrs-p-00983,Matthieu Leray,matthieu leray,delegate_list
icrs-p-00983,Prof Matthieu Leray,matthieu leray,delegate_list
icrs-p-00984,Katey Lesneski,katey lesneski,delegate_list
icrs-p-00984,Dr Katey Lesneski,katey lesneski,delegate_list
icrs-p-00985,Aléxia A. Lessa,al xia a lessa,delegate_list
icrs-p-00986,Dr Michael Lesser,michael lesser,delegate_list
icrs-p-00986,Michael Lesser,michael lesser,delegate_list
icrs-p-00987,Prof Fatma Lestari,fatma lestari,delegate_list
icrs-p-00988,Celia Leto,celia leto,delegate_list
icrs-p-00989,Shu Kiu Leung,shu kiu leung,programme
icrs-p-00989,Suki Leung,suki leung,delegate_list
icrs-p-00990,Sébastien Leveque,s bastien leveque,programme
icrs-p-00990,Sebastien Leveque,sebastien leveque,delegate_list
icrs-p-00991,Leighton Levering,leighton levering,delegate_list
icrs-p-00992,Sam Levine,sam levine,programme
icrs-p-00992,Samuel Levine,samuel levine,delegate_list
icrs-p-00993,Jessica Levy,jessica levy,delegate_list
icrs-p-00994,Oren Levy,oren levy,delegate_list
icrs-p-00994,Prof Oren Levy,oren levy,delegate_list
icrs-p-00995,Dr Bonnie Lewis,bonnie lewis,delegate_list
icrs-p-00995,Bonnie Lewis,bonnie lewis,delegate_list
icrs-p-00996,Jie Li,jie li,delegate_list
icrs-p-00996,Dr Jie Li,jie li,delegate_list
icrs-p-00997,Ruiqi Li,ruiqi li,delegate_list
icrs-p-00997,Dr Ruiqi Li,ruiqi li,delegate_list
icrs-p-00998,Vivian Li,vivian li,delegate_list
icrs-p-00999,Yingxin Li,yingxin li,delegate_list
icrs-p-01000,Ronen Liberman,ronen liberman,delegate_list
icrs-p-01000,Dr Ronen Liberman,ronen liberman,delegate_list
icrs-p-01001,Akili Ligons,akili ligons,delegate_list
icrs-p-01002,Charlon Ligson,charlon ligson,programme
icrs-p-01002,Lon Ligson,lon ligson,delegate_list
icrs-p-01003,Crissa Ann Lilagan,crissa ann lilagan,programme
icrs-p-01003,Crissa Lilagan,crissa lilagan,delegate_list
icrs-p-01004,Julian Lilkendey,julian lilkendey,delegate_list
icrs-p-01004,Dr Julian Lilkendey,julian lilkendey,delegate_list
icrs-p-01005,Dr Jae Kyu Lim,jae kyu lim,delegate_list
icrs-p-01006,Michele Lima,michele lima,delegate_list
icrs-p-01006,Dr Michele Lima,michele lima,delegate_list
icrs-p-01007,Gino Valentino Limmon,gino valentino limmon,delegate_list
icrs-p-01007,Dr Gino Valentino Limmon,gino valentino limmon,delegate_list
icrs-p-01008,Dr Bing Lin,bing lin,delegate_list
icrs-p-01008,Bing Lin,bing lin,delegate_list
icrs-p-01008,Dr Harry Lin,harry lin,delegate_list
icrs-p-01008,Tzu-Hao Lin,tzu hao lin,programme
icrs-p-01009,A/Prof Mei-Fang Lin,a prof mei fang lin,delegate_list
icrs-p-01009,Mei-Fang Lin,mei fang lin,programme
icrs-p-01010,Amy Lin,amy lin,delegate_list
icrs-p-01010,YEN HSI LIN,yen hsi lin,programme
icrs-p-01011,Min Kang Ling,min kang ling,delegate_list
icrs-p-01012,Prof Jorge Lino,jorge lino,delegate_list
icrs-p-01012,Jorge Lino Alves,jorge lino alves,programme
icrs-p-01013,Hilda Lionata,hilda lionata,delegate_list
icrs-p-01013,Hilda Lionata Kurniawan,hilda lionata kurniawan,programme
icrs-p-01014,Jarrod Little,jarrod little,delegate_list
icrs-p-01015,Jason Litwak,jason litwak,delegate_list
icrs-p-01016,Gang Liu,gang liu,delegate_list
icrs-p-01016,Dr Gang Liu,gang liu,delegate_list
icrs-p-01017,Caitlin Lloyd-Hall,caitlin lloyd hall,delegate_list
icrs-p-01018,Colin Lock,colin lock,delegate_list
icrs-p-01019,Cheryl Logan,cheryl logan,delegate_list
icrs-p-01019,Prof Cheryl Logan,cheryl logan,delegate_list
icrs-p-01020,Sesimani Lokotui,sesimani lokotui,delegate_list
icrs-p-01021,Guilherme Longo,guilherme longo,delegate_list
icrs-p-01021,Prof Guilherme Longo,guilherme longo,delegate_list
icrs-p-01022,Stacia Loong,stacia loong,delegate_list
icrs-p-01023,Dr Cataixa Lopez,cataixa lopez,delegate_list
icrs-p-01023,Cataixa Lopez Batista,cataixa lopez batista,programme
icrs-p-01024,Arthur Loures,arthur loures,delegate_list
icrs-p-01024,Arthur Loures Choucair Rodrigues de Oliveira,arthur loures choucair rodrigues de oliveira,programme
icrs-p-01025,Veronica Lovobalavu,veronica lovobalavu,delegate_list
icrs-p-01026,Alyson Lowell,alyson lowell,delegate_list
icrs-p-01026,Dr Alyson Lowell,alyson lowell,delegate_list
icrs-p-01027,Augustina Löwenstein,augustina l wenstein,delegate_list
icrs-p-01028,Rebecca Loy,rebecca loy,delegate_list
icrs-p-01029,Yossi Loya,yossi loya,delegate_list
icrs-p-01029,Prof Yossi Loya,yossi loya,delegate_list
icrs-p-01030,Katie Lubarsky,katie lubarsky,delegate_list
icrs-p-01031,Rhea Luciano,rhea luciano,delegate_list
icrs-p-01031,Rhea Mae Luciano,rhea mae luciano,programme
icrs-p-01032,Stirling Ludwick,stirling ludwick,delegate_list
icrs-p-01033,Dr Osmar Luiz,osmar luiz,delegate_list
icrs-p-01033,Osmar Luiz,osmar luiz,delegate_list
icrs-p-01034,Kelly Lumpkin,kelly lumpkin,both
icrs-p-01035,Jannis Luncke,jannis luncke,delegate_list
icrs-p-01036,Dr Petra Lundgren,petra lundgren,delegate_list
icrs-p-01036,Petra Macgowan,petra macgowan,delegate_list
icrs-p-01036,Dr Petra Visser,petra visser,delegate_list
icrs-p-01036,Petra Visser,petra visser,delegate_list
icrs-p-01037,Haiwei Luo,haiwei luo,delegate_list
icrs-p-01037,Prof Haiwei Luo,haiwei luo,delegate_list
icrs-p-01038,Caitlin Lustic,caitlin lustic,delegate_list
icrs-p-01039,Victoria Lydick,victoria lydick,delegate_list
icrs-p-01040,Hannah Lyford,hannah lyford,programme
icrs-p-01040,Hannah Reilly Lyford,hannah reilly lyford,delegate_list
icrs-p-01041,Chancey Macdonald,chancey macdonald,delegate_list
icrs-p-01041,Chancey MacDonald,chancey macdonald,delegate_list
icrs-p-01042,Nicholas MacKnight,nicholas macknight,programme
icrs-p-01042,Dr Nick MacKnight,nick macknight,delegate_list
icrs-p-01043,Diana Macpherson,diana macpherson,delegate_list
icrs-p-01044,Laura Macrina,laura macrina,delegate_list
icrs-p-01044,Dr Laura Macrina,laura macrina,delegate_list
icrs-p-01045,Sophia MacVittie,sophia macvittie,programme
icrs-p-01045,Sophie MacVittie,sophie macvittie,delegate_list
icrs-p-01046,Vic Lorence Madariaga,vic lorence madariaga,programme
icrs-p-01046,VL Madariaga,vl madariaga,delegate_list
icrs-p-01047,Gina-Marie Maddix,gina marie maddix,delegate_list
icrs-p-01047,Gina-marie Maddix,gina marie maddix,delegate_list
icrs-p-01048,Sam Madge,sam madge,delegate_list
icrs-p-01048,Samuel Madge,samuel madge,programme
icrs-p-01049,Will Mae-Huihui,will mae huihui,delegate_list
icrs-p-01049,William Mae-Huihui,william mae huihui,programme
icrs-p-01050,Nicolas Mafla Viscarra,nicolas mafla viscarra,delegate_list
icrs-p-01051,Panji Mahyatar,panji mahyatar,delegate_list
icrs-p-01052,Michelle Mair,michelle mair,delegate_list
icrs-p-01053,Kristen Maize,kristen maize,delegate_list
icrs-p-01053,Kristen Reed,kristen reed,delegate_list
icrs-p-01054,Mary Rose Makoski,mary rose makoski,programme
icrs-p-01054,Rosie Makoski,rosie makoski,delegate_list
icrs-p-01055,H Malleshappa,h malleshappa,delegate_list
icrs-p-01055,Dr H Malleshappa,h malleshappa,delegate_list
icrs-p-01056,Johnenn Manalang,johnenn manalang,delegate_list
icrs-p-01057,Stephanus Mandagi,stephanus mandagi,delegate_list
icrs-p-01058,Dr Rommel H. Maneja,rommel h maneja,delegate_list
icrs-p-01058,Rommel Maneja,rommel maneja,programme
icrs-p-01059,Sangeeta Mangubhai,sangeeta mangubhai,delegate_list
icrs-p-01059,Dr Sangeeta Mangubhai,sangeeta mangubhai,delegate_list
icrs-p-01060,Héloïse Maniquet,h lo se maniquet,delegate_list
icrs-p-01061,Chloe Manley,chloe manley,delegate_list
icrs-p-01062,Mary Kathryn Grace Mann,mary kathryn grace mann,delegate_list
icrs-p-01062,Mary Mann,mary mann,programme
icrs-p-01063,Kenzie Manning,kenzie manning,delegate_list
icrs-p-01063,Mackenzie Manning,mackenzie manning,programme
icrs-p-01064,Ankitha Manohar,ankitha manohar,delegate_list
icrs-p-01065,Cristiana Manullang,cristiana manullang,delegate_list
icrs-p-01066,Dr Derek Manzello,derek manzello,delegate_list
icrs-p-01066,Derek Manzello,derek manzello,delegate_list
icrs-p-01067,Laura Marangoni,laura marangoni,delegate_list
icrs-p-01067,Dr Laura Marangoni,laura marangoni,delegate_list
icrs-p-01068,Dr Luisa Marcelino,luisa marcelino,delegate_list
icrs-p-01069,Mariana Marcondes,mariana marcondes,delegate_list
icrs-p-01070,Bailey Marquardt,bailey marquardt,delegate_list
icrs-p-01071,Dr Joseane Marques,joseane marques,delegate_list
icrs-p-01071,Joseane Marques,joseane marques,delegate_list
icrs-p-01072,Matilde Marques,matilde marques,delegate_list
icrs-p-01073,Doyce Marquez,doyce marquez,delegate_list
icrs-p-01074,Bella Marrable,bella marrable,delegate_list
icrs-p-01074,Isabella Marrable,isabella marrable,programme
icrs-p-01075,Harmony Martell,harmony martell,delegate_list
icrs-p-01075,Dr Harmony Martell,harmony martell,delegate_list
icrs-p-01076,Roberta Martin,roberta martin,programme
icrs-p-01076,Dr Robin Martin,robin martin,delegate_list
icrs-p-01077,Sarah Martin,sarah martin,delegate_list
icrs-p-01077,Dr Sarah Martin,sarah martin,delegate_list
icrs-p-01078,Rowan Martindale,rowan martindale,delegate_list
icrs-p-01078,Dr Rowan Martindale,rowan martindale,delegate_list
icrs-p-01078,Rowan Tesch,rowan tesch,delegate_list
icrs-p-01079,Dr Jon Martinez,jon martinez,delegate_list
icrs-p-01079,Jonathan Martinez,jonathan martinez,programme
icrs-p-01080,Ninon Martinez,ninon martinez,delegate_list
icrs-p-01081,Stephanie Martinez,stephanie martinez,delegate_list
icrs-p-01082,Isabel Martinez-rugerio,isabel martinez rugerio,delegate_list
icrs-p-01082,Maria Isabel Martinez Rugerio,maria isabel martinez rugerio,programme
icrs-p-01083,Marcelina Martynek,marcelina martynek,delegate_list
icrs-p-01084,Dr Shumpei Maruyama,shumpei maruyama,delegate_list
icrs-p-01084,Shumpei Maruyama,shumpei maruyama,delegate_list
icrs-p-01085,Dr Magena Marzonie,magena marzonie,delegate_list
icrs-p-01085,Magena Marzonie,magena marzonie,delegate_list
icrs-p-01086,Reagan Mason,reagan mason,delegate_list
icrs-p-01087,Robert Mason,robert mason,delegate_list
icrs-p-01087,Dr Robert Mason,robert mason,delegate_list
icrs-p-01088,Christophe Mason-Parker,christophe mason parker,delegate_list
icrs-p-01089,Yoluène Massey,yolu ne massey,delegate_list
icrs-p-01090,Robyn Mast,robyn mast,delegate_list
icrs-p-01091,Mila Matairakula - Kotoisuva,mila matairakula kotoisuva,delegate_list
icrs-p-01091,Ulamila Matairakula - Kotoisuva,ulamila matairakula kotoisuva,programme
icrs-p-01092,Jann-Fredryck Matias,jann fredryck matias,delegate_list
icrs-p-01093,Atelaite Lupe Matoto,atelaite lupe matoto,programme
icrs-p-01093,Lupe Matoto,lupe matoto,delegate_list
icrs-p-01094,Dr Vailala Matoto,vailala matoto,delegate_list
icrs-p-01095,Jen Matthews,jen matthews,delegate_list
icrs-p-01095,Dr Jen Matthews,jen matthews,delegate_list
icrs-p-01096,Dr Sam Matthews,sam matthews,delegate_list
icrs-p-01096,Samuel Matthews,samuel matthews,programme
icrs-p-01097,Dr Felipe Mattos,felipe mattos,delegate_list
icrs-p-01097,Felipe Mattos,felipe mattos,delegate_list
icrs-p-01098,Joelle Mattos,joelle mattos,delegate_list
icrs-p-01099,Mikhail Matz,mikhail matz,programme
icrs-p-01099,Prof Misha Matz,misha matz,delegate_list
icrs-p-01100,Kim-Isabelle Mayer,kim isabelle mayer,delegate_list
icrs-p-01101,Aileen Maypa,aileen maypa,delegate_list
icrs-p-01101,Dr Aileen Maypa,aileen maypa,delegate_list
icrs-p-01102,Julian Christopher Maypa,julian christopher maypa,programme
icrs-p-01102,Julian Maypa,julian maypa,delegate_list
icrs-p-01103,Addin Mazni,addin mazni,delegate_list
icrs-p-01103,Muhammad Addin Mazni,muhammad addin mazni,programme
icrs-p-01104,Ryan Mcandrews,ryan mcandrews,delegate_list
icrs-p-01105,Orion Mccarthy,orion mccarthy,delegate_list
icrs-p-01105,Dr Orion McCarthy,orion mccarthy,delegate_list
icrs-p-01106,Dr Mark Mccauley,mark mccauley,delegate_list
icrs-p-01107,Sam McClain,sam mcclain,delegate_list
icrs-p-01107,Samantha McClain,samantha mcclain,programme
icrs-p-01108,Rayna Mcclintock,rayna mcclintock,delegate_list
icrs-p-01109,Dr Jamie McDevitt-Irwin,jamie mcdevitt irwin,delegate_list
icrs-p-01109,Jamie McDevitt-Irwin,jamie mcdevitt irwin,delegate_list
icrs-p-01110,Catherine McFadden,catherine mcfadden,programme
icrs-p-01110,Dr Cathy McFadden,cathy mcfadden,delegate_list
icrs-p-01111,Dr Melanie McField,melanie mcfield,delegate_list
icrs-p-01111,Melanie McField,melanie mcfield,delegate_list
icrs-p-01112,Miya Isabelle McGlone,miya isabelle mcglone,delegate_list
icrs-p-01112,Miya Isabelle Mcglone,miya isabelle mcglone,delegate_list
icrs-p-01113,Helen McGregor,helen mcgregor,delegate_list
icrs-p-01113,Prof Helen McGregor,helen mcgregor,delegate_list
icrs-p-01114,Dr Katrina McGuigan,katrina mcguigan,delegate_list
icrs-p-01114,Katrina McGuigan,katrina mcguigan,delegate_list
icrs-p-01115,Shelby Mcilroy,shelby mcilroy,delegate_list
icrs-p-01115,Dr Shelby Mcilroy,shelby mcilroy,delegate_list
icrs-p-01116,Andrew McInnis,andrew mcinnis,delegate_list
icrs-p-01117,Clancy McIntyre,clancy mcintyre,delegate_list
icrs-p-01118,Dr Susie McLaren,susie mclaren,delegate_list
icrs-p-01118,Susie Mclaren,susie mclaren,delegate_list
icrs-p-01119,Caroline Mclaughlin,caroline mclaughlin,delegate_list
icrs-p-01120,Nick Mcmahon,nick mcmahon,delegate_list
icrs-p-01120,Nick McMahon,nick mcmahon,delegate_list
icrs-p-01121,Prof John McManus,john mcmanus,delegate_list
icrs-p-01121,John McManus,john mcmanus,delegate_list
icrs-p-01122,Lisa McManus,lisa mcmanus,delegate_list
icrs-p-01122,Dr Lisa McManus,lisa mcmanus,delegate_list
icrs-p-01123,Taran McNelly,taran mcnelly,delegate_list
icrs-p-01124,A/Prof Crystal McRae,a prof crystal mcrae,delegate_list
icrs-p-01124,Crystal McRae,crystal mcrae,programme
icrs-p-01125,David Mead,david mead,delegate_list
icrs-p-01126,David Medio,david medio,delegate_list
icrs-p-01126,Dr David Medio,david medio,delegate_list
icrs-p-01127,Hélène Meehl,h l ne meehl,delegate_list
icrs-p-01128,Dr Mark Meekan,mark meekan,delegate_list
icrs-p-01128,Mark Meekan,mark meekan,delegate_list
icrs-p-01129,Sonora Meiling,sonora meiling,delegate_list
icrs-p-01130,Luisa Meiritz,luisa meiritz,delegate_list
icrs-p-01131,Luisa Meister,luisa meister,delegate_list
icrs-p-01132,Gage Mele,gage mele,delegate_list
icrs-p-01133,Dr Melissa Melendez,melissa melendez,delegate_list
icrs-p-01134,Amanda Melendez-Perez,amanda melendez perez,delegate_list
icrs-p-01134,Amanda Melendez-perez,amanda melendez perez,delegate_list
icrs-p-01135,Juliana Mello Fonseca,juliana mello fonseca,delegate_list
icrs-p-01136,Dr Sara Melo,sara melo,delegate_list
icrs-p-01136,Sara Melo-Merino,sara melo merino,programme
icrs-p-01137,Alexi Meltel,alexi meltel,delegate_list
icrs-p-01138,Dr Thiago Mendes,thiago mendes,delegate_list
icrs-p-01138,Thiago Mendes,thiago mendes,delegate_list
icrs-p-01139,Jasmine Mendiola,jasmine mendiola,delegate_list
icrs-p-01139,Jasmine Razalan Reighard,jasmine razalan reighard,delegate_list
icrs-p-01139,Jasmine Reighard,jasmine reighard,programme
icrs-p-01140,Sandra Mendoza Quiroz,sandra mendoza quiroz,delegate_list
icrs-p-01141,Liav Meoded Stern,liav meoded stern,delegate_list
icrs-p-01141,Liav Meoded-stern,liav meoded stern,delegate_list
icrs-p-01142,Dr Sebastian Metz,sebastian metz,delegate_list
icrs-p-01142,Sebastian Metz,sebastian metz,delegate_list
icrs-p-01143,Zoe Meziere,zoe meziere,delegate_list
icrs-p-01143,Dr Zoe Meziere,zoe meziere,delegate_list
icrs-p-01144,Dr Lisa Micheli,lisa micheli,delegate_list
icrs-p-01145,Grace Middleton,grace middleton,delegate_list
icrs-p-01146,Prof Miguel Mies,miguel mies,delegate_list
icrs-p-01146,Miguel Mies,miguel mies,delegate_list
icrs-p-01147,A/Prof Michalis Mihalitsis,a prof michalis mihalitsis,delegate_list
icrs-p-01147,Michalis Mihalitsis,michalis mihalitsis,programme
icrs-p-01148,Allison Miller,allison miller,delegate_list
icrs-p-01148,Dr Allison Miller,allison miller,delegate_list
icrs-p-01149,Emma Miller,emma miller,delegate_list
icrs-p-01150,Gavin Miller,gavin miller,delegate_list
icrs-p-01150,Gavin Singleton,gavin singleton,delegate_list
icrs-p-01151,Margaret Miller,margaret miller,delegate_list
icrs-p-01151,Dr Margaret Miller,margaret miller,delegate_list
icrs-p-01152,Meggan Miller,meggan miller,delegate_list
icrs-p-01153,Scott Miller,scott miller,delegate_list
icrs-p-01153,Dr Scott Miller,scott miller,delegate_list
icrs-p-01154,Spencer Miller,spencer miller,delegate_list
icrs-p-01155,Therese Miller,therese miller,delegate_list
icrs-p-01156,Trevor Milliken,trevor milliken,delegate_list
icrs-p-01157,Dr Wyatt Million,wyatt million,delegate_list
icrs-p-01157,Wyatt Million,wyatt million,delegate_list
icrs-p-01158,Makeda Mills,makeda mills,delegate_list
icrs-p-01159,Dr Won-Gi Min,won gi min,delegate_list
icrs-p-01160,Jan Theodore Miranda,jan theodore miranda,delegate_list
icrs-p-01161,Lucyie Liana Misi,lucyie liana misi,delegate_list
icrs-p-01162,Dr Geoff Mitchell,geoff mitchell,delegate_list
icrs-p-01162,Geoffrey Mitchell,geoffrey mitchell,programme
icrs-p-01163,Dr Matt Mitchell,matt mitchell,delegate_list
icrs-p-01163,Matthew Mitchell,matthew mitchell,programme
icrs-p-01164,Carys Mitchelmore,carys mitchelmore,delegate_list
icrs-p-01164,Dr Carys Mitchelmore,carys mitchelmore,delegate_list
icrs-p-01165,Gabriela Cristina Mitsuhashi,gabriela cristina mitsuhashi,programme
icrs-p-01165,Gabriela Mitsuhashi,gabriela mitsuhashi,delegate_list
icrs-p-01166,Yuta Miura,yuta miura,delegate_list
icrs-p-01167,Dr Meira Mizrahi,meira mizrahi,delegate_list
icrs-p-01168,Océane Moeino,oc ane moeino,delegate_list
icrs-p-01169,Megan Moews-Asher,megan moews asher,delegate_list
icrs-p-01170,Ahmed Mohamed,ahmed mohamed,delegate_list
icrs-p-01171,Dr Fairoz Mohamed,fairoz mohamed,delegate_list
icrs-p-01171,Mohamed Farook Mohamed Fairoz,mohamed farook mohamed fairoz,programme
icrs-p-01172,Tom Moir,tom moir,delegate_list
icrs-p-01172,Dr Tom Moir,tom moir,delegate_list
icrs-p-01173,Dr Nury Molina,nury molina,delegate_list
icrs-p-01174,Ana Lilia Molina Hernandez,ana lilia molina hernandez,programme
icrs-p-01174,Dr Ana Molina,ana molina,delegate_list
icrs-p-01175,Prof Simone Montano,simone montano,delegate_list
icrs-p-01175,Simone Montano,simone montano,delegate_list
icrs-p-01176,Dr Hye-won Moon,hye won moon,delegate_list
icrs-p-01176,Hye-won Moon,hye won moon,delegate_list
icrs-p-01177,Max Moonier,max moonier,delegate_list
icrs-p-01178,Renato Morais,renato morais,delegate_list
icrs-p-01178,Prof Renato Morais,renato morais,delegate_list
icrs-p-01179,Dr Diana Morales,diana morales,delegate_list
icrs-p-01179,Diana Morales-de-Anda,diana morales de anda,programme
icrs-p-01180,Dr Ben Moran,ben moran,delegate_list
icrs-p-01180,Benjamin Moran,benjamin moran,programme
icrs-p-01181,Claire Moreland-Ochoa,claire moreland ochoa,delegate_list
icrs-p-01182,A/Prof Kyle Morgan,a prof kyle morgan,delegate_list
icrs-p-01182,Kyle Morgan,kyle morgan,programme
icrs-p-01183,Rachel Morgan,rachel morgan,delegate_list
icrs-p-01184,Courtney Morgans,courtney morgans,delegate_list
icrs-p-01184,Dr Courtney Morgans,courtney morgans,delegate_list
icrs-p-01185,Dr Charlotte Moritz,charlotte moritz,delegate_list
icrs-p-01185,Charlotte Moritz,charlotte moritz,delegate_list
icrs-p-01186,John Morris,john morris,delegate_list
icrs-p-01186,Dr John Morris,john morris,delegate_list
icrs-p-01187,A/Prof Sheriden Morris,a prof sheriden morris,delegate_list
icrs-p-01187,Sheriden Morris,sheriden morris,programme
icrs-p-01188,Alison Moulding,alison moulding,delegate_list
icrs-p-01188,Dr Alison Moulding,alison moulding,delegate_list
icrs-p-01189,Dr Ryan Moyer,ryan moyer,delegate_list
icrs-p-01190,Muhidin Muhidin*,muhidin muhidin,delegate_list
icrs-p-01190,Muhidin Muhidin,muhidin muhidin,delegate_list
icrs-p-01191,Dr Bob Muir,bob muir,delegate_list
icrs-p-01192,Mujiyanto Mujiyanto,mujiyanto mujiyanto,delegate_list
icrs-p-01193,Clelia Mula,clelia mula,delegate_list
icrs-p-01194,Catherine Mullenmeister,catherine mullenmeister,delegate_list
icrs-p-01195,Erinn Muller,erinn muller,delegate_list
icrs-p-01195,Dr Erinn Muller,erinn muller,delegate_list
icrs-p-01196,Peter Mumby,peter mumby,delegate_list
icrs-p-01196,Prof Peter Mumby,peter mumby,delegate_list
icrs-p-01197,Andrea Nicte-Ha Munoz,andrea nicte ha munoz,programme
icrs-p-01197,Nicte-Ha Munoz Arroyo,nicte ha munoz arroyo,delegate_list
icrs-p-01198,Adahara Muñoz-alfaro,adahara mu oz alfaro,delegate_list
icrs-p-01198,Adahara Muñoz-Alfaro,adahara mu oz alfaro,delegate_list
icrs-p-01199,Vinayaganidhi Munusami,vinayaganidhi munusami,programme
icrs-p-01199,Vinayagen Munusami,vinayagen munusami,delegate_list
icrs-p-01200,Mikito Murakami,mikito murakami,delegate_list
icrs-p-01201,Kat Murphy,kat murphy,delegate_list
icrs-p-01201,Katherine Murphy,katherine murphy,programme
icrs-p-01202,Pooven Muruga,pooven muruga,delegate_list
icrs-p-01203,Peter Musembi,peter musembi,delegate_list
icrs-p-01204,Georgie Musson,georgie musson,delegate_list
icrs-p-01204,Georgina Musson,georgina musson,programme
icrs-p-01204,Dr Georgina Nicholson,georgina nicholson,delegate_list
icrs-p-01205,Adib Mustofa,adib mustofa,delegate_list
icrs-p-01206,Adonis Muzanni,adonis muzanni,delegate_list
icrs-p-01207,Abigail Mwalimu,abigail mwalimu,delegate_list
icrs-p-01208,Prof Laura Mydlarz,laura mydlarz,delegate_list
icrs-p-01208,Laura Mydlarz,laura mydlarz,delegate_list
icrs-p-01209,Taylor Naaykens,taylor naaykens,delegate_list
icrs-p-01210,Uʻilani Naipo,u ilani naipo,delegate_list
icrs-p-01210,Uilani Naipo,uilani naipo,programme
icrs-p-01211,A/Prof Takashi Nakamura,a prof takashi nakamura,delegate_list
icrs-p-01211,Takashi Nakamura,takashi nakamura,delegate_list
icrs-p-01212,Dr Takashi Nakamura,takashi nakamura,delegate_list
icrs-p-01212,Takashi Nakamura,takashi nakamura,delegate_list
icrs-p-01213,Dr Eileen Nalley,eileen nalley,delegate_list
icrs-p-01213,Eileen Nalley,eileen nalley,delegate_list
icrs-p-01214,Yuji NAMURA,yuji namura,delegate_list
icrs-p-01214,Yuji Namura,yuji namura,delegate_list
icrs-p-01215,Hellen Nanlohy,hellen nanlohy,delegate_list
icrs-p-01216,Aya Naseem,aya naseem,delegate_list
icrs-p-01217,Fawzia Laila Hanum Nasoetion,fawzia laila hanum nasoetion,programme
icrs-p-01217,Fawzia Nasoetion,fawzia nasoetion,delegate_list
icrs-p-01218,Melissa Naugle,melissa naugle,delegate_list
icrs-p-01219,Dr Pros Naval,pros naval,delegate_list
icrs-p-01219,Prospero Jr. Naval,prospero jr naval,programme
icrs-p-01220,Francesca Necci,francesca necci,delegate_list
icrs-p-01221,Karen Neely,karen neely,delegate_list
icrs-p-01221,Dr Karen Neely,karen neely,delegate_list
icrs-p-01222,Dr Andrew Negri,andrew negri,delegate_list
icrs-p-01222,Andrew Negri,andrew negri,delegate_list
icrs-p-01223,Rachel Neil,rachel neil,delegate_list
icrs-p-01223,Dr Rachel Neil,rachel neil,delegate_list
icrs-p-01224,Caitlin Neill,caitlin neill,delegate_list
icrs-p-01225,Melman Neill,melman neill,delegate_list
icrs-p-01226,Brian Neilson,brian neilson,delegate_list
icrs-p-01227,Joseph Clyde Nekaifes,joseph clyde nekaifes,programme
icrs-p-01227,Joseph Nekaifes,joseph nekaifes,delegate_list
icrs-p-01228,Vanessa Hui Fen Neo,vanessa hui fen neo,programme
icrs-p-01228,Vanessa Neo,vanessa neo,delegate_list
icrs-p-01229,Victor Nestor,victor nestor,delegate_list
icrs-p-01230,Alex Neufeld,alex neufeld,delegate_list
icrs-p-01230,Alexander Neufeld,alexander neufeld,programme
icrs-p-01231,Roxana Newman,roxana newman,delegate_list
icrs-p-01232,Caryl-Ann Ng,caryl ann ng,delegate_list
icrs-p-01233,Isabelle Ng,isabelle ng,delegate_list
icrs-p-01234,Godfrey Ngupula,godfrey ngupula,delegate_list
icrs-p-01235,Freda Nicholson,freda nicholson,delegate_list
icrs-p-01236,Zach Niedermaier,zach niedermaier,delegate_list
icrs-p-01237,Dr Gayani Thilakarathna,gayani thilakarathna,delegate_list
icrs-p-01237,Rathnayaka Mudiyanselage Gayani Nilupika Thilakarathna,rathnayaka mudiyanselage gayani nilupika thilakarathna,programme
icrs-p-01238,Dr Matthew Nitschke,matthew nitschke,delegate_list
icrs-p-01239,Camilla Nivison,camilla nivison,delegate_list
icrs-p-01240,Sergei Nozdrenkov,sergei nozdrenkov,delegate_list
icrs-p-01241,Eena Marie Nuevas,eena marie nuevas,delegate_list
icrs-p-01242,Dr Lucas Nunes,lucas nunes,delegate_list
icrs-p-01242,Lucas Nunes,lucas nunes,delegate_list
icrs-p-01243,Rafaella Nunes-Palma,rafaella nunes palma,delegate_list
icrs-p-01244,Rodrigo Nuñez,rodrigo nu ez,delegate_list
icrs-p-01245,Dr Clint Oakley,clint oakley,delegate_list
icrs-p-01245,Clinton Oakley,clinton oakley,programme
icrs-p-01246,Hazel Oakley,hazel oakley,delegate_list
icrs-p-01247,Ryusuke Obata,ryusuke obata,delegate_list
icrs-p-01248,Dr David Obura,david obura,delegate_list
icrs-p-01248,David Obura,david obura,delegate_list
icrs-p-01249,Remy Oddenyo,remy oddenyo,delegate_list
icrs-p-01250,Pamela Odhiambo,pamela odhiambo,delegate_list
icrs-p-01251,Sibelle O'donnell,sibelle o donnell,delegate_list
icrs-p-01252,Dr Aki Ohdera,aki ohdera,delegate_list
icrs-p-01253,Jordana Olano,jordana olano,delegate_list
icrs-p-01254,Maya Olin,maya olin,delegate_list
icrs-p-01255,Dr Lauren Olinger,lauren olinger,delegate_list
icrs-p-01255,Lauren Olinger,lauren olinger,delegate_list
icrs-p-01256,Javiera Olivares-Rojas,javiera olivares rojas,delegate_list
icrs-p-01256,Dr Javiera Olivares-Rojas,javiera olivares rojas,delegate_list
icrs-p-01257,Dr Louisi Oliveira,louisi oliveira,delegate_list
icrs-p-01258,Dawnette Olsudong,dawnette olsudong,programme
icrs-p-01258,Uly Olsudong,uly olsudong,delegate_list
icrs-p-01259,Keri O'Neil,keri o neil,delegate_list
icrs-p-01260,Rupert Ormond,rupert ormond,delegate_list
icrs-p-01260,Prof Rupert Ormond,rupert ormond,delegate_list
icrs-p-01261,Isabella Orrantia,isabella orrantia,delegate_list
icrs-p-01262,David Ory,david ory,delegate_list
icrs-p-01262,Dr David Ory,david ory,delegate_list
icrs-p-01263,Kamalani Oshiro,kamalani oshiro,delegate_list
icrs-p-01264,Dr Ronald Osinga,ronald osinga,delegate_list
icrs-p-01264,Ronald Osinga,ronald osinga,delegate_list
icrs-p-01265,Malte Ostendarp,malte ostendarp,delegate_list
icrs-p-01266,Maya Otsu,maya otsu,delegate_list
icrs-p-01267,E. Ikelau Otto,e ikelau otto,delegate_list
icrs-p-01267,Evelyn Otto,evelyn otto,programme
icrs-p-01268,Dr Nicolas Oury,nicolas oury,delegate_list
icrs-p-01268,Nicolas Oury,nicolas oury,delegate_list
icrs-p-01269,Farah Oyhenart,farah oyhenart,delegate_list
icrs-p-01270,Luiza Campos,luiza campos,delegate_list
icrs-p-01270,Luiza P. Campos,luiza p campos,programme
icrs-p-01271,Marine Pablo,marine pablo,delegate_list
icrs-p-01272,Maria Carolina Pacheco,maria carolina pacheco,delegate_list
icrs-p-01273,Dr Michelle Paddack,michelle paddack,delegate_list
icrs-p-01273,Michelle Paddack,michelle paddack,delegate_list
icrs-p-01274,Jacqueline Padilla Gamiño,jacqueline padilla gami o,delegate_list
icrs-p-01274,Dr Jacqueline Padilla Gamiño,jacqueline padilla gami o,delegate_list
icrs-p-01275,Beatrice Ferreira,beatrice ferreira,delegate_list
icrs-p-01275,Beatrice Padovani Ferreira,beatrice padovani ferreira,programme
icrs-p-01276,Dr Heather Page,heather page,delegate_list
icrs-p-01276,Heather Page,heather page,delegate_list
icrs-p-01277,Léonore Page,l onore page,programme
icrs-p-01277,Leonore Page,leonore page,delegate_list
icrs-p-01278,Akoni Palacat-Nelsen,akoni palacat nelsen,delegate_list
icrs-p-01278,Shane Akoni Palacat-nelsen,shane akoni palacat nelsen,programme
icrs-p-01279,Anne-Sophie Palermo,anne sophie palermo,programme
icrs-p-01279,Sophie Palermo,sophie palermo,delegate_list
icrs-p-01280,Lea Palm,lea palm,delegate_list
icrs-p-01281,Prof John Pandolfi,john pandolfi,delegate_list
icrs-p-01282,Dr Erin Papke,erin papke,delegate_list
icrs-p-01282,Erin Papke,erin papke,delegate_list
icrs-p-01283,Dustin Paradis,dustin paradis,delegate_list
icrs-p-01284,Javier Pardo Díaz,javier pardo d az,delegate_list
icrs-p-01285,Jimena Paredes de la Vega,jimena paredes de la vega,delegate_list
icrs-p-01285,Jimena Paredes-De la Vega,jimena paredes de la vega,delegate_list
icrs-p-01286,Katherine Parker,katherine parker,delegate_list
icrs-p-01287,John Parkinson,john parkinson,delegate_list
icrs-p-01287,Dr John Parkinson,john parkinson,delegate_list
icrs-p-01288,Spencer Parr,spencer parr,delegate_list
icrs-p-01289,Kailey Pascoe,kailey pascoe,delegate_list
icrs-p-01290,Farhan Pasolong,farhan pasolong,delegate_list
icrs-p-01291,Shaman Patel,shaman patel,delegate_list
icrs-p-01292,Dr Jamila Patterson,jamila patterson,delegate_list
icrs-p-01292,Jamila Patterson,jamila patterson,delegate_list
icrs-p-01293,Dr J.K. Patterson Edward,j k patterson edward,delegate_list
icrs-p-01293,J.K. Patterson Edward,j k patterson edward,delegate_list
icrs-p-01294,Matt Glue,matt glue,both
icrs-p-01294,Matt Paufve,matt paufve,delegate_list
icrs-p-01294,Matthew Paufve,matthew paufve,programme
icrs-p-01295,Anish Paul,anish paul,delegate_list
icrs-p-01296,Ayaka Paul,ayaka paul,delegate_list
icrs-p-01296,Ayaka Umeda Paul,ayaka umeda paul,programme
icrs-p-01297,Sayeri Paul,sayeri paul,delegate_list
icrs-p-01298,Valerie Paul,valerie paul,delegate_list
icrs-p-01298,Dr Valerie Paul,valerie paul,delegate_list
icrs-p-01299,Jan Paulini,jan paulini,delegate_list
icrs-p-01300,Dr David Paz-garcia,david paz garcia,delegate_list
icrs-p-01300,David Paz-Garcia,david paz garcia,delegate_list
icrs-p-01301,Stephanie Peak,stephanie peak,delegate_list
icrs-p-01302,Rachel Pears,rachel pears,delegate_list
icrs-p-01302,Dr Rachel Pears,rachel pears,delegate_list
icrs-p-01303,Nicole Pedersen,nicole pedersen,delegate_list
icrs-p-01304,Ricardo Pedraza-Pohlenz,ricardo pedraza pohlenz,delegate_list
icrs-p-01305,Yu-de Pei,yu de pei,delegate_list
icrs-p-01305,Yu-De Pei,yu de pei,delegate_list
icrs-p-01306,Viktor Peinemann,viktor peinemann,delegate_list
icrs-p-01307,Dr Ohad Peleg,ohad peleg,delegate_list
icrs-p-01308,Taleatha Pell,taleatha pell,delegate_list
icrs-p-01309,Dr Sittiporn Pengsakun,sittiporn pengsakun,delegate_list
icrs-p-01309,Sittiporn Pengsakun,sittiporn pengsakun,delegate_list
icrs-p-01310,Eleanor Percy-Rouhaud,eleanor percy rouhaud,delegate_list
icrs-p-01311,Elly Perez,elly perez,delegate_list
icrs-p-01312,Natalia Perez,natalia perez,delegate_list
icrs-p-01312,Dr Natalia Roos,natalia roos,delegate_list
icrs-p-01313,Esmeralda Perez-Cervantes,esmeralda perez cervantes,delegate_list
icrs-p-01314,Dr Sarah Peter,sarah peter,delegate_list
icrs-p-01314,Sarah Tamilkani Peter,sarah tamilkani peter,programme
icrs-p-01315,Vid Petrovic,vid petrovic,delegate_list
icrs-p-01316,Dr Ariel Pezner,ariel pezner,delegate_list
icrs-p-01316,Ariel Pezner,ariel pezner,delegate_list
icrs-p-01317,Elena Pfeffer,elena pfeffer,delegate_list
icrs-p-01318,Agus Piccaluga,agus piccaluga,delegate_list
icrs-p-01318,Agustina Piccaluga,agustina piccaluga,programme
icrs-p-01319,Prof Michel Pichon,michel pichon,delegate_list
icrs-p-01319,Michel Pichon,michel pichon,delegate_list
icrs-p-01320,Corinne Pickering,corinne pickering,delegate_list
icrs-p-01321,Marie-Céline Piednoir,marie c line piednoir,delegate_list
icrs-p-01322,Jordan Pierce,jordan pierce,delegate_list
icrs-p-01323,Miriam Pierotti,miriam pierotti,delegate_list
icrs-p-01324,Adele Pile,adele pile,delegate_list
icrs-p-01324,Dr Adele Pile,adele pile,delegate_list
icrs-p-01325,Alexandra Pineda-Muñoz,alexandra pineda mu oz,delegate_list
icrs-p-01326,Letícia Pinheiro,let cia pinheiro,delegate_list
icrs-p-01327,Victor Pinon-Gonzalez,victor pinon gonzalez,delegate_list
icrs-p-01328,Sophia Pinter,sophia pinter,delegate_list
icrs-p-01329,Aurora Pinto,aurora pinto,delegate_list
icrs-p-01330,Marie-Lauren Piot,marie lauren piot,delegate_list
icrs-p-01331,Supisara Pipithkul,supisara pipithkul,delegate_list
icrs-p-01332,Miss Paula Piquero,paula piquero,delegate_list
icrs-p-01332,Paula Piquero Uribe,paula piquero uribe,programme
icrs-p-01333,Dr Larissa Pires-Teixeira,larissa pires teixeira,delegate_list
icrs-p-01333,Larissa Pires Teixeira,larissa pires teixeira,delegate_list
icrs-p-01334,Kyle Pisano,kyle pisano,delegate_list
icrs-p-01335,Valeria Pizarro,valeria pizarro,delegate_list
icrs-p-01335,Dr Valeria Pizarro,valeria pizarro,delegate_list
icrs-p-01336,Prof Al Place,al place,delegate_list
icrs-p-01336,Allen Place,allen place,programme
icrs-p-01337,Serge Planes,serge planes,delegate_list
icrs-p-01337,Dr Serge Planes,serge planes,delegate_list
icrs-p-01338,Keyla Plichon,keyla plichon,delegate_list
icrs-p-01339,Manuel Ploner,manuel ploner,delegate_list
icrs-p-01340,Dr Xavier Pochon,xavier pochon,delegate_list
icrs-p-01341,Kahaku Poepoe,kahaku poepoe,delegate_list
icrs-p-01341,Kahakuhailoa Poepoe,kahakuhailoa poepoe,programme
icrs-p-01342,A/Prof Claudia Pogoreutz,a prof claudia pogoreutz,delegate_list
icrs-p-01342,Claudia Pogoreutz,claudia pogoreutz,programme
icrs-p-01343,Kenzie Pollard,kenzie pollard,delegate_list
icrs-p-01344,Morgan Pomeroy,morgan pomeroy,delegate_list
icrs-p-01345,Emma Pontes,emma pontes,delegate_list
icrs-p-01345,Dr Emma Pontes,emma pontes,delegate_list
icrs-p-01346,Ayala Porat,ayala porat,delegate_list
icrs-p-01347,Manuel Poretti,manuel poretti,delegate_list
icrs-p-01347,Dr Manuel Poretti,manuel poretti,delegate_list
icrs-p-01348,Dr Javier Porobic,javier porobic,delegate_list
icrs-p-01348,Javier Porobic,javier porobic,delegate_list
icrs-p-01349,Courtney Powell,courtney powell,delegate_list
icrs-p-01350,Dr Maya Powell,maya powell,delegate_list
icrs-p-01350,Maya Powell,maya powell,delegate_list
icrs-p-01351,Chloé Pozas-Schacre,chlo pozas schacre,delegate_list
icrs-p-01351,Dr Chloé Pozas-Schacre,chlo pozas schacre,delegate_list
icrs-p-01352,Nugroho Arif Prabowo,nugroho arif prabowo,delegate_list
icrs-p-01353,Derta Prabuning,derta prabuning,delegate_list
icrs-p-01354,Dr Carlos Prada,carlos prada,delegate_list
icrs-p-01354,Carlos Prada,carlos prada,delegate_list
icrs-p-01355,Marcela Prado-Zapata,marcela prado zapata,delegate_list
icrs-p-01356,Aldo Restu Agi Prananda,aldo restu agi prananda,delegate_list
icrs-p-01357,Rian Prasetia,rian prasetia,delegate_list
icrs-p-01357,Dr Rian Prasetia,rian prasetia,delegate_list
icrs-p-01358,Dimas Prasetyo,dimas prasetyo,delegate_list
icrs-p-01359,Dr Kat Prata,kat prata,delegate_list
icrs-p-01359,Katharine Prata,katharine prata,programme
icrs-p-01360,Dhika Pratama,dhika pratama,delegate_list
icrs-p-01361,Prof Morgan Pratchett,morgan pratchett,delegate_list
icrs-p-01361,Morgan Pratchett,morgan pratchett,delegate_list
icrs-p-01362,Dr Zoe Pratte,zoe pratte,delegate_list
icrs-p-01362,Zoe Pratte,zoe pratte,delegate_list
icrs-p-01363,Kelly Publico,kelly publico,delegate_list
icrs-p-01363,Kelly Rome Publico,kelly rome publico,programme
icrs-p-01364,Marji Puotinen,marji puotinen,delegate_list
icrs-p-01364,Dr Marji Puotinen,marji puotinen,delegate_list
icrs-p-01365,Purwanto Purwanto,purwanto purwanto,delegate_list
icrs-p-01366,Dr Hollie Putnam,hollie putnam,delegate_list
icrs-p-01366,Hollie Putnam,hollie putnam,delegate_list
icrs-p-01367,Thomas Quello,thomas quello,delegate_list
icrs-p-01368,Kate Quigley,kate quigley,delegate_list
icrs-p-01368,Dr Kate Quigley,kate quigley,delegate_list
icrs-p-01369,Dr Zach Quinlan,zach quinlan,delegate_list
icrs-p-01369,Zach Quinlan,zach quinlan,delegate_list
icrs-p-01370,Elena Quintanilla,elena quintanilla,delegate_list
icrs-p-01370,Dr Elena Quintanilla,elena quintanilla,delegate_list
icrs-p-01371,Rita Rachmawati,rita rachmawati,delegate_list
icrs-p-01372,Leonardo Rafalski,leonardo rafalski,delegate_list
icrs-p-01373,Fatima Ramadhanty Rahmat,fatima ramadhanty rahmat,delegate_list
icrs-p-01374,Scarlett Raine,scarlett raine,delegate_list
icrs-p-01374,Dr Scarlett Raine,scarlett raine,delegate_list
icrs-p-01375,Dr K Diraviya Raj,k diraviya raj,delegate_list
icrs-p-01375,K Diraviya Raj,k diraviya raj,delegate_list
icrs-p-01376,Anushka Rajagopalan,anushka rajagopalan,delegate_list
icrs-p-01377,Dr Cassie Raker,cassie raker,delegate_list
icrs-p-01377,Catherine Raker,catherine raker,programme
icrs-p-01378,Rosie Rallings,rosie rallings,delegate_list
icrs-p-01379,Ramesh Ramachandran,ramesh ramachandran,delegate_list
icrs-p-01379,Dr Ramesh Ramachandran,ramesh ramachandran,delegate_list
icrs-p-01380,Meenatchi Ramanan,meenatchi ramanan,delegate_list
icrs-p-01381,Dr Georgina Ramírez-ortiz,georgina ram rez ortiz,delegate_list
icrs-p-01381,Georgina Ramirez-ortiz,georgina ramirez ortiz,programme
icrs-p-01382,Gandhi Germán Ramírez-Tapia,gandhi germ n ram rez tapia,programme
icrs-p-01382,Gandhi Ramírez-Tapia,gandhi ram rez tapia,delegate_list
icrs-p-01383,Dr Riovie Ramos,riovie ramos,delegate_list
icrs-p-01383,Riovie Ramos,riovie ramos,delegate_list
icrs-p-01384,Antares Ramos-Alvarez,antares ramos alvarez,programme
icrs-p-01384,Dr Antares Ramos-Álvarez,antares ramos lvarez,delegate_list
icrs-p-01385,Chitra Ramphul,chitra ramphul,delegate_list
icrs-p-01385,Dr Chitra Ramphul,chitra ramphul,delegate_list
icrs-p-01386,Bhanuka Ranaweera,bhanuka ranaweera,delegate_list
icrs-p-01387,Dr Angela Randazzo-eisemann,angela randazzo eisemann,delegate_list
icrs-p-01387,Angela Randazzo Eisemann,angela randazzo eisemann,delegate_list
icrs-p-01388,Janet Gusti Putri Rande,janet gusti putri rande,programme
icrs-p-01388,Janet Rande,janet rande,delegate_list
icrs-p-01389,Lalatiana Randriamiharisoa,lalatiana randriamiharisoa,delegate_list
icrs-p-01390,Mahery RANDRIANARIVO,mahery randrianarivo,delegate_list
icrs-p-01390,Dr Mahery RANDRIANARIVO,mahery randrianarivo,delegate_list
icrs-p-01391,Evan Raymond,evan raymond,delegate_list
icrs-p-01392,Prof laurie raymundo,laurie raymundo,delegate_list
icrs-p-01392,Laurie Raymundo,laurie raymundo,delegate_list
icrs-p-01393,Belay Rayos Del Sol,belay rayos del sol,delegate_list
icrs-p-01393,Ma. Isabella Rayos del Sol,ma isabella rayos del sol,programme
icrs-p-01394,Halimah Razali,halimah razali,delegate_list
icrs-p-01395,Clarissa Reboton,clarissa reboton,delegate_list
icrs-p-01396,Jessica Reichert,jessica reichert,delegate_list
icrs-p-01396,Dr Jessica Reichert,jessica reichert,delegate_list
icrs-p-01397,Alicia Reigel,alicia reigel,delegate_list
icrs-p-01397,Dr Alicia Reigel,alicia reigel,delegate_list
icrs-p-01398,James Davis Reimer,james davis reimer,delegate_list
icrs-p-01398,Prof James Davis Reimer,james davis reimer,delegate_list
icrs-p-01399,Tiny Remmers,tiny remmers,delegate_list
icrs-p-01400,Hannah Rempel,hannah rempel,delegate_list
icrs-p-01400,Hannah S. Rempel,hannah s rempel,programme
icrs-p-01401,Dr Abigail Renegar,abigail renegar,delegate_list
icrs-p-01401,Abigail Renegar,abigail renegar,delegate_list
icrs-p-01402,Dr Bobbie Renfro-Price,bobbie renfro price,delegate_list
icrs-p-01402,Bobbie Renfro-Price,bobbie renfro price,delegate_list
icrs-p-01403,Geraldine Rengiil,geraldine rengiil,delegate_list
icrs-p-01404,Bibi Renssen,bibi renssen,delegate_list
icrs-p-01405,Sophie Renton,sophie renton,delegate_list
icrs-p-01406,Julianna Renzi,julianna renzi,delegate_list
icrs-p-01407,Olivier Rey,olivier rey,delegate_list
icrs-p-01408,Dr Néstor Rey Villiers,n stor rey villiers,delegate_list
icrs-p-01408,Néstor Rey Villiers,n stor rey villiers,delegate_list
icrs-p-01409,Dr Catalina Reyes,catalina reyes,delegate_list
icrs-p-01410,Dr Mathieu Reynaud,mathieu reynaud,delegate_list
icrs-p-01410,Mathieu Reynaud,mathieu reynaud,delegate_list
icrs-p-01411,Bárbara Ribeiro,b rbara ribeiro,delegate_list
icrs-p-01411,Dr Bárbara Ribeiro,b rbara ribeiro,delegate_list
icrs-p-01412,Dr Wally Rich,wally rich,delegate_list
icrs-p-01412,Walter Rich,walter rich,programme
icrs-p-01413,Dr Zoe Richards,zoe richards,delegate_list
icrs-p-01413,Zoe Richards,zoe richards,delegate_list
icrs-p-01414,Dr Angela Richards Donà,angela richards don,delegate_list
icrs-p-01414,Angela Richards Dona,angela richards dona,programme
icrs-p-01415,Keana Richmond,keana richmond,delegate_list
icrs-p-01416,Prof Bob Richmond,bob richmond,delegate_list
icrs-p-01416,Robert Richmond,robert richmond,programme
icrs-p-01417,Marie Melanie Virginie Ricot,marie melanie virginie ricot,programme
icrs-p-01417,Melanie Ricot,melanie ricot,delegate_list
icrs-p-01418,Sarah Rider,sarah rider,delegate_list
icrs-p-01419,Andy Ridley,andy ridley,delegate_list
icrs-p-01420,Dr Bernhard Riegl,bernhard riegl,delegate_list
icrs-p-01420,Bernhard Riegl,bernhard riegl,delegate_list
icrs-p-01421,Bernhard Riegl Jr.,bernhard riegl jr,delegate_list
icrs-p-01422,Cynthia Riginos,cynthia riginos,delegate_list
icrs-p-01423,Max Rintoul,max rintoul,delegate_list
icrs-p-01423,Dr Max Rintoul,max rintoul,delegate_list
icrs-p-01424,Kara Rising,kara rising,delegate_list
icrs-p-01425,Dr Kimberly Ritchie,kimberly ritchie,delegate_list
icrs-p-01425,Kimberly Samson,kimberly samson,delegate_list
icrs-p-01426,Raphael Ritson-williams,raphael ritson williams,delegate_list
icrs-p-01426,Raphael Ritson-Williams,raphael ritson williams,delegate_list
icrs-p-01427,Nicolas Rivas,nicolas rivas,delegate_list
icrs-p-01428,Natalia Rivas,natalia rivas,delegate_list
icrs-p-01428,Natalia Rivas-Escobar,natalia rivas escobar,programme
icrs-p-01429,Ty Roach,ty roach,delegate_list
icrs-p-01429,Dr TY Roach,ty roach,delegate_list
icrs-p-01430,James Robinson,james robinson,delegate_list
icrs-p-01431,Julianne Robinson Stockbridge,julianne robinson stockbridge,programme
icrs-p-01431,Julie Robinson,julie robinson,delegate_list
icrs-p-01432,Alejandra Robles,alejandra robles,delegate_list
icrs-p-01432,Alejandra Robles-Payán,alejandra robles pay n,programme
icrs-p-01433,Dr Luiz Rocha,luiz rocha,delegate_list
icrs-p-01434,Mariana Rocha De Souza,mariana rocha de souza,delegate_list
icrs-p-01434,Dr Mariana Rocha De Souza,mariana rocha de souza,delegate_list
icrs-p-01435,Magali Rochat,magali rochat,delegate_list
icrs-p-01436,Keanu Rochette,keanu rochette,delegate_list
icrs-p-01436,Keanu Rochette-yu Tsuen,keanu rochette yu tsuen,programme
icrs-p-01437,Dr Lisa Rodrigues,lisa rodrigues,delegate_list
icrs-p-01437,Lisa Rodrigues,lisa rodrigues,delegate_list
icrs-p-01438,Mariana Rodrigues,mariana rodrigues,delegate_list
icrs-p-01439,Lucia Rodriguez Bravo,lucia rodriguez bravo,delegate_list
icrs-p-01440,Patricia Rodríguez García,patricia rodr guez garc a,programme
icrs-p-01440,Patry Rodríguez García,patry rodr guez garc a,delegate_list
icrs-p-01441,Miel A. Rodríguez-jiménez,miel a rodr guez jim nez,programme
icrs-p-01441,Miel Rodríguez-jiménez,miel rodr guez jim nez,delegate_list
icrs-p-01442,Dr Paola Rodríguez,paola rodr guez,delegate_list
icrs-p-01443,A/Prof Chris Roelfsema,a prof chris roelfsema,delegate_list
icrs-p-01443,Chris Roelfsema,chris roelfsema,programme
icrs-p-01444,A.Prof Liza Roger,a prof liza roger,delegate_list
icrs-p-01444,Liza Roger,liza roger,programme
icrs-p-01445,Dr Alice Rogers,alice rogers,delegate_list
icrs-p-01445,Alice Rogers,alice rogers,delegate_list
icrs-p-01446,Ivonne Paola Rojas Martinez,ivonne paola rojas martinez,programme
icrs-p-01446,Ivonne Rojas,ivonne rojas,delegate_list
icrs-p-01447,Daniela Rojas,daniela rojas,delegate_list
icrs-p-01447,Daniela Rojas-Cano,daniela rojas cano,programme
icrs-p-01448,Lailatul Rokhmah,lailatul rokhmah,programme
icrs-p-01448,Lala Rokhmah,lala rokhmah,delegate_list
icrs-p-01449,Dr Samson Rokkarukala,samson rokkarukala,delegate_list
icrs-p-01449,Samson Rokkarukala,samson rokkarukala,delegate_list
icrs-p-01450,Marcellina Rola,marcellina rola,delegate_list
icrs-p-01451,Daig Romain,daig romain,delegate_list
icrs-p-01451,Martin Romain,martin romain,delegate_list
icrs-p-01452,William Roman,william roman,delegate_list
icrs-p-01453,Caroline Romo,caroline romo,delegate_list
icrs-p-01454,Christine Roper,christine roper,delegate_list
icrs-p-01454,Dr Christine Roper,christine roper,delegate_list
icrs-p-01455,Dr Stephanie Rosales,stephanie rosales,delegate_list
icrs-p-01455,Stephanie Rosales,stephanie rosales,delegate_list
icrs-p-01456,Annisya Rosdiana,annisya rosdiana,delegate_list
icrs-p-01457,Dr Natalie Rosser,natalie rosser,delegate_list
icrs-p-01457,Natalie Rosser,natalie rosser,delegate_list
icrs-p-01458,Dr Nina Rosset,nina rosset,delegate_list
icrs-p-01458,Sabrina Rosset,sabrina rosset,programme
icrs-p-01459,Dr Ashley Rossin,ashley rossin,delegate_list
icrs-p-01459,Ashley Rossin,ashley rossin,delegate_list
icrs-p-01460,Lachan Roth,lachan roth,delegate_list
icrs-p-01461,Dr Héloïse Rouzé,h lo se rouz,delegate_list
icrs-p-01461,Héloïse Rouzé,h lo se rouz,delegate_list
icrs-p-01462,Devin Rowell,devin rowell,delegate_list
icrs-p-01462,Dr Devin Rowell,devin rowell,delegate_list
icrs-p-01463,Shouraseni Roy,shouraseni roy,delegate_list
icrs-p-01463,Prof Shouraseni Roy,shouraseni roy,delegate_list
icrs-p-01464,Teje Roy,teje roy,delegate_list
icrs-p-01465,Albert Rubio Hidalgo,albert rubio hidalgo,delegate_list
icrs-p-01466,Amélie Rudler,am lie rudler,delegate_list
icrs-p-01466,Amélie RUDLER,am lie rudler,delegate_list
icrs-p-01467,Bess Ruff,bess ruff,delegate_list
icrs-p-01467,Dr Bess Ruff,bess ruff,delegate_list
icrs-p-01468,Dr Jordan Ruiz,jordan ruiz,delegate_list
icrs-p-01468,Jordan Ruiz,jordan ruiz,delegate_list
icrs-p-01469,Dr Alfonso Ruiz Moreno,alfonso ruiz moreno,delegate_list
icrs-p-01469,Alfonso Ruiz Moreno,alfonso ruiz moreno,delegate_list
icrs-p-01470,Paula Andrea Ruiz Ruiz,paula andrea ruiz ruiz,delegate_list
icrs-p-01471,Remedy Rule,remedy rule,delegate_list
icrs-p-01472,Markus Rummel,markus rummel,delegate_list
icrs-p-01473,James Charlie Rupiasa,james charlie rupiasa,delegate_list
icrs-p-01474,Shannon Ruseborn,shannon ruseborn,delegate_list
icrs-p-01475,Debi Rush,debi rush,delegate_list
icrs-p-01476,Rob Ruzicka,rob ruzicka,delegate_list
icrs-p-01477,Emma Ryan,emma ryan,delegate_list
icrs-p-01477,Dr Emma Ryan,emma ryan,delegate_list
icrs-p-01478,Nicole Ryan,nicole ryan,delegate_list
icrs-p-01479,Katy Rylance,katy rylance,delegate_list
icrs-p-01480,Krista Ryon,krista ryon,delegate_list
icrs-p-01481,A.Prof Armagan Sabetian,a prof armagan sabetian,delegate_list
icrs-p-01481,Armagan Sabetian,armagan sabetian,programme
icrs-p-01482,Giovanna Sabini-Leite,giovanna sabini leite,delegate_list
icrs-p-01482,Giovanna Sabini-leite,giovanna sabini leite,delegate_list
icrs-p-01483,Dr Catherine Sabinot,catherine sabinot,delegate_list
icrs-p-01483,Catherine Sabinot,catherine sabinot,delegate_list
icrs-p-01484,Kealiʻi Sagum,keali i sagum,delegate_list
icrs-p-01484,Nicholas Sagum,nicholas sagum,programme
icrs-p-01485,Dr Naoki Saito,naoki saito,delegate_list
icrs-p-01485,Naoki Saito,naoki saito,delegate_list
icrs-p-01486,Misato Sakoh,misato sakoh,delegate_list
icrs-p-01487,Dr Eva Salas,eva salas,delegate_list
icrs-p-01487,Eva Salas De La Fuente,eva salas de la fuente,programme
icrs-p-01488,Octavio Ruben Salazar Moya,octavio ruben salazar moya,programme
icrs-p-01488,Dr Octavio Salazar,octavio salazar,delegate_list
icrs-p-01489,Melody Salesa,melody salesa,delegate_list
icrs-p-01490,Dr Anya Salih,anya salih,delegate_list
icrs-p-01490,Anya Salih,anya salih,delegate_list
icrs-p-01491,Elias Samankassou,elias samankassou,delegate_list
icrs-p-01491,Prof Elias Samankassou,elias samankassou,delegate_list
icrs-p-01492,Dr Eugenia Sampayo,eugenia sampayo,delegate_list
icrs-p-01492,Eugenia Sampayo,eugenia sampayo,delegate_list
icrs-p-01493,Satrio Hani Samudra,satrio hani samudra,delegate_list
icrs-p-01494,Julio San Martin,julio san martin,delegate_list
icrs-p-01495,Marylaura Sandoval Siles,marylaura sandoval siles,delegate_list
icrs-p-01496,I Dewa Kadek Wira Sanjaya,i dewa kadek wira sanjaya,programme
icrs-p-01496,Wira Sanjaya,wira sanjaya,delegate_list
icrs-p-01497,Dr Nadia Santodomingo,nadia santodomingo,delegate_list
icrs-p-01497,Nadia Santodomingo,nadia santodomingo,delegate_list
icrs-p-01498,Dr Erika Santoro,erika santoro,delegate_list
icrs-p-01498,Erika Santoro,erika santoro,delegate_list
icrs-p-01499,Lizz Santos,lizz santos,delegate_list
icrs-p-01500,Dr Rolando Santos,rolando santos,delegate_list
icrs-p-01501,Ni Wayan Purnama Sari,ni wayan purnama sari,delegate_list
icrs-p-01502,Greta Sartori,greta sartori,delegate_list
icrs-p-01503,Clare Sasao,clare sasao,delegate_list
icrs-p-01503,Mengiau Sasao,mengiau sasao,programme
icrs-p-01504,Emma Saso,emma saso,delegate_list
icrs-p-01505,Chika Sato,chika sato,delegate_list
icrs-p-01506,Dr Ryuju Satomi,ryuju satomi,delegate_list
icrs-p-01507,Savanna R. Saunders,savanna r saunders,programme
icrs-p-01507,Savanna Saunders,savanna saunders,delegate_list
icrs-p-01508,A/Prof Candida Savage,a prof candida savage,delegate_list
icrs-p-01508,Candida Savage,candida savage,programme
icrs-p-01508,Jessica C. Savage,jessica c savage,delegate_list
icrs-p-01509,Dr Yvonne Sawall,yvonne sawall,delegate_list
icrs-p-01509,Yvonne Sawall,yvonne sawall,delegate_list
icrs-p-01510,Paige Sawyers,paige sawyers,delegate_list
icrs-p-01511,Kathryn Scafidi,kathryn scafidi,delegate_list
icrs-p-01512,Dr Britta Schaffelke,britta schaffelke,delegate_list
icrs-p-01512,Britta Schaffelke,britta schaffelke,delegate_list
icrs-p-01513,Lisa Schellenberg,lisa schellenberg,delegate_list
icrs-p-01514,Madelief Schelvis,madelief schelvis,delegate_list
icrs-p-01515,Dr Nina Schiettekatte,nina schiettekatte,delegate_list
icrs-p-01515,Nina Schiettekatte,nina schiettekatte,delegate_list
icrs-p-01516,Dr Steve Schill,steve schill,delegate_list
icrs-p-01516,Steven Schill,steven schill,programme
icrs-p-01517,Tom Schils,tom schils,delegate_list
icrs-p-01517,Dr Tom Schils,tom schils,delegate_list
icrs-p-01518,Merle Schlawinsky,merle schlawinsky,delegate_list
icrs-p-01519,Sandra Schleier,sandra schleier,delegate_list
icrs-p-01520,Kareen Schnabel,kareen schnabel,delegate_list
icrs-p-01520,Dr Kareen Schnabel,kareen schnabel,delegate_list
icrs-p-01521,Jeroen Schneider,jeroen schneider,delegate_list
icrs-p-01522,Dr Verena Schoepf,verena schoepf,delegate_list
icrs-p-01522,Verena Schoepf,verena schoepf,delegate_list
icrs-p-01523,Corin Schofield,corin schofield,delegate_list
icrs-p-01524,Yun Scholten,yun scholten,delegate_list
icrs-p-01525,Stephanie Schopmeyer,stephanie schopmeyer,delegate_list
icrs-p-01526,Nicole Schroeter,nicole schroeter,delegate_list
icrs-p-01527,Gracia Schry,gracia schry,delegate_list
icrs-p-01528,Shania Schull,shania schull,delegate_list
icrs-p-01529,Dr Daniel Schürholz,daniel sch rholz,delegate_list
icrs-p-01529,Daniel Schürholz,daniel sch rholz,delegate_list
icrs-p-01530,Whitney Schwab,whitney schwab,delegate_list
icrs-p-01531,Natalie Scott,natalie scott,delegate_list
icrs-p-01532,Pascal Sebastian,pascal sebastian,delegate_list
icrs-p-01533,Pallavi Seburn,pallavi seburn,delegate_list
icrs-p-01534,Sheryl Seet,sheryl seet,delegate_list
icrs-p-01535,Maja Seier,maja seier,delegate_list
icrs-p-01536,Jörg-Dieter Seifert-Granzin,j rg dieter seifert granzin,delegate_list
icrs-p-01537,Amalia Seigel,amalia seigel,delegate_list
icrs-p-01538,Rita Sellares,rita sellares,delegate_list
icrs-p-01539,Annemarie Selle,annemarie selle,delegate_list
icrs-p-01540,François Seneca,fran ois seneca,delegate_list
icrs-p-01540,Dr François Seneca,fran ois seneca,delegate_list
icrs-p-01541,Davide Seveso,davide seveso,delegate_list
icrs-p-01541,Prof Davide Seveso,davide seveso,delegate_list
icrs-p-01542,AHMED SH IBRAHIM SH ABA,ahmed sh ibrahim sh aba,delegate_list
icrs-p-01542,Ahmed Sh Ibrahim Sh Aba,ahmed sh ibrahim sh aba,delegate_list
icrs-p-01543,Falak Shaheen,falak shaheen,delegate_list
icrs-p-01544,Reagan Sharkey,reagan sharkey,delegate_list
icrs-p-01545,Elizabeth Shaver,elizabeth shaver,delegate_list
icrs-p-01545,Dr Elizabeth Shaver,elizabeth shaver,delegate_list
icrs-p-01546,Meshal Shawkrah,meshal shawkrah,delegate_list
icrs-p-01547,Alessandra Shea,alessandra shea,delegate_list
icrs-p-01547,Alessandra Vallim,alessandra vallim,delegate_list
icrs-p-01548,Samantha Shedd,samantha shedd,delegate_list
icrs-p-01549,Cole Sheeley,cole sheeley,delegate_list
icrs-p-01550,Dr Dor Shefy,dor shefy,delegate_list
icrs-p-01550,Dor Shefy,dor shefy,delegate_list
icrs-p-01551,Adeline Shelby,adeline shelby,delegate_list
icrs-p-01552,Madeleine Sherman,madeleine sherman,delegate_list
icrs-p-01553,Dr Zongyan Shi,zongyan shi,delegate_list
icrs-p-01553,Zongyan Shi,zongyan shi,delegate_list
icrs-p-01554,Maddison Shiels,maddison shiels,delegate_list
icrs-p-01555,Taichi Shigemura,taichi shigemura,delegate_list
icrs-p-01556,Erin Shilling,erin shilling,delegate_list
icrs-p-01557,Jeff Shima,jeff shima,delegate_list
icrs-p-01557,Prof Jeff Shima,jeff shima,delegate_list
icrs-p-01558,Aline Shimada da Cruz,aline shimada da cruz,delegate_list
icrs-p-01559,Hidemi Shimbo,hidemi shimbo,delegate_list
icrs-p-01560,Gaurav Shimpi,gaurav shimpi,delegate_list
icrs-p-01560,Dr Gaurav Shimpi,gaurav shimpi,delegate_list
icrs-p-01561,McClaran Shirley,mcclaran shirley,delegate_list
icrs-p-01562,Morgan Short,morgan short,delegate_list
icrs-p-01563,Colleen Shortal,colleen shortal,delegate_list
icrs-p-01564,Zulfahri Siagian,zulfahri siagian,delegate_list
icrs-p-01565,Roman Eric Sieler,roman eric sieler,programme
icrs-p-01565,Roman Sieler,roman sieler,delegate_list
icrs-p-01566,Federica Siena,federica siena,delegate_list
icrs-p-01567,Brooke Sienkiewicz,brooke sienkiewicz,delegate_list
icrs-p-01568,Prof Nyssa Silbiger,nyssa silbiger,delegate_list
icrs-p-01568,Nyssa Silbiger,nyssa silbiger,delegate_list
icrs-p-01569,Andressa Silva,andressa silva,delegate_list
icrs-p-01570,Fernanda Silva,fernanda silva,delegate_list
icrs-p-01570,Dr Fernanda Silva,fernanda silva,delegate_list
icrs-p-01571,Prof Isabel Marques da Silva,isabel marques da silva,delegate_list
icrs-p-01571,Isabel Marques Silva,isabel marques silva,programme
icrs-p-01572,Dr Cynthia Silveira,cynthia silveira,delegate_list
icrs-p-01572,Cynthia Silveira,cynthia silveira,delegate_list
icrs-p-01573,Heather Silver,heather silver,delegate_list
icrs-p-01573,Heather Silverio,heather silverio,programme
icrs-p-01574,Prandito Simanjuntak,prandito simanjuntak,delegate_list
icrs-p-01575,Dr Noa Simon-Blecher,noa simon blecher,delegate_list
icrs-p-01575,Noa Simon-blecher,noa simon blecher,delegate_list
icrs-p-01576,Carrie Sims,carrie sims,delegate_list
icrs-p-01576,Dr Carrie Sims,carrie sims,delegate_list
icrs-p-01577,Jordan Sims,jordan sims,delegate_list
icrs-p-01577,Dr Jordan Sims,jordan sims,delegate_list
icrs-p-01578,S Jahanvi,s jahanvi,delegate_list
icrs-p-01579,Love Fire Singh,love fire singh,delegate_list
icrs-p-01579,Rajneel Singh,rajneel singh,programme
icrs-p-01579,Rajneel Singh-Etuati,rajneel singh etuati,delegate_list
icrs-p-01579,Shubha Shalini Singh,shubha shalini singh,programme
icrs-p-01579,Dr Shubha Singh,shubha singh,delegate_list
icrs-p-01580,Dr Frederic Sinniger,frederic sinniger,delegate_list
icrs-p-01580,Frederic Sinniger,frederic sinniger,delegate_list
icrs-p-01581,Dr Alexandre Siqueira,alexandre siqueira,delegate_list
icrs-p-01581,Alexandre Siqueira,alexandre siqueira,delegate_list
icrs-p-01582,Alexandra Skeer,alexandra skeer,delegate_list
icrs-p-01583,Ellen Regina Skelton,ellen regina skelton,programme
icrs-p-01583,Ellen Skelton,ellen skelton,delegate_list
icrs-p-01584,Nikol Slynkova,nikol slynkova,delegate_list
icrs-p-01585,Emily Small,emily small,delegate_list
icrs-p-01586,Patrick Smallhorn-West,patrick smallhorn west,delegate_list
icrs-p-01586,Dr Patrick Smallhorn-west,patrick smallhorn west,delegate_list
icrs-p-01587,Joanna Smart,joanna smart,delegate_list
icrs-p-01588,Mitchell Smelser,mitchell smelser,delegate_list
icrs-p-01589,Prof Celia Smith,celia smith,delegate_list
icrs-p-01590,Dr Grant Smith,grant smith,delegate_list
icrs-p-01590,Grant Smith,grant smith,delegate_list
icrs-p-01591,Harrison Smith,harrison smith,programme
icrs-p-01591,Harry Smith,harry smith,delegate_list
icrs-p-01592,Hillary Smith,hillary smith,delegate_list
icrs-p-01593,Dr Joy Smith,joy smith,delegate_list
icrs-p-01593,Joy Smith,joy smith,delegate_list
icrs-p-01594,Robin Smith,robin smith,delegate_list
icrs-p-01594,Dr Robin Smith,robin smith,delegate_list
icrs-p-01595,Tyler Smith,tyler smith,delegate_list
icrs-p-01595,Dr Tyler Smith,tyler smith,delegate_list
icrs-p-01596,Dr Jennifer Sneed,jennifer sneed,delegate_list
icrs-p-01596,Jennifer Sneed,jennifer sneed,delegate_list
icrs-p-01597,Wen Xin Sng,wen xin sng,delegate_list
icrs-p-01598,Jacob Snyder,jacob snyder,programme
icrs-p-01598,Jake Snyder,jake snyder,delegate_list
icrs-p-01599,Aran Sofer,aran sofer,delegate_list
icrs-p-01600,Chinmay Girish Somani,chinmay girish somani,programme
icrs-p-01600,Chinmay Somani,chinmay somani,delegate_list
icrs-p-01601,Brigitte Sommer,brigitte sommer,delegate_list
icrs-p-01601,Dr Brigitte Sommer,brigitte sommer,delegate_list
icrs-p-01602,Kathy Young,kathy young,delegate_list
icrs-p-01602,Nicole K Young,nicole k young,delegate_list
icrs-p-01602,Dr Young Baek Son,young baek son,delegate_list
icrs-p-01603,Byeungsu Song,byeungsu song,delegate_list
icrs-p-01604,Dr Se Songploy,se songploy,delegate_list
icrs-p-01604,Se Songploy,se songploy,delegate_list
icrs-p-01605,Brandon Sosa,brandon sosa,delegate_list
icrs-p-01606,Lucy Southworth,lucy southworth,delegate_list
icrs-p-01607,Dr Jason Spadaro,jason spadaro,delegate_list
icrs-p-01607,Jason Spadaro,jason spadaro,delegate_list
icrs-p-01608,Blake Spady,blake spady,delegate_list
icrs-p-01608,Dr Blake Spady,blake spady,delegate_list
icrs-p-01609,Dr Heather Spalding,heather spalding,delegate_list
icrs-p-01609,Heather Spalding,heather spalding,delegate_list
icrs-p-01610,Dr Wesley Sparagon,wesley sparagon,delegate_list
icrs-p-01610,Wesley Sparagon,wesley sparagon,delegate_list
icrs-p-01611,Lauren Speare,lauren speare,delegate_list
icrs-p-01611,Dr Lauren Speare,lauren speare,delegate_list
icrs-p-01612,Robert Spekis,robert spekis,delegate_list
icrs-p-01613,Dr Lindsay Spiers,lindsay spiers,delegate_list
icrs-p-01613,Lindsay Spiers,lindsay spiers,delegate_list
icrs-p-01614,Kēhau Springer,k hau springer,delegate_list
icrs-p-01614,Shauna Springer,shauna springer,programme
icrs-p-01615,Dennis Stanley,dennis stanley,delegate_list
icrs-p-01616,Dr Frank Stanton,frank stanton,delegate_list
icrs-p-01617,Tiara Stark,tiara stark,delegate_list
icrs-p-01618,A/Prof Michael Stat,a prof michael stat,delegate_list
icrs-p-01618,Michael Stat,michael stat,programme
icrs-p-01619,Prof Selina Stead,selina stead,delegate_list
icrs-p-01619,Selina Stead,selina stead,delegate_list
icrs-p-01620,Alexandra Steckbauer,alexandra steckbauer,delegate_list
icrs-p-01620,Dr Alexandra Steckbauer,alexandra steckbauer,delegate_list
icrs-p-01621,Danae Stephens,danae stephens,delegate_list
icrs-p-01622,Callie Stephenson,callie stephenson,delegate_list
icrs-p-01623,Ivan Steward,ivan steward,delegate_list
icrs-p-01624,Kainalu Steward,kainalu steward,delegate_list
icrs-p-01625,Dr Margaux Steyaert,margaux steyaert,delegate_list
icrs-p-01625,Margaux Steyaert,margaux steyaert,delegate_list
icrs-p-01626,Maren Stickley,maren stickley,delegate_list
icrs-p-01627,Dr Adrian Stier,adrian stier,delegate_list
icrs-p-01627,Adrian Stier,adrian stier,delegate_list
icrs-p-01628,Luca Stirnimann,luca stirnimann,delegate_list
icrs-p-01628,Dr Luca Stirnimann,luca stirnimann,delegate_list
icrs-p-01629,Aidan Stockley,aidan stockley,delegate_list
icrs-p-01630,Brian Stockwell,brian stockwell,delegate_list
icrs-p-01630,Dr Brian Stockwell,brian stockwell,delegate_list
icrs-p-01631,Curt Storlazzi,curt storlazzi,delegate_list
icrs-p-01631,Dr Curt Storlazzi,curt storlazzi,delegate_list
icrs-p-01632,Zoe Storm,zoe storm,delegate_list
icrs-p-01633,John Stratford,john stratford,delegate_list
icrs-p-01634,Robert Streit,robert streit,delegate_list
icrs-p-01634,Dr Robert Streit,robert streit,delegate_list
icrs-p-01635,Kayle Stremler,kayle stremler,programme
icrs-p-01635,Zan Stremler,zan stremler,delegate_list
icrs-p-01636,Paige Strudwick,paige strudwick,delegate_list
icrs-p-01636,Dr Paige Strudwick,paige strudwick,delegate_list
icrs-p-01637,Prof Jan Strugnell,jan strugnell,delegate_list
icrs-p-01638,Michael Studivan,michael studivan,delegate_list
icrs-p-01638,Dr Michael Studivan,michael studivan,delegate_list
icrs-p-01639,Marleen Stuhr,marleen stuhr,delegate_list
icrs-p-01639,Dr Marleen Stuhr,marleen stuhr,delegate_list
icrs-p-01640,Dr Narayani S,narayani s,delegate_list
icrs-p-01640,Narayani Subramanian,narayani subramanian,programme
icrs-p-01641,Wichin Suebpala,wichin suebpala,delegate_list
icrs-p-01641,Dr Wichin Suebpala,wichin suebpala,delegate_list
icrs-p-01642,David Suggett,david suggett,delegate_list
icrs-p-01643,Sharla Sugierski,sharla sugierski,delegate_list
icrs-p-01644,Tara Abrina,tara abrina,delegate_list
icrs-p-01644,Tara Alessandra Sumbillo Abrina,tara alessandra sumbillo abrina,programme
icrs-p-01645,Asst. Prof Youfang Sun,asst prof youfang sun,delegate_list
icrs-p-01645,Youfang Sun,youfang sun,programme
icrs-p-01646,Darnell Sutherland,darnell sutherland,delegate_list
icrs-p-01647,Dr Makamas Sutthacheep,makamas sutthacheep,delegate_list
icrs-p-01647,Makamas Sutthacheep,makamas sutthacheep,delegate_list
icrs-p-01648,Go Suzuki,go suzuki,delegate_list
icrs-p-01648,Dr Go Suzuki,go suzuki,delegate_list
icrs-p-01649,Hiroki Suzuki,hiroki suzuki,delegate_list
icrs-p-01650,Hannah Swain,hannah swain,delegate_list
icrs-p-01651,Dr Sara Swaminathan,sara swaminathan,delegate_list
icrs-p-01651,Sara Swaminathan,sara swaminathan,delegate_list
icrs-p-01652,Ally Swan,ally swan,delegate_list
icrs-p-01653,Ally Swank,ally swank,delegate_list
icrs-p-01654,Dr Dione Swanson,dione swanson,delegate_list
icrs-p-01654,Dione Swanson,dione swanson,delegate_list
icrs-p-01655,Stephen Swearer,stephen swearer,programme
icrs-p-01655,Prof Steve Swearer,steve swearer,delegate_list
icrs-p-01656,Helen Sykes,helen sykes,delegate_list
icrs-p-01657,Janice Taga,janice taga,delegate_list
icrs-p-01657,Tarau Janice Taga,tarau janice taga,programme
icrs-p-01658,Fuamai Tago,fuamai tago,delegate_list
icrs-p-01659,Dr Kenji Takata,kenji takata,delegate_list
icrs-p-01659,Kenji Takata,kenji takata,delegate_list
icrs-p-01660,Annielyn Tampus,annielyn tampus,delegate_list
icrs-p-01660,Dr Annielyn Tampus,annielyn tampus,delegate_list
icrs-p-01661,Bryan Gabriel Tan,bryan gabriel tan,programme
icrs-p-01661,Bryan Tan,bryan tan,delegate_list
icrs-p-01662,Chun Hong Tan,chun hong tan,programme
icrs-p-01662,Dr James Tan,james tan,delegate_list
icrs-p-01663,Dr Ee Suan Tan,ee suan tan,delegate_list
icrs-p-01663,Ee Suan Tan,ee suan tan,delegate_list
icrs-p-01664,Joel Tan,joel tan,delegate_list
icrs-p-01665,Angela Esmay Lizzy Tanielu,angela esmay lizzy tanielu,programme
icrs-p-01665,Esmay Tanielu-Kobayashi,esmay tanielu kobayashi,delegate_list
icrs-p-01666,Andrew Taylor,andrew taylor,delegate_list
icrs-p-01667,Brett Taylor,brett taylor,delegate_list
icrs-p-01667,Dr Brett Taylor,brett taylor,delegate_list
icrs-p-01668,Charles Taylor,charles taylor,programme
icrs-p-01668,Charlie Taylor,charlie taylor,delegate_list
icrs-p-01669,Dr Michelle Taylor,michelle taylor,delegate_list
icrs-p-01669,Michelle Taylor,michelle taylor,delegate_list
icrs-p-01670,Yi-kai Tea,yi kai tea,delegate_list
icrs-p-01670,Dr Yi-Kai Tea,yi kai tea,delegate_list
icrs-p-01671,Faoliu Teakau,faoliu teakau,delegate_list
icrs-p-01672,Sterling Tebbett,sterling tebbett,delegate_list
icrs-p-01672,Dr Sterling Tebbett,sterling tebbett,delegate_list
icrs-p-01673,Kannapoj Techawongstien,kannapoj techawongstien,delegate_list
icrs-p-01674,Zoe Teikamata-tito,zoe teikamata tito,delegate_list
icrs-p-01675,Ulai Teltull,ulai teltull,delegate_list
icrs-p-01676,Anthony Jr Tenorio,anthony jr tenorio,programme
icrs-p-01676,Tony Tenorio,tony tenorio,delegate_list
icrs-p-01677,Nurhikmah Tenripada,nurhikmah tenripada,delegate_list
icrs-p-01678,Hereiti Teraitua,hereiti teraitua,delegate_list
icrs-p-01679,Tullia I. Terraneo,tullia i terraneo,programme
icrs-p-01679,Dr Tullia Terraneo,tullia terraneo,delegate_list
icrs-p-01680,Dr Marko Terzin,marko terzin,delegate_list
icrs-p-01680,Marko Terzin,marko terzin,delegate_list
icrs-p-01681,Anuata Tetuanui,anuata tetuanui,delegate_list
icrs-p-01682,Reshma Thachara Kunnath,reshma thachara kunnath,delegate_list
icrs-p-01683,Thinesh Thangadurai,thinesh thangadurai,delegate_list
icrs-p-01683,Dr Thinesh Thangadurai,thinesh thangadurai,delegate_list
icrs-p-01684,Prof Dileepa De Croos,dileepa de croos,delegate_list
icrs-p-01684,Dileepa Samika Thanuksha de Croos,dileepa samika thanuksha de croos,programme
icrs-p-01685,Erin Tharp,erin tharp,delegate_list
icrs-p-01686,Mackenzie Thielmann,mackenzie thielmann,delegate_list
icrs-p-01687,Hoaka Thomas,hoaka thomas,delegate_list
icrs-p-01688,Dr Luke Thomas,luke thomas,delegate_list
icrs-p-01688,Luke Thomas,luke thomas,delegate_list
icrs-p-01689,Bill Thomas,bill thomas,delegate_list
icrs-p-01689,William Thomas,william thomas,programme
icrs-p-01690,Bailey Thomasson,bailey thomasson,delegate_list
icrs-p-01691,A/Prof Diane Thompson,a prof diane thompson,delegate_list
icrs-p-01691,Diane Thompson,diane thompson,programme
icrs-p-01692,Inga Thordar,inga thordar,delegate_list
icrs-p-01693,Josine Wataï Tiavouane,josine wata tiavouane,delegate_list
icrs-p-01694,Evelyn Tickle,evelyn tickle,delegate_list
icrs-p-01695,Matthew (Tietbohl) Talas,matthew tietbohl talas,delegate_list
icrs-p-01695,Matthew Tietbohl Talas,matthew tietbohl talas,delegate_list
icrs-p-01696,Ulusapeti Tiitii,ulusapeti tiitii,delegate_list
icrs-p-01697,Orlando Timmerman,orlando timmerman,delegate_list
icrs-p-01698,Chiara Tinazzi,chiara tinazzi,delegate_list
icrs-p-01699,Vanessa Tirpitz,vanessa tirpitz,delegate_list
icrs-p-01700,Dr Kaho Tisthammer,kaho tisthammer,delegate_list
icrs-p-01700,Kaho Tisthammer,kaho tisthammer,delegate_list
icrs-p-01701,A/Prof Peter Todd,a prof peter todd,delegate_list
icrs-p-01701,Peter Todd,peter todd,programme
icrs-p-01702,Gildas Todinanahary,gildas todinanahary,delegate_list
icrs-p-01702,Prof Gildas Todinanahary,gildas todinanahary,delegate_list
icrs-p-01703,Dr Sara Todorović,sara todorovi,delegate_list
icrs-p-01703,Sara Todorović,sara todorovi,delegate_list
icrs-p-01704,Dr Robert Tomasetti,robert tomasetti,delegate_list
icrs-p-01704,Robert Tomasetti,robert tomasetti,delegate_list
icrs-p-01705,Alyssa Tomkies,alyssa tomkies,delegate_list
icrs-p-01706,Dr Haoya Tong,haoya tong,delegate_list
icrs-p-01706,Haoya Tong,haoya tong,delegate_list
icrs-p-01707,Lorenzo Massimo Toniolo,lorenzo massimo toniolo,delegate_list
icrs-p-01708,Julia Terra Torres,julia terra torres,delegate_list
icrs-p-01709,Dr Adolfo Tortolero-langarica,adolfo tortolero langarica,delegate_list
icrs-p-01709,J.J.  Adolfo Tortolero-Langarica,j j adolfo tortolero langarica,programme
icrs-p-01710,Dr Giada Tortorelli,giada tortorelli,delegate_list
icrs-p-01710,Giada Tortorelli,giada tortorelli,delegate_list
icrs-p-01711,Dr Andrea Toso,andrea toso,delegate_list
icrs-p-01711,Andrea Toso,andrea toso,delegate_list
icrs-p-01712,Joe Townsend,joe townsend,delegate_list
icrs-p-01712,Joseph Townsend,joseph townsend,programme
icrs-p-01713,Jason Toy,jason toy,delegate_list
icrs-p-01713,Dr Jason Toy,jason toy,delegate_list
icrs-p-01714,Carlos Alberto Tramonte,carlos alberto tramonte,delegate_list
icrs-p-01714,Carlos Tramonte,carlos tramonte,programme
icrs-p-01715,Cawa Tran,cawa tran,delegate_list
icrs-p-01715,Dr Cawa Tran,cawa tran,delegate_list
icrs-p-01716,Leon Tran,leon tran,delegate_list
icrs-p-01717,Dr Tyas Trialfhianty,tyas trialfhianty,delegate_list
icrs-p-01717,Tyas Trialfhianty,tyas trialfhianty,delegate_list
icrs-p-01718,Aline Tribollet,aline tribollet,delegate_list
icrs-p-01718,Dr Aline Tribollet,aline tribollet,delegate_list
icrs-p-01719,Aliyah True,aliyah true,delegate_list
icrs-p-01720,Prof Tadd Truscott,tadd truscott,delegate_list
icrs-p-01720,Tadd Truscott,tadd truscott,delegate_list
icrs-p-01721,Emily Trytten,emily trytten,delegate_list
icrs-p-01722,Dr Dorian Tsai,dorian tsai,delegate_list
icrs-p-01722,Dorian Tsai,dorian tsai,delegate_list
icrs-p-01723,Marcellin Tsihoboto,marcellin tsihoboto,delegate_list
icrs-p-01723,Roandrianasolo Marcellin Tsihoboto,roandrianasolo marcellin tsihoboto,programme
icrs-p-01724,Benjamin Chien-Ming Tu,benjamin chien ming tu,delegate_list
icrs-p-01724,Chien-Ming Tu,chien ming tu,programme
icrs-p-01725,Olly Tuisano,olly tuisano,delegate_list
icrs-p-01725,Ollyshia Tuisano,ollyshia tuisano,programme
icrs-p-01726,Isla Spence,isla spence,delegate_list
icrs-p-01726,Isla Turcke,isla turcke,both
icrs-p-01727,Dr Kira Turnham,kira turnham,delegate_list
icrs-p-01727,Kira Turnham,kira turnham,delegate_list
icrs-p-01728,Dr Abigail Turnlund,abigail turnlund,delegate_list
icrs-p-01728,Abigail Turnlund,abigail turnlund,delegate_list
icrs-p-01729,Dr Lillian Tuttle Raz,lillian tuttle raz,delegate_list
icrs-p-01730,Dean Tysdale,dean tysdale,delegate_list
icrs-p-01731,Matlyn Ua,matlyn ua,delegate_list
icrs-p-01732,Prof Masato Ueda,masato ueda,delegate_list
icrs-p-01732,Masato Ueda,masato ueda,delegate_list
icrs-p-01733,Kazuma Uesugi,kazuma uesugi,delegate_list
icrs-p-01734,Joe Unsworth,joe unsworth,delegate_list
icrs-p-01734,Joseph Unsworth,joseph unsworth,programme
icrs-p-01735,Blake Ushijima,blake ushijima,delegate_list
icrs-p-01735,Dr Blake Ushijima,blake ushijima,delegate_list
icrs-p-01736,Sven Uthicke,sven uthicke,delegate_list
icrs-p-01736,Dr Sven Uthicke,sven uthicke,delegate_list
icrs-p-01737,Alejandro Valdivieso,alejandro valdivieso,delegate_list
icrs-p-01737,Dr Alejandro Valdivieso,alejandro valdivieso,delegate_list
icrs-p-01738,Ilse Valenzuela,ilse valenzuela,programme
icrs-p-01738,Dr Ilse Valenzuela Matus,ilse valenzuela matus,delegate_list
icrs-p-01739,Jacob Valenzuela,jacob valenzuela,delegate_list
icrs-p-01739,Dr Jacob Valenzuela,jacob valenzuela,delegate_list
icrs-p-01740,Diwigdi Valiente,diwigdi valiente,delegate_list
icrs-p-01741,Darryl Anthony Valino,darryl anthony valino,programme
icrs-p-01741,Darryl Valino,darryl valino,delegate_list
icrs-p-01742,Mia Vallee,mia vallee,delegate_list
icrs-p-01743,Maarten van Aalst,maarten van aalst,delegate_list
icrs-p-01744,Maarten van der Kuijl,maarten van der kuijl,delegate_list
icrs-p-01745,Meg Van Horn,meg van horn,delegate_list
icrs-p-01746,Dennis van Hulten,dennis van hulten,delegate_list
icrs-p-01747,Dr Alex Van Nynatten,alex van nynatten,delegate_list
icrs-p-01747,Alexander Van Nynatten,alexander van nynatten,programme
icrs-p-01748,Madeleine JH van Oppen,madeleine jh van oppen,programme
icrs-p-01748,Prof Madeleine van Oppen,madeleine van oppen,delegate_list
icrs-p-01749,Kelly van Woesik,kelly van woesik,delegate_list
icrs-p-01750,Liana van Woesik,liana van woesik,delegate_list
icrs-p-01751,Sarah VanDiepenbos,sarah vandiepenbos,delegate_list
icrs-p-01752,Juliana Vanegas,juliana vanegas,delegate_list
icrs-p-01752,Maria Juliana Vanegas Gonzalez,maria juliana vanegas gonzalez,programme
icrs-p-01753,Dr Tali Vardi,tali vardi,delegate_list
icrs-p-01754,Alyssa Varela,alyssa varela,delegate_list
icrs-p-01755,Karen Stone,karen stone,delegate_list
icrs-p-01755,Karen Varndell (stone),karen varndell stone,programme
icrs-p-01756,Dr Ant Vavia,ant vavia,delegate_list
icrs-p-01756,Antony Vavia,antony vavia,programme
icrs-p-01757,Dr Maria Vega-rodriguez,maria vega rodriguez,delegate_list
icrs-p-01757,Maria Vega Rodriguez,maria vega rodriguez,delegate_list
icrs-p-01758,Dr Rebecca Vega Thurber,rebecca vega thurber,delegate_list
icrs-p-01758,Rebecca Vega Thurber,rebecca vega thurber,delegate_list
icrs-p-01759,Alexander Venn,alexander venn,delegate_list
icrs-p-01759,Dr Alexander Venn,alexander venn,delegate_list
icrs-p-01760,Killian Ver Hoeye,killian ver hoeye,delegate_list
icrs-p-01761,Diana Vergara,diana vergara,delegate_list
icrs-p-01762,Juliette Verstaen,juliette verstaen,delegate_list
icrs-p-01763,Jan Vicente,jan vicente,delegate_list
icrs-p-01763,Dr Jan Vicente,jan vicente,delegate_list
icrs-p-01764,Rindah Talitha Vida,rindah talitha vida,delegate_list
icrs-p-01765,Thales Jean Vidal,thales jean vidal,programme
icrs-p-01765,Thales Vidal,thales vidal,delegate_list
icrs-p-01766,Jeremie Vidal-Dupiol,jeremie vidal dupiol,delegate_list
icrs-p-01766,Dr Jeremie Vidal-Dupiol,jeremie vidal dupiol,delegate_list
icrs-p-01767,Natalie Villafranca,natalie villafranca,delegate_list
icrs-p-01768,Francisco Villagomez,francisco villagomez,programme
icrs-p-01768,Frank Villagomez,frank villagomez,delegate_list
icrs-p-01769,Maria Villalpando,maria villalpando,delegate_list
icrs-p-01770,Dr Carmen Villegas,carmen villegas,delegate_list
icrs-p-01770,Carmen Villegas Sánchez,carmen villegas s nchez,programme
icrs-p-01771,Dr Silvia Vimercati,silvia vimercati,delegate_list
icrs-p-01771,Silvia Vimercati,silvia vimercati,delegate_list
icrs-p-01772,Anna C Vinton,anna c vinton,programme
icrs-p-01772,Dr Anna Vinton,anna vinton,delegate_list
icrs-p-01773,Dr Valerio Visconti,valerio visconti,delegate_list
icrs-p-01773,Valerio Visconti,valerio visconti,delegate_list
icrs-p-01774,Voranop Viyakarn,voranop viyakarn,delegate_list
icrs-p-01774,Prof Voranop Viyakarn,voranop viyakarn,delegate_list
icrs-p-01775,Camille Vizon,camille vizon,delegate_list
icrs-p-01775,Dr Camille Vizon,camille vizon,delegate_list
icrs-p-01776,Noam Vogt-vincent,noam vogt vincent,delegate_list
icrs-p-01776,Dr Noam Vogt-vincent,noam vogt vincent,delegate_list
icrs-p-01777,Prof Christian Voolstra,christian voolstra,delegate_list
icrs-p-01777,Christian Voolstra,christian voolstra,delegate_list
icrs-p-01778,Dr Joshua Voss,joshua voss,delegate_list
icrs-p-01778,Joshua Voss,joshua voss,delegate_list
icrs-p-01779,Eric Wade,eric wade,delegate_list
icrs-p-01779,Dr Eric Wade,eric wade,delegate_list
icrs-p-01780,Dr Luiza Waechter,luiza waechter,delegate_list
icrs-p-01780,Luiza Waechter,luiza waechter,delegate_list
icrs-p-01781,Dr Brian Walker,brian walker,delegate_list
icrs-p-01781,Brian Walker,brian walker,delegate_list
icrs-p-01782,Taylor Walker,taylor walker,delegate_list
icrs-p-01783,Alex Waller,alex waller,delegate_list
icrs-p-01783,Alexander Waller,alexander waller,programme
icrs-p-01784,Rowana Walton,rowana walton,delegate_list
icrs-p-01785,Sofia Walzer,sofia walzer,delegate_list
icrs-p-01786,Zhongyue Wan,zhongyue wan,delegate_list
icrs-p-01787,Jenny Wang,jenny wang,delegate_list
icrs-p-01788,Yu Chieh Wang,yu chieh wang,delegate_list
icrs-p-01789,Daniel Wangpraseurt,daniel wangpraseurt,delegate_list
icrs-p-01789,Dr Daniel Wangpraseurt,daniel wangpraseurt,delegate_list
icrs-p-01790,Fulori Waqairagata,fulori waqairagata,delegate_list
icrs-p-01791,Rosi Waqanisau,rosi waqanisau,delegate_list
icrs-p-01792,Dr Selina Ward,selina ward,delegate_list
icrs-p-01793,George Warfel,george warfel,delegate_list
icrs-p-01794,Matthew Warham,matthew warham,delegate_list
icrs-p-01795,Dr Mark Warner,mark warner,delegate_list
icrs-p-01796,Bailey Warren,bailey warren,delegate_list
icrs-p-01797,Jane Waterhouse,jane waterhouse,delegate_list
icrs-p-01797,Jane Wia,jane wia,delegate_list
icrs-p-01798,Leilua Watson,leilua watson,delegate_list
icrs-p-01799,Dane Wattle,dane wattle,delegate_list
icrs-p-01800,Kay Watty,kay watty,delegate_list
icrs-p-01801,Dr Wojciech Wawrzynski,wojciech wawrzynski,delegate_list
icrs-p-01802,Elizabeth Weatherup,elizabeth weatherup,delegate_list
icrs-p-01803,Maryann Webb,maryann webb,delegate_list
icrs-p-01804,Margot Webster,margot webster,delegate_list
icrs-p-01805,Crystle Wee,crystle wee,delegate_list
icrs-p-01806,Edric Wee,edric wee,delegate_list
icrs-p-01807,Dr Hin Boo Wee,hin boo wee,delegate_list
icrs-p-01807,Hin Boo Wee,hin boo wee,delegate_list
icrs-p-01808,Bert Weeks,bert weeks,delegate_list
icrs-p-01809,Ponchanok Weeriyanun,ponchanok weeriyanun,delegate_list
icrs-p-01810,Bradley Weiler,bradley weiler,delegate_list
icrs-p-01810,Dr Bradley Weiler,bradley weiler,delegate_list
icrs-p-01811,Vivienne Weir,vivienne weir,delegate_list
icrs-p-01812,Virginia Weis,virginia weis,delegate_list
icrs-p-01813,Madison Weise,madison weise,delegate_list
icrs-p-01814,Dr Noreen Wejieme,noreen wejieme,delegate_list
icrs-p-01814,Noreen Wejieme,noreen wejieme,delegate_list
icrs-p-01815,Marthen Welly,marthen welly,delegate_list
icrs-p-01816,Alexandra Wen,alexandra wen,delegate_list
icrs-p-01816,Dr Alexandra Wen,alexandra wen,delegate_list
icrs-p-01817,Pei Wen Tang,pei wen tang,delegate_list
icrs-p-01817,TANG WEN,tang wen,programme
icrs-p-01818,Amelia Wenger,amelia wenger,delegate_list
icrs-p-01818,Dr Amelia Wenger,amelia wenger,delegate_list
icrs-p-01819,Rebecca Wenker,rebecca wenker,delegate_list
icrs-p-01820,Dr Casey Whalen,casey whalen,delegate_list
icrs-p-01820,Casey Whalen,casey whalen,delegate_list
icrs-p-01821,Alexander Wheeler,alexander wheeler,programme
icrs-p-01821,Sasha Wheeler,sasha wheeler,delegate_list
icrs-p-01822,Hannah Whitaker,hannah whitaker,delegate_list
icrs-p-01823,Darla White,darla white,delegate_list
icrs-p-01824,Dr Erick White,erick white,delegate_list
icrs-p-01824,Erick White,erick white,delegate_list
icrs-p-01825,Cameron White-Spunner,cameron white spunner,delegate_list
icrs-p-01826,Keiko Wilkins,keiko wilkins,delegate_list
icrs-p-01826,Dr Keiko Wilkins,keiko wilkins,delegate_list
icrs-p-01827,Dr Shaun Wilkinson,shaun wilkinson,delegate_list
icrs-p-01828,Ashton Williams,ashton williams,delegate_list
icrs-p-01829,Haley Williams,haley williams,delegate_list
icrs-p-01830,Mary Williams,mary williams,delegate_list
icrs-p-01831,Dr Sara Williams,sara williams,delegate_list
icrs-p-01831,Sara Williams,sara williams,delegate_list
icrs-p-01832,Dr David Williamson,david williamson,delegate_list
icrs-p-01832,David Williamson,david williamson,delegate_list
icrs-p-01833,Zoe Willis,zoe willis,delegate_list
icrs-p-01834,Abbie Wilson,abbie wilson,delegate_list
icrs-p-01834,Abigail Wilson,abigail wilson,programme
icrs-p-01835,Hope Wilson,hope wilson,delegate_list
icrs-p-01836,Nicholas Wilson,nicholas wilson,programme
icrs-p-01836,Nick Wilson,nick wilson,delegate_list
icrs-p-01837,Lisa Wolf,lisa wolf,delegate_list
icrs-p-01838,James Wong,james wong,delegate_list
icrs-p-01839,Sophie Wong,sophie wong,delegate_list
icrs-p-01840,Seonock Woo,seonock woo,delegate_list
icrs-p-01840,Dr Seonock Woo,seonock woo,delegate_list
icrs-p-01841,Silia Woodside,silia woodside,delegate_list
icrs-p-01842,Elizabeth Wu,elizabeth wu,programme
icrs-p-01842,Liz Wu,liz wu,delegate_list
icrs-p-01843,Elizabeth Wu,elizabeth wu,programme
icrs-p-01843,Dr Longjun Wu,longjun wu,delegate_list
icrs-p-01844,Kai Wulf,kai wulf,delegate_list
icrs-p-01845,Janie Wulff,janie wulff,delegate_list
icrs-p-01845,Prof Janie Wulff,janie wulff,delegate_list
icrs-p-01846,Ms Dana Wusinich-Mendez,dana wusinich mendez,delegate_list
icrs-p-01846,Dana Wusinich-Mendez,dana wusinich mendez,delegate_list
icrs-p-01847,Alex Wyatt,alex wyatt,delegate_list
icrs-p-01847,Prof Alex Wyatt,alex wyatt,delegate_list
icrs-p-01848,Dr Nan Xiang,nan xiang,delegate_list
icrs-p-01848,Nan Xiang,nan xiang,delegate_list
icrs-p-01849,Tingting Xiang,tingting xiang,delegate_list
icrs-p-01849,Dr Tingting Xiang,tingting xiang,delegate_list
icrs-p-01850,Dr Ting Xu,ting xu,delegate_list
icrs-p-01851,Shoji Yamamoto,shoji yamamoto,delegate_list
icrs-p-01851,Dr Shoji Yamamoto,shoji yamamoto,delegate_list
icrs-p-01852,Benedict Yamamura,benedict yamamura,delegate_list
icrs-p-01852,Benedict Yuen,benedict yuen,programme
icrs-p-01853,Dr Helen Yan,helen yan,delegate_list
icrs-p-01853,Helen Yan,helen yan,delegate_list
icrs-p-01854,Huajing Yan,huajing yan,delegate_list
icrs-p-01855,Guohan Yang,guohan yang,delegate_list
icrs-p-01856,JUNTAO YANG,juntao yang,delegate_list
icrs-p-01856,Juntao Yang,juntao yang,delegate_list
icrs-p-01857,Yan Zhi Yap,yan zhi yap,delegate_list
icrs-p-01858,Grace Yarger,grace yarger,delegate_list
icrs-p-01859,Nina Yasuda,nina yasuda,delegate_list
icrs-p-01859,Dr Nina Yasuda,nina yasuda,delegate_list
icrs-p-01860,Thamasak Yeemin,thamasak yeemin,delegate_list
icrs-p-01860,Dr Thamasak Yeemin,thamasak yeemin,delegate_list
icrs-p-01861,Alric Yeow,alric yeow,delegate_list
icrs-p-01862,Sai-Kit Yeung,sai kit yeung,delegate_list
icrs-p-01862,Prof Sai-kit Yeung,sai kit yeung,delegate_list
icrs-p-01863,Sam King Fung Yiu,sam king fung yiu,delegate_list
icrs-p-01863,Sam King Fung YIU,sam king fung yiu,delegate_list
icrs-p-01864,Clara Yong,clara yong,delegate_list
icrs-p-01864,Lei Xin Yong,lei xin yong,programme
icrs-p-01865,Momoe Yoshida,momoe yoshida,delegate_list
icrs-p-01866,Nakano Yoshikatsu,nakano yoshikatsu,programme
icrs-p-01866,Yoshikatsu Nakano,yoshikatsu nakano,delegate_list
icrs-p-01867,Caitlin Younis,caitlin younis,delegate_list
icrs-p-01868,Ana Yranzo Duque,ana yranzo duque,delegate_list
icrs-p-01869,Sing-pei Yu,sing pei yu,delegate_list
icrs-p-01870,Xiaolei Yu,xiaolei yu,delegate_list
icrs-p-01870,Dr Xiaolei Yu,xiaolei yu,delegate_list
icrs-p-01870,Xiaopeng Yu,xiaopeng yu,delegate_list
icrs-p-01871,Ben Yuen,ben yuen,delegate_list
icrs-p-01871,Benedict Yuen,benedict yuen,programme
icrs-p-01872,Nanda Sachra,nanda sachra,delegate_list
icrs-p-01872,Nanda Sachra Yuliawati,nanda sachra yuliawati,programme
icrs-p-01873,Dr Joaquin Yus,joaquin yus,delegate_list
icrs-p-01873,Joaquin Yus,joaquin yus,delegate_list
icrs-p-01874,Ikuko Yuyama,ikuko yuyama,delegate_list
icrs-p-01874,Dr Ikuko Yuyama,ikuko yuyama,delegate_list
icrs-p-01875,Jean Aimé Zafimahatradraibe,jean aim zafimahatradraibe,delegate_list
icrs-p-01876,Zach Zagon,zach zagon,delegate_list
icrs-p-01876,Zachary Zagon,zachary zagon,programme
icrs-p-01877,A.Prof Jessica Zamborain Mason,a prof jessica zamborain mason,delegate_list
icrs-p-01877,Jessica Zamborain Mason,jessica zamborain mason,programme
icrs-p-01878,Greta Zampa,greta zampa,delegate_list
icrs-p-01879,Prof Mikolaj Zapalski,mikolaj zapalski,delegate_list
icrs-p-01879,Mikolaj Zapalski,mikolaj zapalski,delegate_list
icrs-p-01880,Prof Fernando Zapata,fernando zapata,delegate_list
icrs-p-01880,Fernando Zapata,fernando zapata,delegate_list
icrs-p-01881,Kyle John Alan Zawada,kyle john alan zawada,programme
icrs-p-01881,Dr Kyle Zawada,kyle zawada,delegate_list
icrs-p-01882,Alexandra Zelaya,alexandra zelaya,delegate_list
icrs-p-01883,Calina Zepeda,calina zepeda,delegate_list
icrs-p-01884,Dr Brian Zgliczynski,brian zgliczynski,delegate_list
icrs-p-01884,Brian Zgliczynski,brian zgliczynski,delegate_list
icrs-p-01885,Mengjin Zhang,mengjin zhang,delegate_list
icrs-p-01886,Meixia Zhao,meixia zhao,delegate_list
icrs-p-01886,Prof Meixia Zhao,meixia zhao,delegate_list
icrs-p-01887,Prof Jens Zinke,jens zinke,delegate_list
icrs-p-01888,Dr Didier Zoccola,didier zoccola,delegate_list
icrs-p-01888,Didier Zoccola,didier zoccola,delegate_list
icrs-p-01889,Piper Zola,piper zola,delegate_list
icrs-p-01890,William Zozaya,william zozaya,delegate_list
icrs-p-01891,NAJWA ZULKIFLY,najwa zulkifly,delegate_list
icrs-p-01891,Najwa Zulkifly,najwa zulkifly,delegate_list
icrs-p-01892,Sophia Zummo,sophia zummo,delegate_list
icrs-p-01893,Abigail Gretta,abigail gretta,both
icrs-p-01894,Afrin Priya Talukder,afrin priya talukder,both
icrs-p-01895,Alejandra Hernández-Agreda,alejandra hern ndez agreda,programme
icrs-p-01896,Alejandra Robles-Payán,alejandra robles pay n,programme
icrs-p-01897,Alexander Knorrn,alexander knorrn,both
icrs-p-01898,Alexander Van Nynatten,alexander van nynatten,programme
icrs-p-01899,Alexander Waller,alexander waller,programme
icrs-p-01900,Alexandra Butler,alexandra butler,programme
icrs-p-01901,Alexandra Cormack,alexandra cormack,programme
icrs-p-01902,Alexandra Good,alexandra good,programme
icrs-p-01903,Alexandra Jordan,alexandra jordan,programme
icrs-p-01904,Alexandra Khrizman,alexandra khrizman,both
icrs-p-01905,Alexis Sturm,alexis sturm,both
icrs-p-01906,Allen Place,allen place,programme
icrs-p-01907,Allison Blanchette,allison blanchette,programme
icrs-p-01908,Alma Rodríguez-troncoso,alma rodr guez troncoso,both
icrs-p-01909,Amanda Quasunella,amanda quasunella,both
icrs-p-01910,Ambrocio Melvin Matias,ambrocio melvin matias,both
icrs-p-01911,Ana-Belen Yanez-Suarez,ana belen yanez suarez,both
icrs-p-01912,Ana Lilia Molina Hernandez,ana lilia molina hernandez,programme
icrs-p-01913,Ana Palacio-castro,ana palacio castro,both
icrs-p-01914,Ana Teresa Herrera Reveles,ana teresa herrera reveles,programme
icrs-p-01915,Anabelle Dece Espadero,anabelle dece espadero,programme
icrs-p-01916,Andrea Carolina Landaverde Ventura,andrea carolina landaverde ventura,programme
icrs-p-01917,Andrea Melina Fonseca Tovar,andrea melina fonseca tovar,programme
icrs-p-01918,Andrea Rivera-sosa,andrea rivera sosa,both
icrs-p-01919,Angela Esmay Lizzy Tanielu,angela esmay lizzy tanielu,programme
icrs-p-01920,Anieka Parry,anieka parry,both
icrs-p-01921,Anne-Sophie Palermo,anne sophie palermo,programme
icrs-p-01922,Apimeleki Cokanasiga,apimeleki cokanasiga,both
icrs-p-01923,Arjun Sai Krishnan,arjun sai krishnan,programme
icrs-p-01924,Arthur Loures Choucair Rodrigues de Oliveira,arthur loures choucair rodrigues de oliveira,programme
icrs-p-01925,Ashfaaq Korimbocus,ashfaaq korimbocus,both
icrs-p-01926,Ashley Hope Castro,ashley hope castro,programme
icrs-p-01927,Aya M Rahil Naseem,aya m rahil naseem,both
icrs-p-01928,Ayaka Umeda Paul,ayaka umeda paul,programme
icrs-p-01929,Ayumi Maeda,ayumi maeda,both
icrs-p-01930,Beatrice Padovani Ferreira,beatrice padovani ferreira,programme
icrs-p-01931,Benjamin Darby,benjamin darby,programme
icrs-p-01932,Benjamin Farmer,benjamin farmer,programme
icrs-p-01933,Benjamin Henley,benjamin henley,programme
icrs-p-01934,Benjamin Moran,benjamin moran,programme
icrs-p-01935,Bilgi Deepak S,bilgi deepak s,both
icrs-p-01936,Bryan Gabriel Tan,bryan gabriel tan,programme
icrs-p-01937,Callum Backstrom,callum backstrom,both
icrs-p-01938,Carmen Villegas Sánchez,carmen villegas s nchez,programme
icrs-p-01939,Caroline Dennison,caroline dennison,programme
icrs-p-01940,Cataixa Lopez Batista,cataixa lopez batista,programme
icrs-p-01941,Cedric Robillot,cedric robillot,both
icrs-p-01942,Celine Luisa Campos,celine luisa campos,programme
icrs-p-01943,Cesar Garcia Carreon,cesar garcia carreon,programme
icrs-p-01944,Cherrisse July Ross Adlawan,cherrisse july ross adlawan,programme
icrs-p-01945,Chinmay Girish Somani,chinmay girish somani,programme
icrs-p-01946,Christina Hicks,christina hicks,both
icrs-p-01947,Christine Mae Edullantes,christine mae edullantes,programme
icrs-p-01948,Christopher Cooney,christopher cooney,programme
icrs-p-01949,Christopher L. Lawson,christopher l lawson,programme
icrs-p-01950,Chun Hong Tan,chun hong tan,programme
icrs-p-01951,Claire Guillier,claire guillier,both
icrs-p-01952,Courtney Tierney,courtney tierney,both
icrs-p-01953,Crawford Drury,crawford drury,programme
icrs-p-01954,Crissa Ann Lilagan,crissa ann lilagan,programme
icrs-p-01955,Cristina Linares Prats,cristina linares prats,both
icrs-p-01956,Dane Erlo Matorres,dane erlo matorres,both
icrs-p-01957,Daniel Arencibia,daniel arencibia,programme
icrs-p-01958,Daniela Rojas-Cano,daniela rojas cano,programme
icrs-p-01959,Danielle Becker,danielle becker,both
icrs-p-01960,Darryl Anthony Valino,darryl anthony valino,programme
icrs-p-01961,David Munoz-Maravilla,david munoz maravilla,both
icrs-p-01962,Dean Apistar,dean apistar,both
icrs-p-01963,Despina Linaraki,despina linaraki,both
icrs-p-01964,Diana Morales-de-Anda,diana morales de anda,programme
icrs-p-01965,Dileepa Samika Thanuksha de Croos,dileepa samika thanuksha de croos,programme
icrs-p-01966,Doris Kalamasaru,doris kalamasaru,both
icrs-p-01967,Dorothy Joyce Marquez,dorothy joyce marquez,both
icrs-p-01968,Eduardo Islas-Dominguez,eduardo islas dominguez,programme
icrs-p-01969,Eleanor TenBrink,eleanor tenbrink,both
icrs-p-01970,Elizabeth Goergen,elizabeth goergen,programme
icrs-p-01971,Ellen Regina Skelton,ellen regina skelton,programme
icrs-p-01972,Emily Rutkowski,emily rutkowski,both
icrs-p-01973,Erick Geiger,erick geiger,both
icrs-p-01974,Estrella Y. Villamizar González,estrella y villamizar gonz lez,both
icrs-p-01975,Ethel Ruth Baquiran,ethel ruth baquiran,programme
icrs-p-01976,Ezri Tarazi,ezri tarazi,both
icrs-p-01977,Forest Rohwer,forest rohwer,both
icrs-p-01978,Gabriel Lucas Xavier Da Silva,gabriel lucas xavier da silva,programme
icrs-p-01979,Gabriela Cristina Mitsuhashi,gabriela cristina mitsuhashi,programme
icrs-p-01980,Gandhi Germán Ramírez-Tapia,gandhi germ n ram rez tapia,programme
icrs-p-01981,Gloria Lisbet Gil Ramos,gloria lisbet gil ramos,programme
icrs-p-01982,Gouri Anil,gouri anil,programme
icrs-p-01983,Haiying Ma,haiying ma,both
icrs-p-01984,Hannah Barkley,hannah barkley,both
icrs-p-01985,Hans Joshua Farinas,hans joshua farinas,programme
icrs-p-01986,Hariz Bin Khairul Hisham,hariz bin khairul hisham,programme
icrs-p-01987,Harris Wei-khang Heng,harris wei khang heng,programme
icrs-p-01988,Harshul Thareja,harshul thareja,both
icrs-p-01989,Heather Bauer Reid,heather bauer reid,both
icrs-p-01990,Hilda Lionata Kurniawan,hilda lionata kurniawan,programme
icrs-p-01991,I Dewa Kadek Wira Sanjaya,i dewa kadek wira sanjaya,programme
icrs-p-01992,Isabel Marques Silva,isabel marques silva,programme
icrs-p-01993,Isabelle Osuna,isabelle osuna,both
icrs-p-01994,Ivonne Paola Rojas Martinez,ivonne paola rojas martinez,programme
icrs-p-01995,Jacinta Gigileia Jonathan,jacinta gigileia jonathan,programme
icrs-p-01996,Jackson Shields,jackson shields,both
icrs-p-01997,Jacob Snyder,jacob snyder,programme
icrs-p-01998,James Westphalen,james westphalen,both
icrs-p-01999,Jane Cita Syafitri Sudrajat,jane cita syafitri sudrajat,both
icrs-p-02000,Janet Gusti Putri Rande,janet gusti putri rande,programme
icrs-p-02001,Jeffrey Simprota,jeffrey simprota,both
icrs-p-02002,Jeffry Jeve,jeffry jeve,both
icrs-p-02003,Jen-hong Chu,jen hong chu,both
icrs-p-02004,Jennifer Ha,jennifer ha,both
icrs-p-02005,Jennifer Samson,jennifer samson,both
icrs-p-02006,Jessica Lueders-Dumont,jessica lueders dumont,both
icrs-p-02007,Jhon Reimer Fajardo,jhon reimer fajardo,programme
icrs-p-02008,Jia Jin Marc Chang,jia jin marc chang,programme
icrs-p-02009,Joanne Salzer,joanne salzer,both
icrs-p-02010,Joaquin Rodrigo Garza-Perez,joaquin rodrigo garza perez,programme
icrs-p-02011,Joeli Veitayaki,joeli veitayaki,both
icrs-p-02012,Johanna Gijsbers Alejandre,johanna gijsbers alejandre,programme
icrs-p-02013,Jonathan Whitney,jonathan whitney,both
icrs-p-02014,Jone Tamanitoakula,jone tamanitoakula,both
icrs-p-02015,Joy Falotico,joy falotico,both
icrs-p-02016,Juan Esquivel-muelbert,juan esquivel muelbert,both
icrs-p-02017,Juan Pablo D'Olivo Cordero,juan pablo d olivo cordero,programme
icrs-p-02018,Julia Klinges,julia klinges,programme
icrs-p-02019,Julian Christopher Maypa,julian christopher maypa,programme
icrs-p-02020,Julianne Robinson Stockbridge,julianne robinson stockbridge,programme
icrs-p-02021,Justine Carlos Doctolero,justine carlos doctolero,programme
icrs-p-02022,Kamaka Frasco,kamaka frasco,both
icrs-p-02023,Karim Primov,karim primov,both
icrs-p-02024,Katherine Hardy,katherine hardy,both
icrs-p-02025,Kathryn Chartrand,kathryn chartrand,programme
icrs-p-02026,Keanu Rochette-yu Tsuen,keanu rochette yu tsuen,programme
icrs-p-02027,Keivan Kabiri,keivan kabiri,both
icrs-p-02028,Kekuʻiapōiula Keliipuleole,keku iap iula keliipuleole,programme
icrs-p-02029,Kelly Johanna Gomez Campo,kelly johanna gomez campo,programme
icrs-p-02030,Kelly Rome Publico,kelly rome publico,programme
icrs-p-02031,Kelly W. Johnson,kelly w johnson,both
icrs-p-02032,Keolohilani Lopes Jr,keolohilani lopes jr,both
icrs-p-02033,Kevin Bairos-Novak,kevin bairos novak,programme
icrs-p-02034,Kirsty Smith,kirsty smith,both
icrs-p-02035,Kok Lynn Chew,kok lynn chew,programme
icrs-p-02036,Kristin Grimes,kristin grimes,both
icrs-p-02037,Krystle-blue Pahl,krystle blue pahl,both
icrs-p-02038,Kyle John Alan Zawada,kyle john alan zawada,programme
icrs-p-02039,Laura Isabel Giraldo Herreño,laura isabel giraldo herre o,both
icrs-p-02040,Laurice Janette Dagum,laurice janette dagum,programme
icrs-p-02041,Lei Jiang,lei jiang,both
icrs-p-02042,Lei Xin Yong,lei xin yong,programme
icrs-p-02043,Liat Biniuri,liat biniuri,both
icrs-p-02044,Lilian Bradshaw,lilian bradshaw,both
icrs-p-02045,Louis Rycx,louis rycx,both
icrs-p-02046,Luca Saponari,luca saponari,both
icrs-p-02047,Lucas Lutzenkirchen,lucas lutzenkirchen,both
icrs-p-02048,Lucian Himes,lucian himes,both
icrs-p-02049,Lucian Muala,lucian muala,both
icrs-p-02050,Lucy Gorman,lucy gorman,programme
icrs-p-02051,Luisa Chiara Meiritz,luisa chiara meiritz,both
icrs-p-02052,Luisa Fontoura,luisa fontoura,both
icrs-p-02053,Ma. Czarmayne Victoria Jude Escoro,ma czarmayne victoria jude escoro,programme
icrs-p-02054,Ma. Isabella Rayos del Sol,ma isabella rayos del sol,programme
icrs-p-02055,Ma Victoria Stephane Asio,ma victoria stephane asio,both
icrs-p-02056,Madeleine JH van Oppen,madeleine jh van oppen,programme
icrs-p-02057,Madeleine Ward,madeleine ward,both
icrs-p-02058,Manuel Aranda Lastra,manuel aranda lastra,programme
icrs-p-02059,Mareike De Breuyn,mareike de breuyn,programme
icrs-p-02060,Maria Isabel Martinez Rugerio,maria isabel martinez rugerio,programme
icrs-p-02061,Maria Jordana Olano,maria jordana olano,both
icrs-p-02062,Maria Juliana Vanegas Gonzalez,maria juliana vanegas gonzalez,programme
icrs-p-02063,Maria Rebecca Ferreras,maria rebecca ferreras,both
icrs-p-02064,Maria Vanessa Baria-Rodriguez,maria vanessa baria rodriguez,programme
icrs-p-02065,Marie Melanie Virginie Ricot,marie melanie virginie ricot,programme
icrs-p-02066,Marina Palacios,marina palacios,both
icrs-p-02067,Mary Mann,mary mann,programme
icrs-p-02068,Mary Rose Makoski,mary rose makoski,programme
icrs-p-02069,Matias Gomez Corrales,matias gomez corrales,both
icrs-p-02070,Matteo Collina,matteo collina,both
icrs-p-02071,Matthew Doherty,matthew doherty,programme
icrs-p-02072,Matthew Iacchei,matthew iacchei,programme
icrs-p-02073,Matthew Mitchell,matthew mitchell,programme
icrs-p-02074,Maukshada Kamakshi Ramkalam,maukshada kamakshi ramkalam,both
icrs-p-02075,Melina Ferreira Martello,melina ferreira martello,programme
icrs-p-02076,Michelle Dobler,michelle dobler,both
icrs-p-02077,Mohamed Farook Mohamed Fairoz,mohamed farook mohamed fairoz,programme
icrs-p-02078,Mohammad Agung Wahyudi Prasetyo,mohammad agung wahyudi prasetyo,both
icrs-p-02079,Molly Mae Baker,molly mae baker,both
icrs-p-02080,Moshe Perez,moshe perez,both
icrs-p-02081,Muhammad Addin Mazni,muhammad addin mazni,programme
icrs-p-02082,Murugan Vasanthakumaran,murugan vasanthakumaran,both
icrs-p-02083,Najatul Su Ad Abdullah,najatul su ad abdullah,programme
icrs-p-02084,Nancy Prouty,nancy prouty,both
icrs-p-02085,Narayani Subramanian,narayani subramanian,programme
icrs-p-02086,Natalia Rivas-Escobar,natalia rivas escobar,programme
icrs-p-02087,Natascha Varona,natascha varona,both
icrs-p-02088,Neelam Nandita Bhan,neelam nandita bhan,programme
icrs-p-02089,Nepsis Garcia Lara,nepsis garcia lara,programme
icrs-p-02090,Nicholas Ford-Learner,nicholas ford learner,programme
icrs-p-02091,Nicholas Hutley,nicholas hutley,programme
icrs-p-02092,Nicholas MacKnight,nicholas macknight,programme
icrs-p-02093,Nicholas Wilson,nicholas wilson,programme
icrs-p-02094,Nicolas Andrialovanirina,nicolas andrialovanirina,both
icrs-p-02095,Nicole Besemer,nicole besemer,both
icrs-p-02096,Nicole Krampitz,nicole krampitz,both
icrs-p-02097,Nurfaida Salam Dumato,nurfaida salam dumato,programme
icrs-p-02098,Octavio Ruben Salazar Moya,octavio ruben salazar moya,programme
icrs-p-02099,Or Ben-Zvi,or ben zvi,both
icrs-p-02100,Patricia Nicole Gajo,patricia nicole gajo,programme
icrs-p-02101,Paula E. Pabon Quintero,paula e pabon quintero,both
icrs-p-02102,Pranay Sawant,pranay sawant,both
icrs-p-02103,Prince Jewel Federe,prince jewel federe,programme
icrs-p-02104,Radonirina Lebely Botosoamananto,radonirina lebely botosoamananto,programme
icrs-p-02105,Ramkumaran Kamaraj,ramkumaran kamaraj,both
icrs-p-02106,Rathnayaka Mudiyanselage Gayani Nilupika Thilakarathna,rathnayaka mudiyanselage gayani nilupika thilakarathna,programme
icrs-p-02107,Ravienkha Raishasaras Budaya,ravienkha raishasaras budaya,both
icrs-p-02108,Rhea Elizabeth George,rhea elizabeth george,programme
icrs-p-02109,Rhea Mae Luciano,rhea mae luciano,programme
icrs-p-02110,Roandrianasolo Marcellin Tsihoboto,roandrianasolo marcellin tsihoboto,programme
icrs-p-02111,Roberta Martin,roberta martin,programme
icrs-p-02112,Rodrigo Alfredo Nunez Inzunza,rodrigo alfredo nunez inzunza,both
icrs-p-02113,Roman Eric Sieler,roman eric sieler,programme
icrs-p-02114,Rouenne Camille De Castro,rouenne camille de castro,programme
icrs-p-02115,Ryan Carl De Juan,ryan carl de juan,programme
icrs-p-02116,Sabrina Rosset,sabrina rosset,programme
icrs-p-02117,Sam Kahng,sam kahng,programme
icrs-p-02118,Samantha Gillis,samantha gillis,programme
icrs-p-02119,Samantha King,samantha king,programme
icrs-p-02120,Samantha McClain,samantha mcclain,programme
icrs-p-02121,Samuel Madge,samuel madge,programme
icrs-p-02122,Samuel Matthews,samuel matthews,programme
icrs-p-02123,Samuel Yong Jie Diong,samuel yong jie diong,programme
icrs-p-02124,Sara Asadi Gharabaghi,sara asadi gharabaghi,both
icrs-p-02125,Sara Melo-Merino,sara melo merino,programme
icrs-p-02126,Sarah O'Connor,sarah o connor,both
icrs-p-02127,Sarah Tamilkani Peter,sarah tamilkani peter,programme
icrs-p-02128,Seonggil Go,seonggil go,both
icrs-p-02129,Serafin Iii Geson,serafin iii geson,both
icrs-p-02130,Shakeel Yavan Jogee,shakeel yavan jogee,programme
icrs-p-02131,Shane Akoni Palacat-nelsen,shane akoni palacat nelsen,programme
icrs-p-02132,Shay Viehman,shay viehman,both
icrs-p-02133,Sheena Suet-Wah Chung,sheena suet wah chung,programme
icrs-p-02134,Sheng Liu,sheng liu,both
icrs-p-02135,Sherry Lyn Sayco,sherry lyn sayco,both
icrs-p-02136,Shu Kiu Leung,shu kiu leung,programme
icrs-p-02137,Solene Jonveaux,solene jonveaux,programme
icrs-p-02138,Sophia Lee,sophia lee,both
icrs-p-02139,Sophia MacVittie,sophia macvittie,programme
icrs-p-02140,Sophia Rahnke,sophia rahnke,both
icrs-p-02141,Stacy Jupiter,stacy jupiter,both
icrs-p-02142,Stephanie Reynaud,stephanie reynaud,both
icrs-p-02143,Suchana Apple Chavanich,suchana apple chavanich,programme
icrs-p-02144,Taison Ka Tai Chang,taison ka tai chang,programme
icrs-p-02145,TANG WEN,tang wen,programme
icrs-p-02146,Tanya Brown,tanya brown,both
icrs-p-02147,Tara Alessandra Sumbillo Abrina,tara alessandra sumbillo abrina,programme
icrs-p-02148,Tarau Janice Taga,tarau janice taga,programme
icrs-p-02149,Thales Jean Vidal,thales jean vidal,programme
icrs-p-02150,Thalia Hernandez Trillo,thalia hernandez trillo,programme
icrs-p-02151,Thomas Oliver,thomas oliver,both
icrs-p-02152,Tsai-Hsuan Tony Hsu,tsai hsuan tony hsu,programme
icrs-p-02153,TY Fan,ty fan,programme
icrs-p-02154,Tzu-Hao Lin,tzu hao lin,programme
icrs-p-02155,Val Brown,val brown,both
icrs-p-02156,Van Wishingrad,van wishingrad,both
icrs-p-02157,Vanessa Hui Fen Neo,vanessa hui fen neo,programme
icrs-p-02158,Vic Lorence Madariaga,vic lorence madariaga,programme
icrs-p-02159,Victor Manuel Pinon Gonzlez,victor manuel pinon gonzlez,both
icrs-p-02160,Vivien Samantha Ferrer,vivien samantha ferrer,both
icrs-p-02161,Wei-Chen Tung,wei chen tung,both
icrs-p-02162,Wei Quan Joel Tan,wei quan joel tan,both
icrs-p-02163,William Barnes,william barnes,both
icrs-p-02164,William Greene,william greene,both
icrs-p-02165,Yashvi Nundlall,yashvi nundlall,both
icrs-p-02166,Yohan Louis,yohan louis,both
icrs-p-02167,Yuk Kwan Wong,yuk kwan wong,both
icrs-p-02168,Yusuf El-Khaled,yusuf el khaled,both
icrs-p-02169,Zachary Zagon,zachary zagon,programme
icrs-p-02170,Zahidah Afrin,zahidah afrin,both
icrs-p-02171,ZAHIR RIDWAN,zahir ridwan,both
icrs-p-02172,Zhi Ting Yip,zhi ting yip,both
