cluster_id,affiliation_variant,occurrence_count,sources,canonical_key,display_name,fingerprint_key,token_key,suggested_canonical,match_reason,priority,cluster_variant_count,cluster_total_occurrences,canonical_keys_differ,country_suffix_only,needs_review,confirmed_same,approved_canonical
C0081,KAUST,687,delegates; delegates_raw; delegates_sanitized; emissions; geocode_cache; map_locations; speaker_profiles; speaker_profiles_cache; talks,KAUST,KAUST,kaust,kaust,KAUST,token_key,low,3,796,False,True,True,,
C0081,"KAUST, Saudi Arabia",108,delegates; delegates_raw,KAUST,KAUST,kaust,kaust,KAUST,token_key,low,3,796,False,True,True,,
C0081,"KAUST, Thailand",1,delegates,KAUST,KAUST,kaust,kaust,KAUST,token_key,low,3,796,False,True,True,,
C0020,James Cook University,509,delegates; delegates_raw; delegates_sanitized; emissions; geocode_cache; geocode_overrides; map_locations; speaker_profiles; speaker_profiles_cache; talks,James Cook University,James Cook University,james cook university,cook james university,James Cook University,token_key,low,5,604,False,True,True,,
C0020,"James Cook University, Australia",89,delegates; delegates_raw; geocode_cache,James Cook University,James Cook University,james cook university,cook james university,James Cook University,token_key,low,5,604,False,True,True,,
C0020,"James Cook University, Tonga",3,delegates; delegates_raw; geocode_cache,James Cook University,James Cook University,james cook university,cook james university,James Cook University,token_key,low,5,604,False,True,True,,
C0020,"James Cook University, Philippines",2,delegates; delegates_raw,James Cook University,James Cook University,james cook university,cook james university,James Cook University,token_key,low,5,604,False,True,True,,
C0020,"James Cook University, United States",1,delegates,James Cook University,James Cook University,james cook university,cook james university,James Cook University,token_key,low,5,604,False,True,True,,
C0018,Australian Institute of Marine Science,458,delegates; delegates_raw; delegates_sanitized; emissions; geocode_cache; geocode_overrides; map_locations; speaker_profiles; speaker_profiles_cache; talks,Australian Institute of Marine Science,Australian Institute of Marine Science,australian institute of marine science,australian institute marine science,Australian Institute of Marine Science,token_key,low,5,546,True,True,True,,
C0018,"Australian Institute of Marine Science, Australia",77,delegates; delegates_raw; geocode_cache,Australian Institute of Marine Science,Australian Institute of Marine Science,australian institute of marine science,australian institute marine science,Australian Institute of Marine Science,token_key,low,5,546,True,True,True,,
C0018,Australian Institute Of Marine Science,6,delegates; delegates_raw; delegates_sanitized; geocode_cache; speaker_profiles; speaker_profiles_cache,Australian Institute Of Marine Science,Australian Institute Of Marine Science,australian institute of marine science,australian institute marine science,Australian Institute of Marine Science,token_key,low,5,546,True,True,True,,
C0018,"Australian Institute of Marine Science, United States",3,delegates; delegates_raw; geocode_cache,Australian Institute of Marine Science,Australian Institute of Marine Science,australian institute of marine science,australian institute marine science,Australian Institute of Marine Science,token_key,low,5,546,True,True,True,,
C0018,"Australian Institute Of Marine Science, Australia",2,delegates; delegates_raw,Australian Institute Of Marine Science,Australian Institute Of Marine Science,australian institute of marine science,australian institute marine science,Australian Institute of Marine Science,token_key,low,5,546,True,True,True,,
C0011,University of Queensland,386,delegates; delegates_raw; delegates_sanitized; emissions; geocode_cache; map_locations; speaker_profiles; speaker_profiles_cache; talks,University of Queensland,University of Queensland,university of queensland,queensland university,University of Queensland,token_key,high,7,470,True,True,True,,
C0011,"University of Queensland, Australia",68,delegates; delegates_raw,University of Queensland,University of Queensland,university of queensland,queensland university,University of Queensland,token_key,high,7,470,True,True,True,,
C0011,University Of Queensland,8,delegates; delegates_raw; delegates_sanitized; geocode_cache; speaker_profiles; speaker_profiles_cache,University Of Queensland,University Of Queensland,university of queensland,queensland university,University of Queensland,token_key,high,7,470,True,True,True,,
C0011,"University Of Queensland, Australia",2,delegates; delegates_raw,University Of Queensland,University Of Queensland,university of queensland,queensland university,University of Queensland,token_key,high,7,470,True,True,True,,
C0011,"University of Queensland, Colombia",2,delegates; delegates_raw,University of Queensland,University of Queensland,university of queensland,queensland university,University of Queensland,token_key,high,7,470,True,True,True,,
C0011,"University of Queensland, Malaysia",2,delegates; delegates_raw,University of Queensland,University of Queensland,university of queensland,queensland university,University of Queensland,token_key,high,7,470,True,True,True,,
C0011,"University of Queensland, Philippines",2,delegates; delegates_raw,University of Queensland,University of Queensland,university of queensland,queensland university,University of Queensland,token_key,high,7,470,True,True,True,,
C0462,Nova Southeastern University,371,delegates; delegates_raw; delegates_sanitized; emissions; geocode_cache; map_locations; speaker_profiles; speaker_profiles_cache; talks,Nova Southeastern University,Nova Southeastern University,nova southeastern university,nova southeastern university,Nova Southeastern University,token_key,low,2,443,False,True,True,,
C0462,"Nova Southeastern University, United States",72,delegates; delegates_raw,Nova Southeastern University,Nova Southeastern University,nova southeastern university,nova southeastern university,Nova Southeastern University,token_key,low,2,443,False,True,True,,
C0005,University of Hawai'i - Manoa,188,emissions; map_locations; talks,University of Hawai'i - Manoa,University of Hawai'i - Manoa,university of hawaii - manoa,hawaii manoa university,University of Hawaiʻi - Mānoa,token_key,high,9,435,True,False,True,,
C0005,University of Hawai'i - Mānoa,165,delegates; delegates_raw; delegates_sanitized; geocode_cache; speaker_profiles; speaker_profiles_cache,University of Hawai'i - Mānoa,University of Hawai'i - Mānoa,university of hawaii - manoa,hawaii manoa university,University of Hawaiʻi - Mānoa,token_key,high,9,435,True,False,True,,
C0005,"University of Hawai'i - Mānoa, United States",63,delegates; delegates_raw,University of Hawai'i - Mānoa,University of Hawai'i - Mānoa,university of hawaii - manoa,hawaii manoa university,University of Hawaiʻi - Mānoa,token_key,high,9,435,True,False,True,,
C0005,University of Hawaiʻi - Mānoa,7,delegates_raw; geocode_cache; speaker_profiles; speaker_profiles_cache,University of Hawaiʻi - Mānoa,University of Hawaiʻi - Mānoa,university of hawaii - manoa,hawaii manoa university,University of Hawaiʻi - Mānoa,token_key,high,9,435,True,False,True,,
C0005,University of Hawaii - Manoa,3,talks,University of Hawaii - Manoa,University of Hawaii - Manoa,university of hawaii - manoa,hawaii manoa university,University of Hawaiʻi - Mānoa,token_key,high,9,435,True,False,True,,
C0005,University of Hawai‘i - Mānoa,3,geocode_cache; speaker_profiles; speaker_profiles_cache,University of Hawai‘i - Mānoa,University of Hawai‘i - Mānoa,university of hawaii - manoa,hawaii manoa university,University of Hawaiʻi - Mānoa,token_key,high,9,435,True,False,True,,
C0005,"University of Hawai'i - Mānoa, Palau",2,delegates; delegates_raw,University of Hawai'i - Mānoa,University of Hawai'i - Mānoa,university of hawaii - manoa,hawaii manoa university,University of Hawaiʻi - Mānoa,token_key,high,9,435,True,False,True,,
C0005,"University of Hawai'i - Mānoa, Philippines",2,delegates; delegates_raw,University of Hawai'i - Mānoa,University of Hawai'i - Mānoa,university of hawaii - manoa,hawaii manoa university,University of Hawaiʻi - Mānoa,token_key,high,9,435,True,False,True,,
C0005,"University of Hawaiʻi - Mānoa, United States",2,delegates_raw,University of Hawaiʻi - Mānoa,University of Hawaiʻi - Mānoa,university of hawaii - manoa,hawaii manoa university,University of Hawaiʻi - Mānoa,token_key,high,9,435,True,False,True,,
C0053,University of Miami,287,delegates; delegates_raw; delegates_sanitized; emissions; geocode_cache; map_locations; speaker_profiles; speaker_profiles_cache; talks,University of Miami,University of Miami,university of miami,miami university,University of Miami,token_key,high,4,378,True,True,True,,
C0053,"University of Miami, United States",46,delegates; delegates_raw,University of Miami,University of Miami,university of miami,miami university,University of Miami,token_key,high,4,378,True,True,True,,
C0053,University Of Miami,33,delegates; delegates_raw; delegates_sanitized; geocode_cache; speaker_profiles; speaker_profiles_cache,University Of Miami,University Of Miami,university of miami,miami university,University of Miami,token_key,high,4,378,True,True,True,,
C0053,"University Of Miami, United States",12,delegates; delegates_raw,University Of Miami,University Of Miami,university of miami,miami university,University of Miami,token_key,high,4,378,True,True,True,,
C0040,National University of Singapore,260,delegates; delegates_raw; delegates_sanitized; emissions; geocode_cache; map_locations; speaker_profiles; speaker_profiles_cache; talks,National University of Singapore,National University of Singapore,national university of singapore,national singapore university,National University of Singapore,token_key,low,4,308,False,True,True,,
C0040,"National University of Singapore, Singapore",44,delegates; delegates_raw,National University of Singapore,National University of Singapore,national university of singapore,national singapore university,National University of Singapore,token_key,low,4,308,False,True,True,,
C0040,"National University of Singapore, Malaysia",2,delegates; delegates_raw,National University of Singapore,National University of Singapore,national university of singapore,national singapore university,National University of Singapore,token_key,low,4,308,False,True,True,,
C0040,"National University of Singapore, New Zealand",2,delegates; delegates_raw,National University of Singapore,National University of Singapore,national university of singapore,national singapore university,National University of Singapore,token_key,low,4,308,False,True,True,,
C0034,Florida International University,245,delegates; delegates_raw; delegates_sanitized; emissions; geocode_cache; map_locations; speaker_profiles; speaker_profiles_cache; talks,Florida International University,Florida International University,florida international university,florida international university,Florida International University,"fuzzy:0.97, token_key",high,4,303,True,False,True,,
C0034,"Florida International University, United States",47,delegates; delegates_raw,Florida International University,Florida International University,florida international university,florida international university,Florida International University,"fuzzy:0.97, token_key",high,4,303,True,False,True,,
C0034,Florida International Univeristy,9,delegates; delegates_raw; delegates_sanitized; geocode_cache; map_locations; speaker_profiles; speaker_profiles_cache; talks,Florida International Univeristy,Florida International Univeristy,florida international univeristy,florida international univeristy,Florida International University,"fuzzy:0.97, token_key",high,4,303,True,False,True,,
C0034,"Florida International Univeristy, United States",2,delegates; delegates_raw,Florida International Univeristy,Florida International Univeristy,florida international univeristy,florida international univeristy,Florida International University,"fuzzy:0.97, token_key",high,4,303,True,False,True,,
C0126,University of Sydney,256,delegates; delegates_raw; delegates_sanitized; emissions; geocode_cache; map_locations; speaker_profiles; speaker_profiles_cache; talks,University of Sydney,University of Sydney,university of sydney,sydney university,University of Sydney,token_key,high,3,300,True,True,True,,
C0126,"University of Sydney, Australia",41,delegates; delegates_raw,University of Sydney,University of Sydney,university of sydney,sydney university,University of Sydney,token_key,high,3,300,True,True,True,,
C0126,University Of Sydney,3,geocode_cache; speaker_profiles; speaker_profiles_cache,University Of Sydney,University Of Sydney,university of sydney,sydney university,University of Sydney,token_key,high,3,300,True,True,True,,
C0057,Victoria University of Wellington,222,delegates; delegates_raw; delegates_sanitized; emissions; geocode_cache; geocode_overrides; map_locations; speaker_profiles; speaker_profiles_cache; talks,Victoria University of Wellington,Victoria University of Wellington,victoria university of wellington,university victoria wellington,Victoria University of Wellington,token_key,low,4,278,False,True,True,,
C0057,"Victoria University of Wellington, New Zealand",51,delegates; delegates_raw; geocode_cache,Victoria University of Wellington,Victoria University of Wellington,victoria university of wellington,university victoria wellington,Victoria University of Wellington,token_key,low,4,278,False,True,True,,
C0057,"Victoria University of Wellington, United Kingdom",3,delegates; delegates_raw; geocode_cache,Victoria University of Wellington,Victoria University of Wellington,victoria university of wellington,university victoria wellington,Victoria University of Wellington,token_key,low,4,278,False,True,True,,
C0057,"Victoria University of Wellington, United States",2,delegates; delegates_raw,Victoria University of Wellington,Victoria University of Wellington,victoria university of wellington,university victoria wellington,Victoria University of Wellington,token_key,low,4,278,False,True,True,,
C0698,University of Technology Sydney,220,delegates; delegates_raw; delegates_sanitized; emissions; geocode_cache; map_locations; speaker_profiles; speaker_profiles_cache; talks,University of Technology Sydney,University of Technology Sydney,university of technology sydney,sydney technology university,University of Technology Sydney,token_key,low,2,257,False,True,True,,
C0698,"University of Technology Sydney, Australia",37,delegates; delegates_raw,University of Technology Sydney,University of Technology Sydney,university of technology sydney,sydney technology university,University of Technology Sydney,token_key,low,2,257,False,True,True,,
C0125,University of Sao Paulo,139,emissions; map_locations; talks,University of Sao Paulo,University of Sao Paulo,university of sao paulo,paulo sao university,University of São Paulo,token_key,high,3,252,True,True,True,,
C0125,University of São Paulo,81,delegates; delegates_raw; delegates_sanitized; geocode_cache; speaker_profiles; speaker_profiles_cache,University of São Paulo,University of São Paulo,university of sao paulo,paulo sao university,University of São Paulo,token_key,high,3,252,True,True,True,,
C0125,"University of São Paulo, Brazil",32,delegates; delegates_raw,University of São Paulo,University of São Paulo,university of sao paulo,paulo sao university,University of São Paulo,token_key,high,3,252,True,True,True,,
C0118,University of Guam,194,delegates; delegates_raw; delegates_sanitized; emissions; geocode_cache; map_locations; speaker_profiles; speaker_profiles_cache; talks,University of Guam,University of Guam,university of guam,guam university,University of Guam,token_key,low,3,234,False,True,True,,
C0118,"University of Guam, Guam",34,delegates; delegates_raw,University of Guam,University of Guam,university of guam,guam university,University of Guam,token_key,low,3,234,False,True,True,,
C0118,"University of Guam, United States",6,delegates; delegates_raw,University of Guam,University of Guam,university of guam,guam university,University of Guam,token_key,low,3,234,False,True,True,,
C0015,University of the Philippines - Diliman,179,delegates; delegates_raw; delegates_sanitized; emissions; geocode_cache; map_locations; speaker_profiles; speaker_profiles_cache; talks,University of the Philippines - Diliman,University of the Philippines - Diliman,university of the philippines - diliman,diliman philippines university,University of the Philippines - Diliman,token_key,low,6,227,True,True,True,,
C0015,"University of the Philippines - Diliman, Philippines",32,delegates; delegates_raw,University of the Philippines - Diliman,University of the Philippines - Diliman,university of the philippines - diliman,diliman philippines university,University of the Philippines - Diliman,token_key,low,6,227,True,True,True,,
C0015,University Of The Philippines - Diliman,6,delegates; delegates_raw; delegates_sanitized; geocode_cache; speaker_profiles; speaker_profiles_cache,University Of The Philippines - Diliman,University Of The Philippines - Diliman,university of the philippines - diliman,diliman philippines university,University of the Philippines - Diliman,token_key,low,6,227,True,True,True,,
C0015,University of The Philippines - Diliman,6,delegates; delegates_raw; delegates_sanitized; geocode_cache; speaker_profiles; speaker_profiles_cache,University of The Philippines - Diliman,University of The Philippines - Diliman,university of the philippines - diliman,diliman philippines university,University of the Philippines - Diliman,token_key,low,6,227,True,True,True,,
C0015,"University Of The Philippines - Diliman, Philippines",2,delegates; delegates_raw,University Of The Philippines - Diliman,University Of The Philippines - Diliman,university of the philippines - diliman,diliman philippines university,University of the Philippines - Diliman,token_key,low,6,227,True,True,True,,
C0015,"University of The Philippines - Diliman, Philippines",2,delegates; delegates_raw,University of The Philippines - Diliman,University of The Philippines - Diliman,university of the philippines - diliman,diliman philippines university,University of the Philippines - Diliman,token_key,low,6,227,True,True,True,,
C0016,University of the Ryukyus,149,delegates; delegates_raw; delegates_sanitized; emissions; geocode_cache; map_locations; speaker_profiles; speaker_profiles_cache; talks,University of the Ryukyus,University of the Ryukyus,university of the ryukyus,ryukyus university,University of the Ryukyus,token_key,low,6,219,True,True,True,,
C0016,University Of The Ryukyus,36,delegates; delegates_raw; delegates_sanitized; geocode_cache; speaker_profiles; speaker_profiles_cache,University Of The Ryukyus,University Of The Ryukyus,university of the ryukyus,ryukyus university,University of the Ryukyus,token_key,low,6,219,True,True,True,,
C0016,"University of the Ryukyus, Japan",20,delegates; delegates_raw,University of the Ryukyus,University of the Ryukyus,university of the ryukyus,ryukyus university,University of the Ryukyus,token_key,low,6,219,True,True,True,,
C0016,"University Of The Ryukyus, Japan",10,delegates; delegates_raw,University Of The Ryukyus,University Of The Ryukyus,university of the ryukyus,ryukyus university,University of the Ryukyus,token_key,low,6,219,True,True,True,,
C0016,"University Of The Ryukyus, Maldives",2,delegates; delegates_raw,University Of The Ryukyus,University Of The Ryukyus,university of the ryukyus,ryukyus university,University of the Ryukyus,token_key,low,6,219,True,True,True,,
C0016,"University Of The Ryukyus, Philippines",2,delegates; delegates_raw,University Of The Ryukyus,University Of The Ryukyus,university of the ryukyus,ryukyus university,University of the Ryukyus,token_key,low,6,219,True,True,True,,
C0003,Wildlife Conservation Society,181,delegates; delegates_raw; delegates_sanitized; emissions; geocode_cache; map_locations; speaker_profiles; speaker_profiles_cache; talks,Wildlife Conservation Society,Wildlife Conservation Society,wildlife conservation society,conservation society wildlife,Wildlife Conservation Society,token_key,low,10,209,False,True,True,,
C0003,"Wildlife Conservation Society, Fiji",6,delegates; delegates_raw,Wildlife Conservation Society,Wildlife Conservation Society,wildlife conservation society,conservation society wildlife,Wildlife Conservation Society,token_key,low,10,209,False,True,True,,
C0003,"Wildlife Conservation Society, Australia",4,delegates; delegates_raw,Wildlife Conservation Society,Wildlife Conservation Society,wildlife conservation society,conservation society wildlife,Wildlife Conservation Society,token_key,low,10,209,False,True,True,,
C0003,"Wildlife Conservation Society, Indonesia",4,delegates; delegates_raw,Wildlife Conservation Society,Wildlife Conservation Society,wildlife conservation society,conservation society wildlife,Wildlife Conservation Society,token_key,low,10,209,False,True,True,,
C0003,"Wildlife Conservation Society, United States",4,delegates; delegates_raw,Wildlife Conservation Society,Wildlife Conservation Society,wildlife conservation society,conservation society wildlife,Wildlife Conservation Society,token_key,low,10,209,False,True,True,,
C0003,"Wildlife Conservation Society, Canada",2,delegates; delegates_raw,Wildlife Conservation Society,Wildlife Conservation Society,wildlife conservation society,conservation society wildlife,Wildlife Conservation Society,token_key,low,10,209,False,True,True,,
C0003,"Wildlife Conservation Society, Kenya",2,delegates; delegates_raw,Wildlife Conservation Society,Wildlife Conservation Society,wildlife conservation society,conservation society wildlife,Wildlife Conservation Society,token_key,low,10,209,False,True,True,,
C0003,"Wildlife Conservation Society, Madagascar",2,delegates; delegates_raw,Wildlife Conservation Society,Wildlife Conservation Society,wildlife conservation society,conservation society wildlife,Wildlife Conservation Society,token_key,low,10,209,False,True,True,,
C0003,"Wildlife Conservation Society, Panama",2,delegates; delegates_raw,Wildlife Conservation Society,Wildlife Conservation Society,wildlife conservation society,conservation society wildlife,Wildlife Conservation Society,token_key,low,10,209,False,True,True,,
C0003,"Wildlife Conservation Society, Papua New Guinea",2,delegates; delegates_raw,Wildlife Conservation Society,Wildlife Conservation Society,wildlife conservation society,conservation society wildlife,Wildlife Conservation Society,token_key,low,10,209,False,True,True,,
C0637,University of California - Santa Barbara,172,delegates; delegates_raw; delegates_sanitized; emissions; geocode_cache; map_locations; speaker_profiles; speaker_profiles_cache; talks,University of California - Santa Barbara,University of California - Santa Barbara,university of california - santa barbara,barbara california santa university,University of California - Santa Barbara,token_key,low,2,200,False,True,True,,
C0637,"University of California - Santa Barbara, United States",28,delegates; delegates_raw,University of California - Santa Barbara,University of California - Santa Barbara,university of california - santa barbara,barbara california santa university,University of California - Santa Barbara,token_key,low,2,200,False,True,True,,
C0013,Newcastle University,126,delegates; delegates_raw; delegates_sanitized; emissions; geocode_cache; map_locations; speaker_profiles; speaker_profiles_cache; talks,Newcastle University,Newcastle University,newcastle university,newcastle university,Newcastle University,"fingerprint, token_key",high,6,192,True,False,True,,
C0013,University of Newcastle,39,delegates; delegates_raw; delegates_sanitized; emissions; geocode_cache; map_locations; speaker_profiles; speaker_profiles_cache; talks,University of Newcastle,University of Newcastle,university of newcastle,newcastle university,Newcastle University,"fingerprint, token_key",high,6,192,True,False,True,,
C0013,"Newcastle University, United Kingdom",14,delegates; delegates_raw,Newcastle University,Newcastle University,newcastle university,newcastle university,Newcastle University,"fingerprint, token_key",high,6,192,True,False,True,,
C0013,"University of Newcastle, Australia",8,delegates; delegates_raw,University of Newcastle,University of Newcastle,university of newcastle,newcastle university,Newcastle University,"fingerprint, token_key",high,6,192,True,False,True,,
C0013,University Of Newcastle,3,delegates; delegates_raw; delegates_sanitized,University Of Newcastle,University Of Newcastle,university of newcastle,newcastle university,Newcastle University,"fingerprint, token_key",high,6,192,True,False,True,,
C0013,"University Of Newcastle, Australia",2,delegates; delegates_raw,University Of Newcastle,University Of Newcastle,university of newcastle,newcastle university,Newcastle University,"fingerprint, token_key",high,6,192,True,False,True,,
C0004,the Nature Conservancy,89,emissions; map_locations; talks,the Nature Conservancy,the Nature Conservancy,the nature conservancy,conservancy nature,the Nature Conservancy - Jamaica,"fuzzy:0.95, token_key",high,9,188,True,False,True,,
C0004,The Nature Conservancy,56,delegates; delegates_raw; delegates_sanitized; geocode_cache; speaker_profiles; speaker_profiles_cache,The Nature Conservancy,The Nature Conservancy,the nature conservancy,conservancy nature,the Nature Conservancy - Jamaica,"fuzzy:0.95, token_key",high,9,188,True,False,True,,
C0004,"The Nature Conservancy, United States",20,delegates; delegates_raw,The Nature Conservancy,The Nature Conservancy,the nature conservancy,conservancy nature,the Nature Conservancy - Jamaica,"fuzzy:0.95, token_key",high,9,188,True,False,True,,
C0004,the Nature Conservancy - Jamaica,9,emissions; map_locations; talks,the Nature Conservancy - Jamaica,the Nature Conservancy - Jamaica,the nature conservancy - jamaica,conservancy jamaica nature,the Nature Conservancy - Jamaica,"fuzzy:0.95, token_key",high,9,188,True,False,True,,
C0004,The Nature Conservancy - Jamaica,6,delegates; delegates_raw; delegates_sanitized; geocode_cache; speaker_profiles; speaker_profiles_cache,The Nature Conservancy - Jamaica,The Nature Conservancy - Jamaica,the nature conservancy - jamaica,conservancy jamaica nature,the Nature Conservancy - Jamaica,"fuzzy:0.95, token_key",high,9,188,True,False,True,,
C0004,"The Nature Conservancy - Jamaica, Jamaica",2,delegates; delegates_raw,The Nature Conservancy - Jamaica,The Nature Conservancy - Jamaica,the nature conservancy - jamaica,conservancy jamaica nature,the Nature Conservancy - Jamaica,"fuzzy:0.95, token_key",high,9,188,True,False,True,,
C0004,"The Nature Conservancy, Guam",2,delegates; delegates_raw,The Nature Conservancy,The Nature Conservancy,the nature conservancy,conservancy nature,the Nature Conservancy - Jamaica,"fuzzy:0.95, token_key",high,9,188,True,False,True,,
C0004,"The Nature Conservancy, Jamaica",2,delegates; delegates_raw,The Nature Conservancy,The Nature Conservancy,the nature conservancy,conservancy nature,the Nature Conservancy - Jamaica,"fuzzy:0.95, token_key",high,9,188,True,False,True,,
C0004,"The Nature Conservancy, Mexico",2,delegates; delegates_raw,The Nature Conservancy,The Nature Conservancy,the nature conservancy,conservancy nature,the Nature Conservancy - Jamaica,"fuzzy:0.95, token_key",high,9,188,True,False,True,,
C0023,Southern Cross University,156,delegates; delegates_raw; delegates_sanitized; emissions; geocode_cache; map_locations; speaker_profiles; speaker_profiles_cache; talks,Southern Cross University,Southern Cross University,southern cross university,cross southern university,Southern Cross University,token_key,low,5,186,False,True,True,,
C0023,"Southern Cross University, Australia",24,delegates; delegates_raw,Southern Cross University,Southern Cross University,southern cross university,cross southern university,Southern Cross University,token_key,low,5,186,False,True,True,,
C0023,"Southern Cross University, Maldives",2,delegates; delegates_raw,Southern Cross University,Southern Cross University,southern cross university,cross southern university,Southern Cross University,token_key,low,5,186,False,True,True,,
C0023,"Southern Cross University, New Caledonia",2,delegates; delegates_raw,Southern Cross University,Southern Cross University,southern cross university,cross southern university,Southern Cross University,token_key,low,5,186,False,True,True,,
C0023,"Southern Cross University, Philippines",2,delegates; delegates_raw,Southern Cross University,Southern Cross University,southern cross university,cross southern university,Southern Cross University,token_key,low,5,186,False,True,True,,
C0703,University of the Virgin Islands,177,delegates; delegates_raw; delegates_sanitized; emissions; geocode_cache; map_locations; speaker_profiles; speaker_profiles_cache; talks,University of the Virgin Islands,University of the Virgin Islands,university of the virgin islands,islands university virgin,University of the Virgin Islands,token_key,low,2,183,False,True,True,,
C0703,"University of the Virgin Islands, United States",6,delegates; delegates_raw,University of the Virgin Islands,University of the Virgin Islands,university of the virgin islands,islands university virgin,University of the Virgin Islands,token_key,low,2,183,False,True,True,,
C0002,Hawai'i Institute of Marine Biology,56,delegates; delegates_sanitized; emissions; map_locations,Hawai'i Institute of Marine Biology,Hawai'i Institute of Marine Biology,hawaii institute of marine biology,biology hawaii institute marine,Hawaiʻi Institute of Marine Biology,token_key,high,11,175,True,False,True,,
C0002,Hawaiʻi Institute of Marine Biology,54,delegates; delegates_raw; delegates_sanitized; geocode_cache; speaker_profiles; speaker_profiles_cache,Hawaiʻi Institute of Marine Biology,Hawaiʻi Institute of Marine Biology,hawaii institute of marine biology,biology hawaii institute marine,Hawaiʻi Institute of Marine Biology,token_key,high,11,175,True,False,True,,
C0002,Hawaii Institute of Marine Biology,22,emissions; geocode_overrides; talks,Hawaii Institute of Marine Biology,Hawaii Institute of Marine Biology,hawaii institute of marine biology,biology hawaii institute marine,Hawaiʻi Institute of Marine Biology,token_key,high,11,175,True,False,True,,
C0002,"Hawaiʻi Institute of Marine Biology, United States",22,delegates; delegates_raw; geocode_cache,Hawaiʻi Institute of Marine Biology,Hawaiʻi Institute of Marine Biology,hawaii institute of marine biology,biology hawaii institute marine,Hawaiʻi Institute of Marine Biology,token_key,high,11,175,True,False,True,,
C0002,Hawaii institute of Marine Biology,6,delegates; delegates_sanitized; map_locations; talks,Hawaii institute of Marine Biology,Hawaii institute of Marine Biology,hawaii institute of marine biology,biology hawaii institute marine,Hawaiʻi Institute of Marine Biology,token_key,high,11,175,True,False,True,,
C0002,Hawai‘i Institute of Marine Biology,6,delegates_raw; geocode_cache; speaker_profiles; speaker_profiles_cache,Hawai‘i Institute of Marine Biology,Hawai‘i Institute of Marine Biology,hawaii institute of marine biology,biology hawaii institute marine,Hawaiʻi Institute of Marine Biology,token_key,high,11,175,True,False,True,,
C0002,Hawaiʻi institute of Marine Biology,4,delegates_raw; geocode_cache; speaker_profiles; speaker_profiles_cache,Hawaiʻi institute of Marine Biology,Hawaiʻi institute of Marine Biology,hawaii institute of marine biology,biology hawaii institute marine,Hawaiʻi Institute of Marine Biology,token_key,high,11,175,True,False,True,,
C0002,"Hawai'i Institute of Marine Biology, United States",2,delegates,Hawai'i Institute of Marine Biology,Hawai'i Institute of Marine Biology,hawaii institute of marine biology,biology hawaii institute marine,Hawaiʻi Institute of Marine Biology,token_key,high,11,175,True,False,True,,
C0002,"Hawaii institute of Marine Biology, United States",1,delegates,Hawaii institute of Marine Biology,Hawaii institute of Marine Biology,hawaii institute of marine biology,biology hawaii institute marine,Hawaiʻi Institute of Marine Biology,token_key,high,11,175,True,False,True,,
C0002,"Hawaiʻi institute of Marine Biology, United States",1,delegates_raw,Hawaiʻi institute of Marine Biology,Hawaiʻi institute of Marine Biology,hawaii institute of marine biology,biology hawaii institute marine,Hawaiʻi Institute of Marine Biology,token_key,high,11,175,True,False,True,,
C0002,"Hawai‘i Institute of Marine Biology, United States",1,delegates_raw,Hawai‘i Institute of Marine Biology,Hawai‘i Institute of Marine Biology,hawaii institute of marine biology,biology hawaii institute marine,Hawaiʻi Institute of Marine Biology,token_key,high,11,175,True,False,True,,
C0014,University of Western Australia,142,delegates; delegates_raw; delegates_sanitized; emissions; geocode_cache; geocode_overrides; map_locations; speaker_profiles; speaker_profiles_cache; talks,University of Western Australia,University of Western Australia,university of western australia,australia university western,University of Western Australia,"fingerprint, token_key",low,6,172,False,False,True,,
C0014,"University of Western Australia, Australia",21,delegates; delegates_raw; geocode_cache,University of Western Australia,University of Western Australia,university of western australia,australia university western,University of Western Australia,"fingerprint, token_key",low,6,172,False,False,True,,
C0014,The University Of Western Australia,3,delegates; delegates_raw; delegates_sanitized,University of Western Australia,University of Western Australia,the university of western australia,australia university western,University of Western Australia,"fingerprint, token_key",low,6,172,False,False,True,,
C0014,"The University Of Western Australia, Australia",3,delegates; delegates_raw; geocode_cache,University of Western Australia,University of Western Australia,the university of western australia,australia university western,University of Western Australia,"fingerprint, token_key",low,6,172,False,False,True,,
C0014,"University of Western Australia, New Zealand",2,delegates; delegates_raw,University of Western Australia,University of Western Australia,university of western australia,australia university western,University of Western Australia,"fingerprint, token_key",low,6,172,False,False,True,,
C0014,the University of Western Australia,1,geocode_overrides,University of Western Australia,University of Western Australia,the university of western australia,australia university western,University of Western Australia,"fingerprint, token_key",low,6,172,False,False,True,,
C0532,Scripps Institution of Oceanography,137,delegates; delegates_raw; delegates_sanitized; emissions; geocode_cache; map_locations; speaker_profiles; speaker_profiles_cache; talks,Scripps Institution of Oceanography,Scripps Institution of Oceanography,scripps institution of oceanography,institution oceanography scripps,Scripps Institution of Oceanography,token_key,low,2,159,False,True,True,,
C0532,"Scripps Institution of Oceanography, United States",22,delegates; delegates_raw,Scripps Institution of Oceanography,Scripps Institution of Oceanography,scripps institution of oceanography,institution oceanography scripps,Scripps Institution of Oceanography,token_key,low,2,159,False,True,True,,
C0676,University of North Carolina - Wilmington,135,delegates; delegates_raw; delegates_sanitized; emissions; geocode_cache; map_locations; speaker_profiles; speaker_profiles_cache; talks,University of North Carolina - Wilmington,University of North Carolina - Wilmington,university of north carolina - wilmington,carolina north university wilmington,University of North Carolina - Wilmington,token_key,low,2,159,False,True,True,,
C0676,"University of North Carolina - Wilmington, United States",24,delegates; delegates_raw,University of North Carolina - Wilmington,University of North Carolina - Wilmington,university of north carolina - wilmington,carolina north university wilmington,University of North Carolina - Wilmington,token_key,low,2,159,False,True,True,,
C0702,University of the Philippines,129,delegates; delegates_raw; delegates_sanitized; emissions; geocode_cache; map_locations; speaker_profiles; speaker_profiles_cache; talks,University of the Philippines,University of the Philippines,university of the philippines,philippines university,University of the Philippines,token_key,low,2,157,False,True,True,,
C0702,"University of the Philippines, Philippines",28,delegates; delegates_raw,University of the Philippines,University of the Philippines,university of the philippines,philippines university,University of the Philippines,token_key,low,2,157,False,True,True,,
C0025,University of the South Pacific,115,delegates; delegates_raw; delegates_sanitized; emissions; geocode_cache; map_locations; speaker_profiles; speaker_profiles_cache; talks,University of the South Pacific,University of the South Pacific,university of the south pacific,pacific south university,University of the South Pacific,token_key,low,5,153,True,True,True,,
C0025,"University of the South Pacific, Fiji",18,delegates; delegates_raw,University of the South Pacific,University of the South Pacific,university of the south pacific,pacific south university,University of the South Pacific,token_key,low,5,153,True,True,True,,
C0025,University Of The South Pacific,14,delegates; delegates_raw; delegates_sanitized; geocode_cache; speaker_profiles; speaker_profiles_cache,University Of The South Pacific,University Of The South Pacific,university of the south pacific,pacific south university,University of the South Pacific,token_key,low,5,153,True,True,True,,
C0025,"University Of The South Pacific, Fiji",4,delegates; delegates_raw,University Of The South Pacific,University Of The South Pacific,university of the south pacific,pacific south university,University of the South Pacific,token_key,low,5,153,True,True,True,,
C0025,"University Of The South Pacific, Vanuatu",2,delegates; delegates_raw,University Of The South Pacific,University Of The South Pacific,university of the south pacific,pacific south university,University of the South Pacific,token_key,low,5,153,True,True,True,,
C0006,University of Milano-Bicocca,84,delegates; delegates_raw; delegates_sanitized; emissions; geocode_cache; map_locations; speaker_profiles; speaker_profiles_cache; talks,University of Milano-Bicocca,University of Milano-Bicocca,university of milano-bicocca,bicocca milano university,University of Milano - Bicocca,"fingerprint, fuzzy:0.98, token_key",high,8,147,True,False,True,,
C0006,University of Milano - Bicocca,21,delegates; delegates_raw; delegates_sanitized; emissions; geocode_cache; map_locations; speaker_profiles; speaker_profiles_cache; talks,University of Milano - Bicocca,University of Milano - Bicocca,university of milano - bicocca,bicocca milano university,University of Milano - Bicocca,"fingerprint, fuzzy:0.98, token_key",high,8,147,True,False,True,,
C0006,"University of Milano-Bicocca, Italy",12,delegates; delegates_raw,University of Milano-Bicocca,University of Milano-Bicocca,university of milano-bicocca,bicocca milano university,University of Milano - Bicocca,"fingerprint, fuzzy:0.98, token_key",high,8,147,True,False,True,,
C0006,University of Milan-Bicocca,10,emissions; geocode_cache; map_locations; speaker_profiles; speaker_profiles_cache; talks,University of Milan-Bicocca,University of Milan-Bicocca,university of milan-bicocca,bicocca milan university,University of Milano - Bicocca,"fingerprint, fuzzy:0.98, token_key",high,8,147,True,False,True,,
C0006,University of Milano-bicocca,10,emissions; map_locations; talks,University of Milano-bicocca,University of Milano-bicocca,university of milano-bicocca,bicocca milano university,University of Milano - Bicocca,"fingerprint, fuzzy:0.98, token_key",high,8,147,True,False,True,,
C0006,University Of Milano-bicocca,6,delegates; delegates_raw; delegates_sanitized; geocode_cache; speaker_profiles; speaker_profiles_cache,University Of Milano-bicocca,University Of Milano-bicocca,university of milano-bicocca,bicocca milano university,University of Milano - Bicocca,"fingerprint, fuzzy:0.98, token_key",high,8,147,True,False,True,,
C0006,"University Of Milano-bicocca, Italy",2,delegates; delegates_raw,University Of Milano-bicocca,University Of Milano-bicocca,university of milano-bicocca,bicocca milano university,University of Milano - Bicocca,"fingerprint, fuzzy:0.98, token_key",high,8,147,True,False,True,,
C0006,"University of Milano - Bicocca, Italy",2,delegates; delegates_raw,University of Milano - Bicocca,University of Milano - Bicocca,university of milano - bicocca,bicocca milano university,University of Milano - Bicocca,"fingerprint, fuzzy:0.98, token_key",high,8,147,True,False,True,,
C0050,University of Hawai'i,119,delegates; delegates_raw; delegates_sanitized; emissions; geocode_cache; map_locations; speaker_profiles; speaker_profiles_cache; talks,University of Hawai'i,University of Hawai'i,university of hawaii,hawaii university,University of Hawaiʻi,token_key,high,4,146,True,False,True,,
C0050,"University of Hawai'i, United States",22,delegates; delegates_raw,University of Hawai'i,University of Hawai'i,university of hawaii,hawaii university,University of Hawaiʻi,token_key,high,4,146,True,False,True,,
C0050,University of Hawaiʻi,3,delegates; delegates_raw; delegates_sanitized,University of Hawaiʻi,University of Hawaiʻi,university of hawaii,hawaii university,University of Hawaiʻi,token_key,high,4,146,True,False,True,,
C0050,"University of Hawaiʻi, United States",2,delegates; delegates_raw,University of Hawaiʻi,University of Hawaiʻi,university of hawaii,hawaii university,University of Hawaiʻi,token_key,high,4,146,True,False,True,,
C0142,Arizona State University,123,delegates; delegates_raw; delegates_sanitized; emissions; geocode_cache; map_locations; speaker_profiles; speaker_profiles_cache; talks,Arizona State University,Arizona State University,arizona state university,arizona state university,Arizona State University,token_key,low,2,145,False,True,True,,
C0142,"Arizona State University, United States",22,delegates; delegates_raw,Arizona State University,Arizona State University,arizona state university,arizona state university,Arizona State University,token_key,low,2,145,False,True,True,,
C0575,Tel Aviv University,123,delegates; delegates_raw; delegates_sanitized; emissions; geocode_cache; map_locations; speaker_profiles; speaker_profiles_cache; talks,Tel Aviv University,Tel Aviv University,tel aviv university,aviv tel university,Tel Aviv University,token_key,low,2,145,False,True,True,,
C0575,"Tel Aviv University, Israel",22,delegates; delegates_raw,Tel Aviv University,Tel Aviv University,tel aviv university,aviv tel university,Tel Aviv University,token_key,low,2,145,False,True,True,,
C0746,Yayasan Konservasi Alam Nusantara,120,delegates; delegates_raw; delegates_sanitized; geocode_cache; map_locations; speaker_profiles; speaker_profiles_cache; talks,Yayasan Konservasi Alam Nusantara,Yayasan Konservasi Alam Nusantara,yayasan konservasi alam nusantara,alam konservasi nusantara yayasan,Yayasan Konservasi Alam Nusantara,token_key,low,2,142,False,True,True,,
C0746,"Yayasan Konservasi Alam Nusantara, Indonesia",22,delegates; delegates_raw,Yayasan Konservasi Alam Nusantara,Yayasan Konservasi Alam Nusantara,yayasan konservasi alam nusantara,alam konservasi nusantara yayasan,Yayasan Konservasi Alam Nusantara,token_key,low,2,142,False,True,True,,
C0416,Mote Marine Laboratory,118,delegates; delegates_raw; delegates_sanitized; emissions; geocode_cache; map_locations; speaker_profiles; speaker_profiles_cache; talks,Mote Marine Laboratory,Mote Marine Laboratory,mote marine laboratory,laboratory marine mote,Mote Marine Laboratory,token_key,low,2,137,False,True,True,,
C0416,"Mote Marine Laboratory, United States",19,delegates; delegates_raw,Mote Marine Laboratory,Mote Marine Laboratory,mote marine laboratory,laboratory marine mote,Mote Marine Laboratory,token_key,low,2,137,False,True,True,,
C0657,University of Leeds,116,delegates; delegates_raw; delegates_sanitized; emissions; geocode_cache; map_locations; speaker_profiles; speaker_profiles_cache; talks,University of Leeds,University of Leeds,university of leeds,leeds university,University of Leeds,token_key,low,2,136,False,True,True,,
C0657,"University of Leeds, United Kingdom",20,delegates; delegates_raw,University of Leeds,University of Leeds,university of leeds,leeds university,University of Leeds,token_key,low,2,136,False,True,True,,
C0656,University of Hong Kong,114,delegates; delegates_raw; delegates_sanitized; emissions; geocode_cache; geocode_overrides; map_locations; speaker_profiles; speaker_profiles_cache; talks,University of Hong Kong,University of Hong Kong,university of hong kong,hong kong university,University of Hong Kong,token_key,low,2,132,False,True,True,,
C0656,"University of Hong Kong, Hong Kong",18,delegates; delegates_raw,University of Hong Kong,University of Hong Kong,university of hong kong,hong kong university,University of Hong Kong,token_key,low,2,132,False,True,True,,
C0701,University of Texas - Austin,115,delegates; delegates_raw; delegates_sanitized; emissions; geocode_cache; map_locations; speaker_profiles; speaker_profiles_cache; talks,University of Texas - Austin,University of Texas - Austin,university of texas - austin,austin texas university,University of Texas - Austin,token_key,low,2,131,False,True,True,,
C0701,"University of Texas - Austin, United States",16,delegates; delegates_raw,University of Texas - Austin,University of Texas - Austin,university of texas - austin,austin texas university,University of Texas - Austin,token_key,low,2,131,False,True,True,,
C0120,University of Konstanz,114,delegates; delegates_raw; delegates_sanitized; emissions; geocode_cache; map_locations; speaker_profiles; speaker_profiles_cache; talks,University of Konstanz,University of Konstanz,university of konstanz,konstanz university,University of Konstanz,token_key,low,3,128,False,True,True,,
C0120,"University of Konstanz, Germany",12,delegates; delegates_raw,University of Konstanz,University of Konstanz,university of konstanz,konstanz university,University of Konstanz,token_key,low,3,128,False,True,True,,
C0120,"University of Konstanz, Cuba",2,delegates; delegates_raw,University of Konstanz,University of Konstanz,university of konstanz,konstanz university,University of Konstanz,token_key,low,3,128,False,True,True,,
C0163,Boston University,105,delegates; delegates_raw; delegates_sanitized; emissions; geocode_cache; map_locations; speaker_profiles; speaker_profiles_cache; talks,Boston University,Boston University,boston university,boston university,Boston University,token_key,low,2,123,False,True,True,,
C0163,"Boston University, United States",18,delegates; delegates_raw,Boston University,Boston University,boston university,boston university,Boston University,token_key,low,2,123,False,True,True,,
C0019,Hong Kong University of Science and Technology,91,delegates; delegates_raw; delegates_sanitized; emissions; geocode_cache; map_locations; speaker_profiles; speaker_profiles_cache; talks,Hong Kong University of Science and Technology,Hong Kong University of Science and Technology,hong kong university of science and technology,hong kong science technology university,Hong Kong University of Science and Technology,"fuzzy:0.99, token_key",high,5,122,True,False,True,,
C0019,"Hong Kong University of Science and Technology, Hong Kong",16,delegates; delegates_raw,Hong Kong University of Science and Technology,Hong Kong University of Science and Technology,hong kong university of science and technology,hong kong science technology university,Hong Kong University of Science and Technology,"fuzzy:0.99, token_key",high,5,122,True,False,True,,
C0019,Hong Kong University of Science and Techonology,11,delegates; delegates_raw; delegates_sanitized; geocode_cache; map_locations; speaker_profiles; speaker_profiles_cache; talks,Hong Kong University of Science and Techonology,Hong Kong University of Science and Techonology,hong kong university of science and techonology,hong kong science techonology university,Hong Kong University of Science and Technology,"fuzzy:0.99, token_key",high,5,122,True,False,True,,
C0019,"Hong Kong University of Science and Technology, China",2,delegates; delegates_raw,Hong Kong University of Science and Technology,Hong Kong University of Science and Technology,hong kong university of science and technology,hong kong science technology university,Hong Kong University of Science and Technology,"fuzzy:0.99, token_key",high,5,122,True,False,True,,
C0019,"Hong Kong University of Science and Techonology, Hong Kong",2,delegates; delegates_raw,Hong Kong University of Science and Techonology,Hong Kong University of Science and Techonology,hong kong university of science and techonology,hong kong science techonology university,Hong Kong University of Science and Technology,"fuzzy:0.99, token_key",high,5,122,True,False,True,,
C0636,University of California - San Diego,96,delegates; delegates_raw; delegates_sanitized; emissions; geocode_cache; map_locations; speaker_profiles; speaker_profiles_cache; talks,University of California - San Diego,University of California - San Diego,university of california - san diego,california diego san university,University of California - San Diego,token_key,low,2,116,False,True,True,,
C0636,"University of California - San Diego, United States",20,delegates; delegates_raw,University of California - San Diego,University of California - San Diego,university of california - san diego,california diego san university,University of California - San Diego,token_key,low,2,116,False,True,True,,
C0438,National Oceanic and Atmospheric Administration,102,delegates; delegates_raw; delegates_sanitized; emissions; geocode_cache; map_locations; speaker_profiles; speaker_profiles_cache; talks,National Oceanic and Atmospheric Administration,National Oceanic and Atmospheric Administration,national oceanic and atmospheric administration,administration atmospheric national oceanic,National Oceanic and Atmospheric Administration,token_key,low,2,113,False,True,True,,
C0438,"National Oceanic and Atmospheric Administration, United States",11,delegates; delegates_raw,National Oceanic and Atmospheric Administration,National Oceanic and Atmospheric Administration,national oceanic and atmospheric administration,administration atmospheric national oceanic,National Oceanic and Atmospheric Administration,token_key,low,2,113,False,True,True,,
C0665,University of Melbourne,94,delegates; delegates_raw; delegates_sanitized; emissions; geocode_cache; map_locations; speaker_profiles; speaker_profiles_cache; talks,University of Melbourne,University of Melbourne,university of melbourne,melbourne university,University of Melbourne,token_key,low,2,112,False,True,True,,
C0665,"University of Melbourne, Australia",18,delegates; delegates_raw,University of Melbourne,University of Melbourne,university of melbourne,melbourne university,University of Melbourne,token_key,low,2,112,False,True,True,,
C0117,University of California - Berkeley,97,delegates; delegates_raw; delegates_sanitized; emissions; geocode_cache; map_locations; speaker_profiles; speaker_profiles_cache; talks,University of California - Berkeley,University of California - Berkeley,university of california - berkeley,berkeley california university,University of California - Berkeley,token_key,low,3,111,False,True,True,,
C0117,"University of California - Berkeley, United States",12,delegates; delegates_raw,University of California - Berkeley,University of California - Berkeley,university of california - berkeley,berkeley california university,University of California - Berkeley,token_key,low,3,111,False,True,True,,
C0117,"University of California - Berkeley, India",2,delegates; delegates_raw,University of California - Berkeley,University of California - Berkeley,university of california - berkeley,berkeley california university,University of California - Berkeley,token_key,low,3,111,False,True,True,,
C0705,University of Tokyo,97,delegates; delegates_raw; delegates_sanitized; emissions; geocode_cache; map_locations; speaker_profiles; speaker_profiles_cache; talks,University of Tokyo,University of Tokyo,university of tokyo,tokyo university,University of Tokyo,token_key,low,2,111,False,True,True,,
C0705,"University of Tokyo, Japan",14,delegates; delegates_raw,University of Tokyo,University of Tokyo,university of tokyo,tokyo university,University of Tokyo,token_key,low,2,111,False,True,True,,
C0001,Division of Aquatic Resources - Hawai'i,43,delegates; delegates_raw; delegates_sanitized; emissions; geocode_cache; map_locations; speaker_profiles; speaker_profiles_cache; talks,Division of Aquatic Resources - Hawai'i,Division of Aquatic Resources - Hawai'i,division of aquatic resources - hawaii,aquatic division hawaii resources,Division of Aquatic Resources - Kauaʻi,"fingerprint, fuzzy:0.93, token_key",high,11,108,True,False,True,,
C0001,Hawai'i Division of Aquatic Resources,21,delegates; delegates_raw; delegates_sanitized; geocode_cache; map_locations; speaker_profiles; speaker_profiles_cache; talks,Hawai'i Division of Aquatic Resources,Hawai'i Division of Aquatic Resources,hawaii division of aquatic resources,aquatic division hawaii resources,Division of Aquatic Resources - Kauaʻi,"fingerprint, fuzzy:0.93, token_key",high,11,108,True,False,True,,
C0001,Hawaii Division of Aquatic Resources,10,delegates; delegates_sanitized; emissions; map_locations; talks,Hawaii Division of Aquatic Resources,Hawaii Division of Aquatic Resources,hawaii division of aquatic resources,aquatic division hawaii resources,Division of Aquatic Resources - Kauaʻi,"fingerprint, fuzzy:0.93, token_key",high,11,108,True,False,True,,
C0001,"Division of Aquatic Resources - Hawai'i, United States",7,delegates; delegates_raw,Division of Aquatic Resources - Hawai'i,Division of Aquatic Resources - Hawai'i,division of aquatic resources - hawaii,aquatic division hawaii resources,Division of Aquatic Resources - Kauaʻi,"fingerprint, fuzzy:0.93, token_key",high,11,108,True,False,True,,
C0001,Division of Aquatic Resources - Kauaʻi,6,delegates; delegates_raw; delegates_sanitized; geocode_cache; speaker_profiles; speaker_profiles_cache,Division of Aquatic Resources - Kauaʻi,Division of Aquatic Resources - Kauaʻi,division of aquatic resources - kauai,aquatic division kauai resources,Division of Aquatic Resources - Kauaʻi,"fingerprint, fuzzy:0.93, token_key",high,11,108,True,False,True,,
C0001,"Hawai'i Division of Aquatic Resources, United States",6,delegates; delegates_raw,Hawai'i Division of Aquatic Resources,Hawai'i Division of Aquatic Resources,hawaii division of aquatic resources,aquatic division hawaii resources,Division of Aquatic Resources - Kauaʻi,"fingerprint, fuzzy:0.93, token_key",high,11,108,True,False,True,,
C0001,Hawaiʻi Division of Aquatic Resources,6,delegates_raw; geocode_cache; speaker_profiles; speaker_profiles_cache,Hawaiʻi Division of Aquatic Resources,Hawaiʻi Division of Aquatic Resources,hawaii division of aquatic resources,aquatic division hawaii resources,Division of Aquatic Resources - Kauaʻi,"fingerprint, fuzzy:0.93, token_key",high,11,108,True,False,True,,
C0001,Division of Aquatic Resources - Kauai,5,map_locations; talks,Division of Aquatic Resources - Kauai,Division of Aquatic Resources - Kauai,division of aquatic resources - kauai,aquatic division kauai resources,Division of Aquatic Resources - Kauaʻi,"fingerprint, fuzzy:0.93, token_key",high,11,108,True,False,True,,
C0001,"Division of Aquatic Resources - Kauaʻi, United States",2,delegates; delegates_raw,Division of Aquatic Resources - Kauaʻi,Division of Aquatic Resources - Kauaʻi,division of aquatic resources - kauai,aquatic division kauai resources,Division of Aquatic Resources - Kauaʻi,"fingerprint, fuzzy:0.93, token_key",high,11,108,True,False,True,,
C0001,"Hawaii Division of Aquatic Resources, United States",1,delegates,Hawaii Division of Aquatic Resources,Hawaii Division of Aquatic Resources,hawaii division of aquatic resources,aquatic division hawaii resources,Division of Aquatic Resources - Kauaʻi,"fingerprint, fuzzy:0.93, token_key",high,11,108,True,False,True,,
C0001,"Hawaiʻi Division of Aquatic Resources, United States",1,delegates_raw,Hawaiʻi Division of Aquatic Resources,Hawaiʻi Division of Aquatic Resources,hawaii division of aquatic resources,aquatic division hawaii resources,Division of Aquatic Resources - Kauaʻi,"fingerprint, fuzzy:0.93, token_key",high,11,108,True,False,True,,
C0486,Palau International Coral Reef Center,85,delegates; delegates_raw; delegates_sanitized; emissions; geocode_cache; map_locations; speaker_profiles; speaker_profiles_cache; talks,Palau International Coral Reef Center,Palau International Coral Reef Center,palau international coral reef center,center coral international palau reef,Palau International Coral Reef Center,token_key,low,2,105,False,True,True,,
C0486,"Palau International Coral Reef Center, Palau",20,delegates; delegates_raw,Palau International Coral Reef Center,Palau International Coral Reef Center,palau international coral reef center,center coral international palau reef,Palau International Coral Reef Center,token_key,low,2,105,False,True,True,,
C0692,University of Southern California,86,delegates; delegates_raw; delegates_sanitized; emissions; geocode_cache; map_locations; speaker_profiles; speaker_profiles_cache; talks,University of Southern California,University of Southern California,university of southern california,california southern university,University of Southern California,token_key,low,2,100,False,True,True,,
C0692,"University of Southern California, United States",14,delegates; delegates_raw,University of Southern California,University of Southern California,university of southern california,california southern university,University of Southern California,token_key,low,2,100,False,True,True,,
C0065,Centre Scientifique de Monaco,87,delegates; delegates_raw; delegates_sanitized; emissions; geocode_cache; map_locations; speaker_profiles; speaker_profiles_cache; talks,Centre Scientifique de Monaco,Centre Scientifique de Monaco,centre scientifique de monaco,centre de monaco scientifique,Centre Scientifique de Monaco,token_key,low,3,99,False,True,True,,
C0065,"Centre Scientifique de Monaco, Monaco",10,delegates; delegates_raw,Centre Scientifique de Monaco,Centre Scientifique de Monaco,centre scientifique de monaco,centre de monaco scientifique,Centre Scientifique de Monaco,token_key,low,3,99,False,True,True,,
C0065,"Centre Scientifique de Monaco, France",2,delegates; delegates_raw,Centre Scientifique de Monaco,Centre Scientifique de Monaco,centre scientifique de monaco,centre de monaco scientifique,Centre Scientifique de Monaco,token_key,low,3,99,False,True,True,,
C0299,Helmholtz Institute for Functional Marine Biodiversity,85,delegates; delegates_raw; delegates_sanitized; emissions; geocode_cache; map_locations; speaker_profiles; speaker_profiles_cache; talks,Helmholtz Institute for Functional Marine Biodiversity,Helmholtz Institute for Functional Marine Biodiversity,helmholtz institute for functional marine biodiversity,biodiversity functional helmholtz institute marine,Helmholtz Institute for Functional Marine Biodiversity,token_key,low,2,99,False,True,True,,
C0299,"Helmholtz Institute for Functional Marine Biodiversity, Germany",14,delegates; delegates_raw,Helmholtz Institute for Functional Marine Biodiversity,Helmholtz Institute for Functional Marine Biodiversity,helmholtz institute for functional marine biodiversity,biodiversity functional helmholtz institute marine,Helmholtz Institute for Functional Marine Biodiversity,token_key,low,2,99,False,True,True,,
C0364,Lancaster University,83,delegates; delegates_raw; delegates_sanitized; emissions; geocode_cache; map_locations; speaker_profiles; speaker_profiles_cache; talks,Lancaster University,Lancaster University,lancaster university,lancaster university,Lancaster University,token_key,low,2,95,False,True,True,,
C0364,"Lancaster University, United Kingdom",12,delegates; delegates_raw,Lancaster University,Lancaster University,lancaster university,lancaster university,Lancaster University,token_key,low,2,95,False,True,True,,
C0504,Ramkhamhaeng University,81,delegates; delegates_raw; delegates_sanitized; emissions; geocode_cache; map_locations; speaker_profiles; speaker_profiles_cache; talks,Ramkhamhaeng University,Ramkhamhaeng University,ramkhamhaeng university,ramkhamhaeng university,Ramkhamhaeng University,token_key,low,2,95,False,True,True,,
C0504,"Ramkhamhaeng University, Thailand",14,delegates; delegates_raw,Ramkhamhaeng University,Ramkhamhaeng University,ramkhamhaeng university,ramkhamhaeng university,Ramkhamhaeng University,token_key,low,2,95,False,True,True,,
C0008,Universidad Nacional Autonoma de Mexico,41,delegates; delegates_sanitized; emissions; map_locations; talks,Universidad Nacional Autonoma de Mexico,Universidad Nacional Autonoma de Mexico,universidad nacional autonoma de mexico,autonoma de mexico nacional universidad,Universidad Nacional Autónoma de México,token_key,low,7,94,True,False,True,,
C0008,Universidad Nacional Autónoma de México,27,delegates; delegates_raw; delegates_sanitized; geocode_cache; speaker_profiles; speaker_profiles_cache,Universidad Nacional Autónoma de México,Universidad Nacional Autónoma de México,universidad nacional autonoma de mexico,autonoma de mexico nacional universidad,Universidad Nacional Autónoma de México,token_key,low,7,94,True,False,True,,
C0008,"Universidad Nacional Autónoma de México, Mexico",10,delegates; delegates_raw,Universidad Nacional Autónoma de México,Universidad Nacional Autónoma de México,universidad nacional autonoma de mexico,autonoma de mexico nacional universidad,Universidad Nacional Autónoma de México,token_key,low,7,94,True,False,True,,
C0008,Universidad Nacional Autonoma De Mexico,6,emissions; map_locations; talks,Universidad Nacional Autonoma De Mexico,Universidad Nacional Autonoma De Mexico,universidad nacional autonoma de mexico,autonoma de mexico nacional universidad,Universidad Nacional Autónoma de México,token_key,low,7,94,True,False,True,,
C0008,Universidad Nacional Autónoma De México,6,delegates; delegates_raw; delegates_sanitized; geocode_cache; speaker_profiles; speaker_profiles_cache,Universidad Nacional Autónoma De México,Universidad Nacional Autónoma De México,universidad nacional autonoma de mexico,autonoma de mexico nacional universidad,Universidad Nacional Autónoma de México,token_key,low,7,94,True,False,True,,
C0008,"Universidad Nacional Autonoma de Mexico, Mexico",2,delegates,Universidad Nacional Autonoma de Mexico,Universidad Nacional Autonoma de Mexico,universidad nacional autonoma de mexico,autonoma de mexico nacional universidad,Universidad Nacional Autónoma de México,token_key,low,7,94,True,False,True,,
C0008,"Universidad Nacional Autónoma De México, Mexico",2,delegates; delegates_raw,Universidad Nacional Autónoma De México,Universidad Nacional Autónoma De México,universidad nacional autonoma de mexico,autonoma de mexico nacional universidad,Universidad Nacional Autónoma de México,token_key,low,7,94,True,False,True,,
C0646,University of Derby,86,delegates; delegates_raw; delegates_sanitized; emissions; geocode_cache; map_locations; speaker_profiles; speaker_profiles_cache; talks,University of Derby,University of Derby,university of derby,derby university,University of Derby,token_key,low,2,94,False,True,True,,
C0646,"University of Derby, United Kingdom",8,delegates; delegates_raw,University of Derby,University of Derby,university of derby,derby university,University of Derby,token_key,low,2,94,False,True,True,,
C0048,University of Auckland,78,delegates; delegates_raw; delegates_sanitized; emissions; geocode_cache; geocode_overrides; map_locations; speaker_profiles; speaker_profiles_cache; talks,University of Auckland,University of Auckland,university of auckland,auckland university,University of Auckland,token_key,low,4,93,False,True,True,,
C0048,"University of Auckland, New Zealand",12,delegates; delegates_raw,University of Auckland,University of Auckland,university of auckland,auckland university,University of Auckland,token_key,low,4,93,False,True,True,,
C0048,"University of Auckland, Indonesia",2,delegates; delegates_raw,University of Auckland,University of Auckland,university of auckland,auckland university,University of Auckland,token_key,low,4,93,False,True,True,,
C0048,"University of Auckland, United States",1,delegates,University of Auckland,University of Auckland,university of auckland,auckland university,University of Auckland,token_key,low,4,93,False,True,True,,
C0062,California Academy of Sciences,80,delegates; delegates_raw; delegates_sanitized; emissions; geocode_cache; map_locations; speaker_profiles; speaker_profiles_cache; talks,California Academy of Sciences,California Academy of Sciences,california academy of sciences,academy california sciences,California Academy of Sciences,token_key,low,3,92,False,True,True,,
C0062,"California Academy of Sciences, United States",10,delegates; delegates_raw,California Academy of Sciences,California Academy of Sciences,california academy of sciences,academy california sciences,California Academy of Sciences,token_key,low,3,92,False,True,True,,
C0062,"California Academy of Sciences, Australia",2,delegates; delegates_raw,California Academy of Sciences,California Academy of Sciences,california academy of sciences,academy california sciences,California Academy of Sciences,token_key,low,3,92,False,True,True,,
C0260,Florida Atlantic University,80,delegates; delegates_raw; delegates_sanitized; emissions; geocode_cache; map_locations; speaker_profiles; speaker_profiles_cache; talks,Florida Atlantic University,Florida Atlantic University,florida atlantic university,atlantic florida university,Florida Atlantic University,token_key,low,2,92,False,True,True,,
C0260,"Florida Atlantic University, United States",12,delegates; delegates_raw,Florida Atlantic University,Florida Atlantic University,florida atlantic university,atlantic florida university,Florida Atlantic University,token_key,low,2,92,False,True,True,,
C0680,University of Plymouth,81,delegates; delegates_raw; delegates_sanitized; emissions; geocode_cache; map_locations; speaker_profiles; speaker_profiles_cache; talks,University of Plymouth,University of Plymouth,university of plymouth,plymouth university,University of Plymouth,token_key,low,2,91,False,True,True,,
C0680,"University of Plymouth, United Kingdom",10,delegates; delegates_raw,University of Plymouth,University of Plymouth,university of plymouth,plymouth university,University of Plymouth,token_key,low,2,91,False,True,True,,
C0045,Smithsonian Tropical Research Institute,76,delegates; delegates_raw; delegates_sanitized; emissions; geocode_cache; map_locations; speaker_profiles; speaker_profiles_cache; talks,Smithsonian Tropical Research Institute,Smithsonian Tropical Research Institute,smithsonian tropical research institute,institute research smithsonian tropical,Smithsonian Tropical Research Institute,token_key,low,4,90,False,True,True,,
C0045,"Smithsonian Tropical Research Institute, Panama",10,delegates; delegates_raw,Smithsonian Tropical Research Institute,Smithsonian Tropical Research Institute,smithsonian tropical research institute,institute research smithsonian tropical,Smithsonian Tropical Research Institute,token_key,low,4,90,False,True,True,,
C0045,"Smithsonian Tropical Research Institute, Finland",2,delegates; delegates_raw,Smithsonian Tropical Research Institute,Smithsonian Tropical Research Institute,smithsonian tropical research institute,institute research smithsonian tropical,Smithsonian Tropical Research Institute,token_key,low,4,90,False,True,True,,
C0045,"Smithsonian Tropical Research Institute, United States",2,delegates; delegates_raw,Smithsonian Tropical Research Institute,Smithsonian Tropical Research Institute,smithsonian tropical research institute,institute research smithsonian tropical,Smithsonian Tropical Research Institute,token_key,low,4,90,False,True,True,,
C0130,Academia Sinica,77,delegates; delegates_raw; delegates_sanitized; emissions; geocode_cache; map_locations; speaker_profiles; speaker_profiles_cache; talks,Academia Sinica,Academia Sinica,academia sinica,academia sinica,Academia Sinica,token_key,low,2,89,False,True,True,,
C0130,"Academia Sinica, Taiwan",12,delegates; delegates_raw,Academia Sinica,Academia Sinica,academia sinica,academia sinica,Academia Sinica,token_key,low,2,89,False,True,True,,
C0422,Nanyang Technological University,74,delegates; delegates_raw; delegates_sanitized; emissions; geocode_cache; map_locations; speaker_profiles; speaker_profiles_cache; talks,Nanyang Technological University,Nanyang Technological University,nanyang technological university,nanyang technological university,Nanyang Technological University,token_key,low,2,88,False,True,True,,
C0422,"Nanyang Technological University, Singapore",14,delegates; delegates_raw,Nanyang Technological University,Nanyang Technological University,nanyang technological university,nanyang technological university,Nanyang Technological University,token_key,low,2,88,False,True,True,,
C0659,University of Lisbon,77,delegates; delegates_raw; delegates_sanitized; emissions; geocode_cache; map_locations; speaker_profiles; speaker_profiles_cache; talks,University of Lisbon,University of Lisbon,university of lisbon,lisbon university,University of Lisbon,token_key,low,2,87,False,True,True,,
C0659,"University of Lisbon, Portugal",10,delegates; delegates_raw,University of Lisbon,University of Lisbon,university of lisbon,lisbon university,University of Lisbon,token_key,low,2,87,False,True,True,,
C0052,University of Mauritius,69,delegates; delegates_raw; delegates_sanitized; emissions; geocode_cache; map_locations; speaker_profiles; speaker_profiles_cache; talks,University of Mauritius,University of Mauritius,university of mauritius,mauritius university,University of Mauritius,token_key,high,4,85,True,True,True,,
C0052,"University of Mauritius, Mauritius",8,delegates; delegates_raw,University of Mauritius,University of Mauritius,university of mauritius,mauritius university,University of Mauritius,token_key,high,4,85,True,True,True,,
C0052,University Of Mauritius,6,delegates; delegates_raw; delegates_sanitized; geocode_cache; speaker_profiles; speaker_profiles_cache,University Of Mauritius,University Of Mauritius,university of mauritius,mauritius university,University of Mauritius,token_key,high,4,85,True,True,True,,
C0052,"University Of Mauritius, Mauritius",2,delegates; delegates_raw,University Of Mauritius,University Of Mauritius,university of mauritius,mauritius university,University of Mauritius,token_key,high,4,85,True,True,True,,
C0073,CRIOBE,65,delegates; delegates_raw; delegates_sanitized; geocode_cache; speaker_profiles; speaker_profiles_cache; talks,CRIOBE,CRIOBE,criobe,criobe,CRIOBE,token_key,low,3,85,False,True,True,,
C0073,"CRIOBE, French Polynesia",14,delegates; delegates_raw,CRIOBE,CRIOBE,criobe,criobe,CRIOBE,token_key,low,3,85,False,True,True,,
C0073,"CRIOBE, France",6,delegates; delegates_raw,CRIOBE,CRIOBE,criobe,criobe,CRIOBE,token_key,low,3,85,False,True,True,,
C0632,University of California - Los Angeles,73,delegates; delegates_raw; delegates_sanitized; emissions; geocode_cache; map_locations; speaker_profiles; speaker_profiles_cache; talks,University of California - Los Angeles,University of California - Los Angeles,university of california - los angeles,angeles california los university,University of California - Los Angeles,token_key,low,2,85,False,True,True,,
C0632,"University of California - Los Angeles, United States",12,delegates; delegates_raw,University of California - Los Angeles,University of California - Los Angeles,university of california - los angeles,angeles california los university,University of California - Los Angeles,token_key,low,2,85,False,True,True,,
C0376,Macquarie University,74,delegates; delegates_raw; delegates_sanitized; emissions; geocode_cache; map_locations; speaker_profiles; speaker_profiles_cache; talks,Macquarie University,Macquarie University,macquarie university,macquarie university,Macquarie University,token_key,low,2,84,False,True,True,,
C0376,"Macquarie University, Australia",10,delegates; delegates_raw,Macquarie University,Macquarie University,macquarie university,macquarie university,Macquarie University,token_key,low,2,84,False,True,True,,
C0683,University of Rhode Island,69,delegates; delegates_raw; delegates_sanitized; emissions; geocode_cache; map_locations; speaker_profiles; speaker_profiles_cache; talks,University of Rhode Island,University of Rhode Island,university of rhode island,island rhode university,University of Rhode Island,token_key,low,2,79,False,True,True,,
C0683,"University of Rhode Island, United States",10,delegates; delegates_raw,University of Rhode Island,University of Rhode Island,university of rhode island,island rhode university,University of Rhode Island,token_key,low,2,79,False,True,True,,
C0371,Louisiana State University,65,delegates; delegates_raw; delegates_sanitized; emissions; geocode_cache; map_locations; speaker_profiles; speaker_profiles_cache; talks,Louisiana State University,Louisiana State University,louisiana state university,louisiana state university,Louisiana State University,token_key,low,2,77,False,True,True,,
C0371,"Louisiana State University, United States",12,delegates; delegates_raw,Louisiana State University,Louisiana State University,louisiana state university,louisiana state university,Louisiana State University,token_key,low,2,77,False,True,True,,
C0309,IHPE,66,delegates; delegates_raw; delegates_sanitized; geocode_cache; map_locations; speaker_profiles; speaker_profiles_cache; talks,IHPE,IHPE,ihpe,ihpe,IHPE,token_key,low,2,76,False,True,True,,
C0309,"IHPE, France",10,delegates; delegates_raw,IHPE,IHPE,ihpe,ihpe,IHPE,token_key,low,2,76,False,True,True,,
C0501,Queensland University of Technology,67,delegates; delegates_raw; delegates_sanitized; emissions; geocode_cache; map_locations; speaker_profiles; speaker_profiles_cache; talks,Queensland University of Technology,Queensland University of Technology,queensland university of technology,queensland technology university,Queensland University of Technology,token_key,low,2,76,False,True,True,,
C0501,"Queensland University of Technology, Australia",9,delegates; delegates_raw,Queensland University of Technology,Queensland University of Technology,queensland university of technology,queensland technology university,Queensland University of Technology,token_key,low,2,76,False,True,True,,
C0489,Pennsylvania State University,67,delegates; delegates_raw; delegates_sanitized; emissions; geocode_cache; map_locations; speaker_profiles; speaker_profiles_cache; talks,Pennsylvania State University,Pennsylvania State University,pennsylvania state university,pennsylvania state university,Pennsylvania State University,token_key,low,2,75,False,True,True,,
C0489,"Pennsylvania State University, United States",8,delegates; delegates_raw,Pennsylvania State University,Pennsylvania State University,pennsylvania state university,pennsylvania state university,Pennsylvania State University,token_key,low,2,75,False,True,True,,
C0554,South China Sea Institute of Oceanology,63,delegates; delegates_raw; delegates_sanitized; geocode_cache; map_locations; speaker_profiles; speaker_profiles_cache; talks,South China Sea Institute of Oceanology,South China Sea Institute of Oceanology,south china sea institute of oceanology,china institute oceanology sea south,South China Sea Institute of Oceanology,token_key,low,2,75,False,True,True,,
C0554,"South China Sea Institute of Oceanology, China",12,delegates; delegates_raw,South China Sea Institute of Oceanology,South China Sea Institute of Oceanology,south china sea institute of oceanology,china institute oceanology sea south,South China Sea Institute of Oceanology,token_key,low,2,75,False,True,True,,
C0560,Stanford University,65,delegates; delegates_raw; delegates_sanitized; emissions; geocode_cache; map_locations; speaker_profiles; speaker_profiles_cache; talks,Stanford University,Stanford University,stanford university,stanford university,Stanford University,token_key,low,2,75,False,True,True,,
C0560,"Stanford University, United States",10,delegates; delegates_raw,Stanford University,Stanford University,stanford university,stanford university,Stanford University,token_key,low,2,75,False,True,True,,
C0153,Bar-Ilan University,63,delegates; delegates_raw; delegates_sanitized; emissions; geocode_cache; map_locations; speaker_profiles; speaker_profiles_cache; talks,Bar-Ilan University,Bar-Ilan University,bar-ilan university,bar ilan university,Bar-Ilan University,token_key,low,2,71,False,True,True,,
C0153,"Bar-Ilan University, Israel",8,delegates; delegates_raw,Bar-Ilan University,Bar-Ilan University,bar-ilan university,bar ilan university,Bar-Ilan University,token_key,low,2,71,False,True,True,,
C0622,University of Alberta,63,delegates; delegates_raw; delegates_sanitized; emissions; geocode_cache; map_locations; speaker_profiles; speaker_profiles_cache; talks,University of Alberta,University of Alberta,university of alberta,alberta university,University of Alberta,token_key,low,2,71,False,True,True,,
C0622,"University of Alberta, Canada",8,delegates; delegates_raw,University of Alberta,University of Alberta,university of alberta,alberta university,University of Alberta,token_key,low,2,71,False,True,True,,
C0624,University of Arizona,60,delegates; delegates_raw; delegates_sanitized; emissions; geocode_cache; map_locations; speaker_profiles; speaker_profiles_cache; talks,University of Arizona,University of Arizona,university of arizona,arizona university,University of Arizona,token_key,low,2,68,False,True,True,,
C0624,"University of Arizona, United States",8,delegates; delegates_raw,University of Arizona,University of Arizona,university of arizona,arizona university,University of Arizona,token_key,low,2,68,False,True,True,,
C0145,Auckland University of Technology,53,delegates; delegates_raw; delegates_sanitized; emissions; geocode_cache; geocode_overrides; map_locations; speaker_profiles; speaker_profiles_cache; talks,Auckland University of Technology,Auckland University of Technology,auckland university of technology,auckland technology university,Auckland University of Technology,token_key,low,2,66,False,True,True,,
C0145,"Auckland University of Technology, New Zealand",13,delegates; delegates_raw; geocode_cache,Auckland University of Technology,Auckland University of Technology,auckland university of technology,auckland technology university,Auckland University of Technology,token_key,low,2,66,False,True,True,,
C0220,"CRIOBE, Reunion",64,emissions; map_locations,"CRIOBE, Reunion","CRIOBE, Reunion","criobe, reunion",criobe reunion,"CRIOBE, Réunion",token_key,high,2,66,True,True,True,,
C0220,"CRIOBE, Réunion",2,delegates; delegates_raw,"CRIOBE, Réunion","CRIOBE, Réunion","criobe, reunion",criobe reunion,"CRIOBE, Réunion",token_key,high,2,66,True,True,True,,
C0619,University of Alabama,58,delegates; delegates_raw; delegates_sanitized; emissions; geocode_cache; map_locations; speaker_profiles; speaker_profiles_cache; talks,University of Alabama,University of Alabama,university of alabama,alabama university,University of Alabama,token_key,low,2,66,False,True,True,,
C0619,"University of Alabama, United States",8,delegates; delegates_raw,University of Alabama,University of Alabama,university of alabama,alabama university,University of Alabama,token_key,low,2,66,False,True,True,,
C0547,Silliman University,57,delegates; delegates_raw; delegates_sanitized; emissions; geocode_cache; map_locations; speaker_profiles; speaker_profiles_cache; talks,Silliman University,Silliman University,silliman university,silliman university,Silliman University,token_key,low,2,65,False,True,True,,
C0547,"Silliman University, Philippines",8,delegates; delegates_raw,Silliman University,Silliman University,silliman university,silliman university,Silliman University,token_key,low,2,65,False,True,True,,
C0628,University of Bristol,57,delegates; delegates_raw; delegates_sanitized; emissions; geocode_cache; map_locations; speaker_profiles; speaker_profiles_cache; talks,University of Bristol,University of Bristol,university of bristol,bristol university,University of Bristol,token_key,low,2,65,False,True,True,,
C0628,"University of Bristol, United Kingdom",8,delegates; delegates_raw,University of Bristol,University of Bristol,university of bristol,bristol university,University of Bristol,token_key,low,2,65,False,True,True,,
C0012,Cooperative Institute for Marine and Atmospheric Research,36,delegates; delegates_raw; delegates_sanitized; geocode_cache; map_locations; speaker_profiles; speaker_profiles_cache; talks,Cooperative Institute for Marine and Atmospheric Research,Cooperative Institute for Marine and Atmospheric Research,cooperative institute for marine and atmospheric research,atmospheric cooperative institute marine research,Cooperative Institute for Marine and Atmospheric Research,"fingerprint, token_key",low,6,64,True,False,True,,
C0012,Cooperative Institute of Marine and Atmospheric Research,10,delegates; delegates_raw; delegates_sanitized; geocode_cache; map_locations; speaker_profiles; speaker_profiles_cache; talks,Cooperative Institute of Marine and Atmospheric Research,Cooperative Institute of Marine and Atmospheric Research,cooperative institute of marine and atmospheric research,atmospheric cooperative institute marine research,Cooperative Institute for Marine and Atmospheric Research,"fingerprint, token_key",low,6,64,True,False,True,,
C0012,"Cooperative Institute for Marine and Atmospheric Research, United States",8,delegates; delegates_raw,Cooperative Institute for Marine and Atmospheric Research,Cooperative Institute for Marine and Atmospheric Research,cooperative institute for marine and atmospheric research,atmospheric cooperative institute marine research,Cooperative Institute for Marine and Atmospheric Research,"fingerprint, token_key",low,6,64,True,False,True,,
C0012,Cooperative Institute Of Marine and Atmospheric Research,6,delegates; delegates_raw; delegates_sanitized; geocode_cache; speaker_profiles; speaker_profiles_cache,Cooperative Institute Of Marine and Atmospheric Research,Cooperative Institute Of Marine and Atmospheric Research,cooperative institute of marine and atmospheric research,atmospheric cooperative institute marine research,Cooperative Institute for Marine and Atmospheric Research,"fingerprint, token_key",low,6,64,True,False,True,,
C0012,"Cooperative Institute Of Marine and Atmospheric Research, United States",2,delegates; delegates_raw,Cooperative Institute Of Marine and Atmospheric Research,Cooperative Institute Of Marine and Atmospheric Research,cooperative institute of marine and atmospheric research,atmospheric cooperative institute marine research,Cooperative Institute for Marine and Atmospheric Research,"fingerprint, token_key",low,6,64,True,False,True,,
C0012,"Cooperative Institute of Marine and Atmospheric Research, United States",2,delegates; delegates_raw,Cooperative Institute of Marine and Atmospheric Research,Cooperative Institute of Marine and Atmospheric Research,cooperative institute of marine and atmospheric research,atmospheric cooperative institute marine research,Cooperative Institute for Marine and Atmospheric Research,"fingerprint, token_key",low,6,64,True,False,True,,
C0017,University of the Virgin Islands Virgin Islands (U.S.),53,delegates; delegates_sanitized; emissions; map_locations,University of the Virgin Islands Virgin Islands (U.S.),University of the Virgin Islands Virgin Islands (U.S.),university of the virgin islands virgin islands (u.s.),islands islands s u university virgin virgin,University of the Virgin Islands Virgin Islands (U.S.),token_key,low,6,64,False,True,True,,
C0017,"University of the Virgin Islands Virgin Islands (U.S.), United States",7,delegates,University of the Virgin Islands Virgin Islands (U.S.),University of the Virgin Islands Virgin Islands (U.S.),university of the virgin islands virgin islands (u.s.),islands islands s u university virgin virgin,University of the Virgin Islands Virgin Islands (U.S.),token_key,low,6,64,False,True,True,,
C0017,"University of the Virgin Islands Virgin Islands (U.S.), Australia",1,delegates,University of the Virgin Islands Virgin Islands (U.S.),University of the Virgin Islands Virgin Islands (U.S.),university of the virgin islands virgin islands (u.s.),islands islands s u university virgin virgin,University of the Virgin Islands Virgin Islands (U.S.),token_key,low,6,64,False,True,True,,
C0017,"University of the Virgin Islands Virgin Islands (U.S.), Brazil",1,delegates,University of the Virgin Islands Virgin Islands (U.S.),University of the Virgin Islands Virgin Islands (U.S.),university of the virgin islands virgin islands (u.s.),islands islands s u university virgin virgin,University of the Virgin Islands Virgin Islands (U.S.),token_key,low,6,64,False,True,True,,
C0017,"University of the Virgin Islands Virgin Islands (U.S.), Ecuador",1,delegates,University of the Virgin Islands Virgin Islands (U.S.),University of the Virgin Islands Virgin Islands (U.S.),university of the virgin islands virgin islands (u.s.),islands islands s u university virgin virgin,University of the Virgin Islands Virgin Islands (U.S.),token_key,low,6,64,False,True,True,,
C0017,"University of the Virgin Islands Virgin Islands (U.S.), New Zealand",1,delegates,University of the Virgin Islands Virgin Islands (U.S.),University of the Virgin Islands Virgin Islands (U.S.),university of the virgin islands virgin islands (u.s.),islands islands s u university virgin virgin,University of the Virgin Islands Virgin Islands (U.S.),token_key,low,6,64,False,True,True,,
C0610,Universidade Federal do Rio Grande do Norte,54,delegates; delegates_raw; delegates_sanitized; emissions; geocode_cache; map_locations; speaker_profiles; speaker_profiles_cache; talks,Universidade Federal do Rio Grande do Norte,Universidade Federal do Rio Grande do Norte,universidade federal do rio grande do norte,do do federal grande norte rio universidade,Universidade Federal do Rio Grande do Norte,token_key,low,2,64,False,True,True,,
C0610,"Universidade Federal do Rio Grande do Norte, Brazil",10,delegates; delegates_raw,Universidade Federal do Rio Grande do Norte,Universidade Federal do Rio Grande do Norte,universidade federal do rio grande do norte,do do federal grande norte rio universidade,Universidade Federal do Rio Grande do Norte,token_key,low,2,64,False,True,True,,
C0367,Leibniz Centre for Tropical Marine Research,53,delegates; delegates_raw; delegates_sanitized; geocode_cache; map_locations; speaker_profiles; speaker_profiles_cache; talks,Leibniz Centre for Tropical Marine Research,Leibniz Centre for Tropical Marine Research,leibniz centre for tropical marine research,centre leibniz marine research tropical,Leibniz Centre for Tropical Marine Research,token_key,low,2,63,False,True,True,,
C0367,"Leibniz Centre for Tropical Marine Research, Germany",10,delegates; delegates_raw,Leibniz Centre for Tropical Marine Research,Leibniz Centre for Tropical Marine Research,leibniz centre for tropical marine research,centre leibniz marine research tropical,Leibniz Centre for Tropical Marine Research,token_key,low,2,63,False,True,True,,
C0674,University of New South Wales,54,delegates; delegates_raw; delegates_sanitized; emissions; geocode_cache; map_locations; speaker_profiles; speaker_profiles_cache; talks,University of New South Wales,University of New South Wales,university of new south wales,new south university wales,University of New South Wales,token_key,low,2,62,False,True,True,,
C0674,"University of New South Wales, Australia",8,delegates; delegates_raw,University of New South Wales,University of New South Wales,university of new south wales,new south university wales,University of New South Wales,token_key,low,2,62,False,True,True,,
C0115,University of Amsterdam,54,delegates; delegates_raw; delegates_sanitized; emissions; geocode_cache; map_locations; speaker_profiles; speaker_profiles_cache; talks,University of Amsterdam,University of Amsterdam,university of amsterdam,amsterdam university,University of Amsterdam,token_key,low,3,61,False,True,True,,
C0115,"University of Amsterdam, Netherlands",6,delegates; delegates_raw,University of Amsterdam,University of Amsterdam,university of amsterdam,amsterdam university,University of Amsterdam,token_key,low,3,61,False,True,True,,
C0115,"University of Amsterdam, United Kingdom",1,delegates,University of Amsterdam,University of Amsterdam,university of amsterdam,amsterdam university,University of Amsterdam,token_key,low,3,61,False,True,True,,
C0009,University of Hawai'i - Hilo,33,delegates; delegates_raw; delegates_sanitized; emissions; geocode_cache; map_locations; speaker_profiles; speaker_profiles_cache; talks,University of Hawai'i - Hilo,University of Hawai'i - Hilo,university of hawaii - hilo,hawaii hilo university,University of Hawaiʻi - Hilo,token_key,high,7,60,True,False,True,,
C0009,University of Hawaii at Hilo,10,emissions; map_locations; talks,University of Hawaii at Hilo,University of Hawaii at Hilo,university of hawaii - hilo,hawaii hilo university,University of Hawaiʻi - Hilo,token_key,high,7,60,True,False,True,,
C0009,"University of Hawai'i - Hilo, United States",7,delegates; delegates_raw,University of Hawai'i - Hilo,University of Hawai'i - Hilo,university of hawaii - hilo,hawaii hilo university,University of Hawaiʻi - Hilo,token_key,high,7,60,True,False,True,,
C0009,University of Hawaiʻi - Hilo,4,delegates_raw; geocode_cache; speaker_profiles; speaker_profiles_cache,University of Hawaiʻi - Hilo,University of Hawaiʻi - Hilo,university of hawaii - hilo,hawaii hilo university,University of Hawaiʻi - Hilo,token_key,high,7,60,True,False,True,,
C0009,University of Hawaiʻi at Hilo,4,geocode_cache; geocode_overrides; speaker_profiles; speaker_profiles_cache,University of Hawaiʻi at Hilo,University of Hawaiʻi at Hilo,university of hawaii - hilo,hawaii hilo university,University of Hawaiʻi - Hilo,token_key,high,7,60,True,False,True,,
C0009,University of Hawaii - Hilo,1,talks,University of Hawaii - Hilo,University of Hawaii - Hilo,university of hawaii - hilo,hawaii hilo university,University of Hawaiʻi - Hilo,token_key,high,7,60,True,False,True,,
C0009,"University of Hawaiʻi - Hilo, United States",1,delegates_raw,University of Hawaiʻi - Hilo,University of Hawaiʻi - Hilo,university of hawaii - hilo,hawaii hilo university,University of Hawaiʻi - Hilo,token_key,high,7,60,True,False,True,,
C0275,Georgia Institute of Technology,51,delegates; delegates_raw; delegates_sanitized; emissions; geocode_cache; map_locations; speaker_profiles; speaker_profiles_cache; talks,Georgia Institute of Technology,Georgia Institute of Technology,georgia institute of technology,georgia institute technology,Georgia Institute of Technology,token_key,low,2,60,False,True,True,,
C0275,"Georgia Institute of Technology, United States",9,delegates; delegates_raw,Georgia Institute of Technology,Georgia Institute of Technology,georgia institute of technology,georgia institute technology,Georgia Institute of Technology,token_key,low,2,60,False,True,True,,
C0640,University of Cambridge,52,delegates; delegates_raw; delegates_sanitized; emissions; geocode_cache; map_locations; speaker_profiles; speaker_profiles_cache; talks,University of Cambridge,University of Cambridge,university of cambridge,cambridge university,University of Cambridge,token_key,low,2,60,False,True,True,,
C0640,"University of Cambridge, United Kingdom",8,delegates; delegates_raw,University of Cambridge,University of Cambridge,university of cambridge,cambridge university,University of Cambridge,token_key,low,2,60,False,True,True,,
C0027,Carl Von Ossietzky University of Oldenburg,28,delegates; delegates_raw; delegates_sanitized; emissions; geocode_cache; map_locations; speaker_profiles; speaker_profiles_cache; talks,Carl Von Ossietzky University of Oldenburg,Carl Von Ossietzky University of Oldenburg,carl von ossietzky university of oldenburg,carl oldenburg ossietzky university von,Carl-von-Ossietzky University of Oldenburg,"fingerprint, token_key",low,4,59,True,False,True,,
C0027,Carl-von-Ossietzky University of Oldenburg,27,delegates; delegates_raw; delegates_sanitized; emissions; geocode_cache; map_locations; speaker_profiles; speaker_profiles_cache; talks,Carl-von-Ossietzky University of Oldenburg,Carl-von-Ossietzky University of Oldenburg,carl-von-ossietzky university of oldenburg,carl oldenburg ossietzky university von,Carl-von-Ossietzky University of Oldenburg,"fingerprint, token_key",low,4,59,True,False,True,,
C0027,"Carl Von Ossietzky University of Oldenburg, Germany",2,delegates; delegates_raw,Carl Von Ossietzky University of Oldenburg,Carl Von Ossietzky University of Oldenburg,carl von ossietzky university of oldenburg,carl oldenburg ossietzky university von,Carl-von-Ossietzky University of Oldenburg,"fingerprint, token_key",low,4,59,True,False,True,,
C0027,"Carl-von-Ossietzky University of Oldenburg, Germany",2,delegates; delegates_raw,Carl-von-Ossietzky University of Oldenburg,Carl-von-Ossietzky University of Oldenburg,carl-von-ossietzky university of oldenburg,carl oldenburg ossietzky university von,Carl-von-Ossietzky University of Oldenburg,"fingerprint, token_key",low,4,59,True,False,True,,
C0090,National Taiwan Ocean University,53,delegates; delegates_raw; delegates_sanitized; emissions; geocode_cache; map_locations; speaker_profiles; speaker_profiles_cache; talks,National Taiwan Ocean University,National Taiwan Ocean University,national taiwan ocean university,national ocean taiwan university,National Taiwan Ocean University,token_key,low,3,59,False,True,True,,
C0090,"National Taiwan Ocean University, Taiwan",4,delegates; delegates_raw,National Taiwan Ocean University,National Taiwan Ocean University,national taiwan ocean university,national ocean taiwan university,National Taiwan Ocean University,token_key,low,3,59,False,True,True,,
C0090,"National Taiwan Ocean University, Malaysia",2,delegates; delegates_raw,National Taiwan Ocean University,National Taiwan Ocean University,national taiwan ocean university,national ocean taiwan university,National Taiwan Ocean University,token_key,low,3,59,False,True,True,,
C0091,North Carolina State University,51,delegates; delegates_raw; delegates_sanitized; emissions; geocode_cache; map_locations; speaker_profiles; speaker_profiles_cache; talks,North Carolina State University,North Carolina State University,north carolina state university,carolina north state university,North Carolina State University,token_key,low,3,59,False,True,True,,
C0091,"North Carolina State University, United States",6,delegates; delegates_raw,North Carolina State University,North Carolina State University,north carolina state university,carolina north state university,North Carolina State University,token_key,low,3,59,False,True,True,,
C0091,"North Carolina State University, El Salvador",2,delegates; delegates_raw,North Carolina State University,North Carolina State University,north carolina state university,carolina north state university,North Carolina State University,token_key,low,3,59,False,True,True,,
C0186,Chinese University of Hong Kong,53,delegates; delegates_raw; delegates_sanitized; emissions; geocode_cache; geocode_overrides; map_locations; speaker_profiles; speaker_profiles_cache; talks,Chinese University of Hong Kong,Chinese University of Hong Kong,chinese university of hong kong,chinese hong kong university,Chinese University of Hong Kong,token_key,low,2,59,False,True,True,,
C0186,"Chinese University of Hong Kong, Hong Kong",6,delegates; delegates_raw,Chinese University of Hong Kong,Chinese University of Hong Kong,chinese university of hong kong,chinese hong kong university,Chinese University of Hong Kong,token_key,low,2,59,False,True,True,,
C0224,Curtin University,51,delegates; delegates_raw; delegates_sanitized; emissions; geocode_cache; map_locations; speaker_profiles; speaker_profiles_cache; talks,Curtin University,Curtin University,curtin university,curtin university,Curtin University,token_key,low,2,59,False,True,True,,
C0224,"Curtin University, Australia",8,delegates; delegates_raw,Curtin University,Curtin University,curtin university,curtin university,Curtin University,token_key,low,2,59,False,True,True,,
C0294,Hawai'i Pacific University,55,delegates; delegates_raw; delegates_sanitized; emissions; geocode_cache; map_locations; speaker_profiles; speaker_profiles_cache; talks,Hawai'i Pacific University,Hawai'i Pacific University,hawaii pacific university,hawaii pacific university,Hawai'i Pacific University,token_key,low,2,59,False,True,True,,
C0294,"Hawai'i Pacific University, United States",4,delegates; delegates_raw,Hawai'i Pacific University,Hawai'i Pacific University,hawaii pacific university,hawaii pacific university,Hawai'i Pacific University,token_key,low,2,59,False,True,True,,
C0722,Wageningen University,50,delegates; delegates_raw; delegates_sanitized; emissions; geocode_cache; map_locations; speaker_profiles; speaker_profiles_cache; talks,Wageningen University,Wageningen University,wageningen university,university wageningen,Wageningen University,token_key,low,2,58,False,True,True,,
C0722,"Wageningen University, Netherlands",8,delegates; delegates_raw,Wageningen University,Wageningen University,wageningen university,university wageningen,Wageningen University,token_key,low,2,58,False,True,True,,
C0022,University of Otago,32,delegates; delegates_raw; delegates_sanitized; emissions; geocode_cache; map_locations; speaker_profiles; speaker_profiles_cache; talks,University of Otago,University of Otago,university of otago,otago university,University of Otago,"fingerprint, token_key",high,5,57,True,False,True,,
C0022,Otago University,17,delegates; delegates_raw; delegates_sanitized; emissions; geocode_cache; map_locations; speaker_profiles; speaker_profiles_cache; talks,Otago University,Otago University,otago university,otago university,University of Otago,"fingerprint, token_key",high,5,57,True,False,True,,
C0022,"University of Otago, New Zealand",4,delegates; delegates_raw,University of Otago,University of Otago,university of otago,otago university,University of Otago,"fingerprint, token_key",high,5,57,True,False,True,,
C0022,"Otago University, New Zealand",2,delegates; delegates_raw,Otago University,Otago University,otago university,otago university,University of Otago,"fingerprint, token_key",high,5,57,True,False,True,,
C0022,"University of Otago, Fiji",2,delegates; delegates_raw,University of Otago,University of Otago,university of otago,otago university,University of Otago,"fingerprint, token_key",high,5,57,True,False,True,,
C0276,Georgia Southern University,51,delegates; delegates_raw; delegates_sanitized; emissions; geocode_cache; map_locations; speaker_profiles; speaker_profiles_cache; talks,Georgia Southern University,Georgia Southern University,georgia southern university,georgia southern university,Georgia Southern University,token_key,low,2,57,False,True,True,,
C0276,"Georgia Southern University, United States",6,delegates; delegates_raw,Georgia Southern University,Georgia Southern University,georgia southern university,georgia southern university,Georgia Southern University,token_key,low,2,57,False,True,True,,
C0432,National Institute of Advanced Industrial Science and Technology,49,delegates; delegates_raw; delegates_sanitized; emissions; geocode_cache; map_locations; speaker_profiles; speaker_profiles_cache; talks,National Institute of Advanced Industrial Science and Technology,National Institute of Advanced Industrial Science and Technology,national institute of advanced industrial science and technology,advanced industrial institute national science technology,National Institute of Advanced Industrial Science and Technology,token_key,low,2,57,False,True,True,,
C0432,"National Institute of Advanced Industrial Science and Technology, Japan",8,delegates; delegates_raw,National Institute of Advanced Industrial Science and Technology,National Institute of Advanced Industrial Science and Technology,national institute of advanced industrial science and technology,advanced industrial institute national science technology,National Institute of Advanced Industrial Science and Technology,token_key,low,2,57,False,True,True,,
C0455,New York University - Abu Dhabi,47,delegates; delegates_raw; delegates_sanitized; emissions; geocode_cache; map_locations; speaker_profiles; speaker_profiles_cache; talks,New York University - Abu Dhabi,New York University - Abu Dhabi,new york university - abu dhabi,abu dhabi new university york,New York University - Abu Dhabi,token_key,low,2,57,False,True,True,,
C0455,"New York University - Abu Dhabi, United Arab Emirates",10,delegates; delegates_raw,New York University - Abu Dhabi,New York University - Abu Dhabi,new york university - abu dhabi,abu dhabi new university york,New York University - Abu Dhabi,token_key,low,2,57,False,True,True,,
C0630,University of California - Davis,48,delegates; delegates_raw; delegates_sanitized; emissions; geocode_cache; map_locations; speaker_profiles; speaker_profiles_cache; talks,University of California - Davis,University of California - Davis,university of california - davis,california davis university,University of California - Davis,token_key,low,2,56,False,True,True,,
C0630,"University of California - Davis, United States",8,delegates; delegates_raw,University of California - Davis,University of California - Davis,university of california - davis,california davis university,University of California - Davis,token_key,low,2,56,False,True,True,,
C0044,SECORE International,44,delegates; delegates_raw; delegates_sanitized; emissions; geocode_cache; map_locations; speaker_profiles; speaker_profiles_cache; talks,SECORE International,SECORE International,secore international,international secore,SECORE International,token_key,low,4,54,False,True,True,,
C0044,"SECORE International, Mauritius",4,delegates; delegates_raw,SECORE International,SECORE International,secore international,international secore,SECORE International,token_key,low,4,54,False,True,True,,
C0044,"SECORE International, United States",4,delegates; delegates_raw,SECORE International,SECORE International,secore international,international secore,SECORE International,token_key,low,4,54,False,True,True,,
C0044,"SECORE International, Mexico",2,delegates; delegates_raw,SECORE International,SECORE International,secore international,international secore,SECORE International,token_key,low,4,54,False,True,True,,
C0092,Oregon State University,46,delegates; delegates_raw; delegates_sanitized; emissions; geocode_cache; map_locations; speaker_profiles; speaker_profiles_cache; talks,Oregon State University,Oregon State University,oregon state university,oregon state university,Oregon State University,token_key,low,3,53,False,True,True,,
C0092,"Oregon State University, United States",6,delegates; delegates_raw,Oregon State University,Oregon State University,oregon state university,oregon state university,Oregon State University,token_key,low,3,53,False,True,True,,
C0092,"Oregon State University, Guam",1,delegates,Oregon State University,Oregon State University,oregon state university,oregon state university,Oregon State University,token_key,low,3,53,False,True,True,,
C0717,University of Wollongong,45,delegates; delegates_raw; delegates_sanitized; emissions; geocode_cache; map_locations; speaker_profiles; speaker_profiles_cache; talks,University of Wollongong,University of Wollongong,university of wollongong,university wollongong,University of Wollongong,token_key,low,2,53,False,True,True,,
C0717,"University of Wollongong, Australia",8,delegates; delegates_raw,University of Wollongong,University of Wollongong,university of wollongong,university wollongong,University of Wollongong,token_key,low,2,53,False,True,True,,
C0007,Institut de recherche pour le Developpement,17,emissions; map_locations; talks,Institut de recherche pour le Developpement,Institut de recherche pour le Developpement,institut de recherche pour le developpement,de developpement institut le pour recherche,Institut de recherche pour le Développement,token_key,high,7,52,True,False,True,,
C0007,Institut de Recherche pour le Developpement,12,emissions; map_locations; talks,Institut de Recherche pour le Developpement,Institut de Recherche pour le Developpement,institut de recherche pour le developpement,de developpement institut le pour recherche,Institut de recherche pour le Développement,token_key,high,7,52,True,False,True,,
C0007,Institut de recherche pour le Développement,11,delegates; delegates_raw; delegates_sanitized; geocode_cache; speaker_profiles; speaker_profiles_cache,Institut de recherche pour le Développement,Institut de recherche pour le Développement,institut de recherche pour le developpement,de developpement institut le pour recherche,Institut de recherche pour le Développement,token_key,high,7,52,True,False,True,,
C0007,Institut de Recherche pour le Développement,6,delegates; delegates_raw; delegates_sanitized; geocode_cache; speaker_profiles; speaker_profiles_cache,Institut de Recherche pour le Développement,Institut de Recherche pour le Développement,institut de recherche pour le developpement,de developpement institut le pour recherche,Institut de recherche pour le Développement,token_key,high,7,52,True,False,True,,
C0007,"Institut de Recherche pour le Développement, New Caledonia",2,delegates; delegates_raw,Institut de Recherche pour le Développement,Institut de Recherche pour le Développement,institut de recherche pour le developpement,de developpement institut le pour recherche,Institut de recherche pour le Développement,token_key,high,7,52,True,False,True,,
C0007,"Institut de recherche pour le Développement, France",2,delegates; delegates_raw,Institut de recherche pour le Développement,Institut de recherche pour le Développement,institut de recherche pour le developpement,de developpement institut le pour recherche,Institut de recherche pour le Développement,token_key,high,7,52,True,False,True,,
C0007,"Institut de recherche pour le Développement, New Caledonia",2,delegates; delegates_raw,Institut de recherche pour le Développement,Institut de recherche pour le Développement,institut de recherche pour le developpement,de developpement institut le pour recherche,Institut de recherche pour le Développement,token_key,high,7,52,True,False,True,,
C0700,University of Texas - Arlington,44,delegates; delegates_raw; delegates_sanitized; emissions; geocode_cache; map_locations; speaker_profiles; speaker_profiles_cache; talks,University of Texas - Arlington,University of Texas - Arlington,university of texas - arlington,arlington texas university,University of Texas - Arlington,token_key,low,2,52,False,True,True,,
C0700,"University of Texas - Arlington, United States",8,delegates; delegates_raw,University of Texas - Arlington,University of Texas - Arlington,university of texas - arlington,arlington texas university,University of Texas - Arlington,token_key,low,2,52,False,True,True,,
C0010,University of Puerto Rico - Mayaguez,28,emissions; geocode_cache; map_locations; speaker_profiles; speaker_profiles_cache; talks,University of Puerto Rico - Mayaguez,University of Puerto Rico - Mayaguez,university of puerto rico - mayaguez,mayaguez puerto rico university,University of Puerto Rico - Mayagüez,token_key,high,7,51,True,False,True,,
C0010,University of Puerto Rico at Mayaguez,9,delegates; delegates_sanitized; emissions; map_locations; talks,University of Puerto Rico at Mayaguez,University of Puerto Rico at Mayaguez,university of puerto rico - mayaguez,mayaguez puerto rico university,University of Puerto Rico - Mayagüez,token_key,high,7,51,True,False,True,,
C0010,University of Puerto Rico - Mayagüez,6,delegates; delegates_raw; delegates_sanitized; geocode_cache; speaker_profiles; speaker_profiles_cache,University of Puerto Rico - Mayagüez,University of Puerto Rico - Mayagüez,university of puerto rico - mayaguez,mayaguez puerto rico university,University of Puerto Rico - Mayagüez,token_key,high,7,51,True,False,True,,
C0010,University of Puerto Rico at Mayagüez,4,delegates_raw; geocode_cache; speaker_profiles; speaker_profiles_cache,University of Puerto Rico at Mayagüez,University of Puerto Rico at Mayagüez,university of puerto rico - mayaguez,mayaguez puerto rico university,University of Puerto Rico - Mayagüez,token_key,high,7,51,True,False,True,,
C0010,"University of Puerto Rico - Mayagüez, Puerto Rico",2,delegates; delegates_raw,University of Puerto Rico - Mayagüez,University of Puerto Rico - Mayagüez,university of puerto rico - mayaguez,mayaguez puerto rico university,University of Puerto Rico - Mayagüez,token_key,high,7,51,True,False,True,,
C0010,"University of Puerto Rico at Mayaguez, United States",1,delegates,University of Puerto Rico at Mayaguez,University of Puerto Rico at Mayaguez,university of puerto rico - mayaguez,mayaguez puerto rico university,University of Puerto Rico - Mayagüez,token_key,high,7,51,True,False,True,,
C0010,"University of Puerto Rico at Mayagüez, United States",1,delegates_raw,University of Puerto Rico at Mayagüez,University of Puerto Rico at Mayagüez,university of puerto rico - mayaguez,mayaguez puerto rico university,University of Puerto Rico - Mayagüez,token_key,high,7,51,True,False,True,,
C0474,Ohio State University,45,delegates; delegates_raw; delegates_sanitized; emissions; geocode_cache; map_locations; speaker_profiles; speaker_profiles_cache; talks,Ohio State University,Ohio State University,ohio state university,ohio state university,Ohio State University,token_key,low,2,51,False,True,True,,
C0474,"Ohio State University, United States",6,delegates; delegates_raw,Ohio State University,Ohio State University,ohio state university,ohio state university,Ohio State University,token_key,low,2,51,False,True,True,,
C0708,University of Victoria,43,delegates; delegates_raw; delegates_sanitized; emissions; geocode_cache; map_locations; speaker_profiles; speaker_profiles_cache; talks,University of Victoria,University of Victoria,university of victoria,university victoria,University of Victoria,token_key,low,2,51,False,True,True,,
C0708,"University of Victoria, Canada",8,delegates; delegates_raw,University of Victoria,University of Victoria,university of victoria,university victoria,University of Victoria,token_key,low,2,51,False,True,True,,
C0285,Griffith University,44,delegates; delegates_raw; delegates_sanitized; emissions; geocode_cache; map_locations; speaker_profiles; speaker_profiles_cache; talks,Griffith University,Griffith University,griffith university,griffith university,Griffith University,token_key,low,2,50,False,True,True,,
C0285,"Griffith University, Australia",6,delegates; delegates_raw,Griffith University,Griffith University,griffith university,griffith university,Griffith University,token_key,low,2,50,False,True,True,,
C0446,National Sun Yat-sen University,44,delegates; delegates_raw; delegates_sanitized; emissions; geocode_cache; map_locations; speaker_profiles; speaker_profiles_cache; talks,National Sun Yat-sen University,National Sun Yat-sen University,national sun yat-sen university,national sen sun university yat,National Sun Yat-sen University,token_key,low,2,50,False,True,True,,
C0446,"National Sun Yat-sen University, Taiwan",6,delegates; delegates_raw,National Sun Yat-sen University,National Sun Yat-sen University,national sun yat-sen university,national sen sun university yat,National Sun Yat-sen University,token_key,low,2,50,False,True,True,,
C0537,Seatrees,46,delegates; delegates_raw; delegates_sanitized; emissions; geocode_cache; map_locations; speaker_profiles; speaker_profiles_cache; talks,Seatrees,Seatrees,seatrees,seatrees,Seatrees,token_key,low,2,50,False,True,True,,
C0537,"Seatrees, United States",4,delegates; delegates_raw,Seatrees,Seatrees,seatrees,seatrees,Seatrees,token_key,low,2,50,False,True,True,,
C0477,Old Dominion University,41,delegates; delegates_raw; delegates_sanitized; emissions; geocode_cache; map_locations; speaker_profiles; speaker_profiles_cache; talks,Old Dominion University,Old Dominion University,old dominion university,dominion old university,Old Dominion University,token_key,low,2,49,False,True,True,,
C0477,"Old Dominion University, United States",8,delegates; delegates_raw,Old Dominion University,Old Dominion University,old dominion university,dominion old university,Old Dominion University,token_key,low,2,49,False,True,True,,
C0600,United States Geological Survey,43,delegates; delegates_raw; delegates_sanitized; emissions; geocode_cache; map_locations; speaker_profiles; speaker_profiles_cache; talks,United States Geological Survey,United States Geological Survey,united states geological survey,geological states survey united,United States Geological Survey,token_key,low,2,49,False,True,True,,
C0600,"United States Geological Survey, United States",6,delegates; delegates_raw,United States Geological Survey,United States Geological Survey,united states geological survey,geological states survey united,United States Geological Survey,token_key,low,2,49,False,True,True,,
C0686,University of San Diego,43,delegates; delegates_raw; delegates_sanitized; emissions; geocode_cache; map_locations; speaker_profiles; speaker_profiles_cache; talks,University of San Diego,University of San Diego,university of san diego,diego san university,University of San Diego,token_key,low,2,49,False,True,True,,
C0686,"University of San Diego, United States",6,delegates; delegates_raw,University of San Diego,University of San Diego,university of san diego,diego san university,University of San Diego,token_key,low,2,49,False,True,True,,
C0030,Coral Reef Alliance,42,delegates; delegates_raw; delegates_sanitized; emissions; geocode_cache; map_locations; speaker_profiles; speaker_profiles_cache; talks,Coral Reef Alliance,Coral Reef Alliance,coral reef alliance,alliance coral reef,Coral Reef Alliance,token_key,low,4,48,False,True,True,,
C0030,"Coral Reef Alliance, Honduras",2,delegates; delegates_raw,Coral Reef Alliance,Coral Reef Alliance,coral reef alliance,alliance coral reef,Coral Reef Alliance,token_key,low,4,48,False,True,True,,
C0030,"Coral Reef Alliance, Mexico",2,delegates; delegates_raw,Coral Reef Alliance,Coral Reef Alliance,coral reef alliance,alliance coral reef,Coral Reef Alliance,token_key,low,4,48,False,True,True,,
C0030,"Coral Reef Alliance, United States",2,delegates; delegates_raw,Coral Reef Alliance,Coral Reef Alliance,coral reef alliance,alliance coral reef,Coral Reef Alliance,token_key,low,4,48,False,True,True,,
C0043,"Rosenstiel School of Marine, Atmospheric, and Earth Science",24,delegates; delegates_raw; delegates_sanitized; emissions; geocode_cache; map_locations; speaker_profiles; speaker_profiles_cache; talks,"Rosenstiel School of Marine, Atmospheric, and Earth Science","Rosenstiel School of Marine, Atmospheric, and Earth Science","rosenstiel school of marine, atmospheric, and earth science",atmospheric earth marine rosenstiel school science,"Rosenstiel School of Marine, Atmospheric, and Earth Science","fingerprint, token_key",high,4,48,True,False,True,,
C0043,"Rosenstiel School of Marine, Atmospheric and Earth Science",18,delegates; delegates_raw; delegates_sanitized; emissions; geocode_cache; map_locations; speaker_profiles; speaker_profiles_cache; talks,"Rosenstiel School of Marine, Atmospheric and Earth Science","Rosenstiel School of Marine, Atmospheric and Earth Science","rosenstiel school of marine, atmospheric and earth science",atmospheric earth marine rosenstiel school science,"Rosenstiel School of Marine, Atmospheric, and Earth Science","fingerprint, token_key",high,4,48,True,False,True,,
C0043,"Rosenstiel School of Marine, Atmospheric, and Earth Science, United States",4,delegates; delegates_raw,"Rosenstiel School of Marine, Atmospheric, and Earth Science","Rosenstiel School of Marine, Atmospheric, and Earth Science","rosenstiel school of marine, atmospheric, and earth science",atmospheric earth marine rosenstiel school science,"Rosenstiel School of Marine, Atmospheric, and Earth Science","fingerprint, token_key",high,4,48,True,False,True,,
C0043,"Rosenstiel School of Marine, Atmospheric and Earth Science, United States",2,delegates; delegates_raw,"Rosenstiel School of Marine, Atmospheric and Earth Science","Rosenstiel School of Marine, Atmospheric and Earth Science","rosenstiel school of marine, atmospheric and earth science",atmospheric earth marine rosenstiel school science,"Rosenstiel School of Marine, Atmospheric, and Earth Science","fingerprint, token_key",high,4,48,True,False,True,,
C0282,Great Barrier Reef Foundation,38,delegates; delegates_raw; delegates_sanitized; emissions; geocode_cache; map_locations; speaker_profiles; speaker_profiles_cache; talks,Great Barrier Reef Foundation,Great Barrier Reef Foundation,great barrier reef foundation,barrier foundation great reef,Great Barrier Reef Foundation,token_key,low,2,48,False,True,True,,
C0282,"Great Barrier Reef Foundation, Australia",10,delegates; delegates_raw,Great Barrier Reef Foundation,Great Barrier Reef Foundation,great barrier reef foundation,barrier foundation great reef,Great Barrier Reef Foundation,token_key,low,2,48,False,True,True,,
C0373,Luminocean,42,delegates; delegates_raw; delegates_sanitized; geocode_cache; map_locations; speaker_profiles; speaker_profiles_cache; talks,Luminocean,Luminocean,luminocean,luminocean,Luminocean,token_key,low,2,48,False,True,True,,
C0373,"Luminocean, Indonesia",6,delegates; delegates_raw,Luminocean,Luminocean,luminocean,luminocean,Luminocean,token_key,low,2,48,False,True,True,,
C0210,Coral Restoration Foundation,39,delegates; delegates_raw; delegates_sanitized; emissions; geocode_cache; geocode_overrides; map_locations; speaker_profiles; speaker_profiles_cache; talks,Coral Restoration Foundation,Coral Restoration Foundation,coral restoration foundation,coral foundation restoration,Coral Restoration Foundation,token_key,low,2,47,False,True,True,,
C0210,"Coral Restoration Foundation, United States",8,delegates; delegates_raw,Coral Restoration Foundation,Coral Restoration Foundation,coral restoration foundation,coral foundation restoration,Coral Restoration Foundation,token_key,low,2,47,False,True,True,,
C0396,Max Planck Institute for Chemistry,43,delegates; delegates_raw; delegates_sanitized; emissions; geocode_cache; map_locations; speaker_profiles; speaker_profiles_cache; talks,Max Planck Institute for Chemistry,Max Planck Institute for Chemistry,max planck institute for chemistry,chemistry institute max planck,Max Planck Institute for Chemistry,token_key,low,2,47,False,True,True,,
C0396,"Max Planck Institute for Chemistry, Germany",4,delegates; delegates_raw,Max Planck Institute for Chemistry,Max Planck Institute for Chemistry,max planck institute for chemistry,chemistry institute max planck,Max Planck Institute for Chemistry,token_key,low,2,47,False,True,True,,
C0041,University of Oldenburg,25,delegates; delegates_raw; delegates_sanitized; emissions; geocode_cache; map_locations; speaker_profiles; speaker_profiles_cache; talks,University of Oldenburg,University of Oldenburg,university of oldenburg,oldenburg university,University of Oldenburg,"fingerprint, token_key",high,4,46,True,False,True,,
C0041,Oldenburg University,15,delegates; delegates_raw; delegates_sanitized; emissions; geocode_cache; map_locations; speaker_profiles; speaker_profiles_cache; talks,Oldenburg University,Oldenburg University,oldenburg university,oldenburg university,University of Oldenburg,"fingerprint, token_key",high,4,46,True,False,True,,
C0041,"University of Oldenburg, Germany",4,delegates; delegates_raw,University of Oldenburg,University of Oldenburg,university of oldenburg,oldenburg university,University of Oldenburg,"fingerprint, token_key",high,4,46,True,False,True,,
C0041,"Oldenburg University, Germany",2,delegates; delegates_raw,Oldenburg University,Oldenburg University,oldenburg university,oldenburg university,University of Oldenburg,"fingerprint, token_key",high,4,46,True,False,True,,
C0046,Universidad Autonoma de Baja California Sur,26,delegates; delegates_sanitized; emissions; map_locations; talks,Universidad Autonoma de Baja California Sur,Universidad Autonoma de Baja California Sur,universidad autonoma de baja california sur,autonoma baja california de sur universidad,Universidad Autónoma de Baja California Sur,token_key,high,4,46,True,True,True,,
C0046,Universidad Autónoma de Baja California Sur,14,delegates; delegates_raw; delegates_sanitized; geocode_cache; speaker_profiles; speaker_profiles_cache,Universidad Autónoma de Baja California Sur,Universidad Autónoma de Baja California Sur,universidad autonoma de baja california sur,autonoma baja california de sur universidad,Universidad Autónoma de Baja California Sur,token_key,high,4,46,True,True,True,,
C0046,"Universidad Autónoma de Baja California Sur, Mexico",5,delegates; delegates_raw,Universidad Autónoma de Baja California Sur,Universidad Autónoma de Baja California Sur,universidad autonoma de baja california sur,autonoma baja california de sur universidad,Universidad Autónoma de Baja California Sur,token_key,high,4,46,True,True,True,,
C0046,"Universidad Autonoma de Baja California Sur, Mexico",1,delegates,Universidad Autonoma de Baja California Sur,Universidad Autonoma de Baja California Sur,universidad autonoma de baja california sur,autonoma baja california de sur universidad,Universidad Autónoma de Baja California Sur,token_key,high,4,46,True,True,True,,
C0564,Stony Brook University,38,delegates; delegates_raw; delegates_sanitized; emissions; geocode_cache; map_locations; speaker_profiles; speaker_profiles_cache; talks,Stony Brook University,Stony Brook University,stony brook university,brook stony university,Stony Brook University,token_key,low,2,46,False,True,True,,
C0564,"Stony Brook University, United States",8,delegates; delegates_raw,Stony Brook University,Stony Brook University,stony brook university,brook stony university,Stony Brook University,token_key,low,2,46,False,True,True,,
C0054,University of Michigan,32,delegates; delegates_raw; delegates_sanitized; emissions; geocode_cache; map_locations; speaker_profiles; speaker_profiles_cache; talks,University of Michigan,University of Michigan,university of michigan,michigan university,University of Michigan,token_key,high,4,45,True,True,True,,
C0054,University Of Michigan,6,delegates; delegates_raw; delegates_sanitized; geocode_cache; speaker_profiles; speaker_profiles_cache,University Of Michigan,University Of Michigan,university of michigan,michigan university,University of Michigan,token_key,high,4,45,True,True,True,,
C0054,"University of Michigan, United States",5,delegates; delegates_raw,University of Michigan,University of Michigan,university of michigan,michigan university,University of Michigan,token_key,high,4,45,True,True,True,,
C0054,"University Of Michigan, United States",2,delegates; delegates_raw,University Of Michigan,University Of Michigan,university of michigan,michigan university,University of Michigan,token_key,high,4,45,True,True,True,,
C0069,CNRS,39,delegates; delegates_raw; delegates_sanitized; emissions; geocode_cache; map_locations; speaker_profiles; speaker_profiles_cache; talks,CNRS,CNRS,cnrs,cnrs,CNRS,token_key,low,3,45,False,True,True,,
C0069,"CNRS, France",4,delegates; delegates_raw,CNRS,CNRS,cnrs,cnrs,CNRS,token_key,low,3,45,False,True,True,,
C0069,"CNRS, French Polynesia",2,delegates; delegates_raw,CNRS,CNRS,cnrs,cnrs,CNRS,token_key,low,3,45,False,True,True,,
C0212,Coral Triangle Center,37,delegates; delegates_raw; delegates_sanitized; emissions; geocode_cache; map_locations; speaker_profiles; speaker_profiles_cache; talks,Coral Triangle Center,Coral Triangle Center,coral triangle center,center coral triangle,Coral Triangle Center,token_key,low,2,45,False,True,True,,
C0212,"Coral Triangle Center, Indonesia",8,delegates; delegates_raw,Coral Triangle Center,Coral Triangle Center,coral triangle center,center coral triangle,Coral Triangle Center,token_key,low,2,45,False,True,True,,
C0222,CSIR National Institute of Oceanography,37,delegates; delegates_raw; delegates_sanitized; emissions; geocode_cache; map_locations; speaker_profiles; speaker_profiles_cache; talks,CSIR National Institute of Oceanography,CSIR National Institute of Oceanography,csir national institute of oceanography,csir institute national oceanography,CSIR National Institute of Oceanography,token_key,low,2,45,False,True,True,,
C0222,"CSIR National Institute of Oceanography, India",8,delegates; delegates_raw,CSIR National Institute of Oceanography,CSIR National Institute of Oceanography,csir national institute of oceanography,csir institute national oceanography,CSIR National Institute of Oceanography,token_key,low,2,45,False,True,True,,
C0405,Mindanao State University - Naawan,39,delegates; delegates_raw; delegates_sanitized; emissions; geocode_cache; map_locations; speaker_profiles; speaker_profiles_cache; talks,Mindanao State University - Naawan,Mindanao State University - Naawan,mindanao state university - naawan,mindanao naawan state university,Mindanao State University - Naawan,token_key,low,2,45,False,True,True,,
C0405,"Mindanao State University - Naawan, Philippines",6,delegates; delegates_raw,Mindanao State University - Naawan,Mindanao State University - Naawan,mindanao state university - naawan,mindanao naawan state university,Mindanao State University - Naawan,token_key,low,2,45,False,True,True,,
C0735,Woods Hole Oceanographic Institution,37,delegates; delegates_raw; delegates_sanitized; emissions; geocode_cache; map_locations; speaker_profiles; speaker_profiles_cache; talks,Woods Hole Oceanographic Institution,Woods Hole Oceanographic Institution,woods hole oceanographic institution,hole institution oceanographic woods,Woods Hole Oceanographic Institution,token_key,low,2,45,False,True,True,,
C0735,"Woods Hole Oceanographic Institution, United States",8,delegates; delegates_raw,Woods Hole Oceanographic Institution,Woods Hole Oceanographic Institution,woods hole oceanographic institution,hole institution oceanographic woods,Woods Hole Oceanographic Institution,token_key,low,2,45,False,True,True,,
C0042,Pattimura University,25,delegates; delegates_raw; delegates_sanitized; emissions; geocode_cache; map_locations; speaker_profiles; speaker_profiles_cache; talks,Pattimura University,Pattimura University,pattimura university,pattimura university,Pattimura University,"fingerprint, token_key",high,4,44,True,False,True,,
C0042,University of Pattimura,13,delegates; delegates_raw; delegates_sanitized; emissions; geocode_cache; map_locations; speaker_profiles; speaker_profiles_cache; talks,University of Pattimura,University of Pattimura,university of pattimura,pattimura university,Pattimura University,"fingerprint, token_key",high,4,44,True,False,True,,
C0042,"Pattimura University, Indonesia",4,delegates; delegates_raw,Pattimura University,Pattimura University,pattimura university,pattimura university,Pattimura University,"fingerprint, token_key",high,4,44,True,False,True,,
C0042,"University of Pattimura, Indonesia",2,delegates; delegates_raw,University of Pattimura,University of Pattimura,university of pattimura,pattimura university,Pattimura University,"fingerprint, token_key",high,4,44,True,False,True,,
C0661,University of Maryland,38,delegates; delegates_raw; delegates_sanitized; emissions; geocode_cache; map_locations; speaker_profiles; speaker_profiles_cache; talks,University of Maryland,University of Maryland,university of maryland,maryland university,University of Maryland,token_key,low,2,44,False,True,True,,
C0661,"University of Maryland, United States",6,delegates; delegates_raw,University of Maryland,University of Maryland,university of maryland,maryland university,University of Maryland,token_key,low,2,44,False,True,True,,
C0070,Conservation International,37,delegates; delegates_raw; delegates_sanitized; emissions; geocode_cache; map_locations; speaker_profiles; speaker_profiles_cache; talks,Conservation International,Conservation International,conservation international,conservation international,Conservation International,token_key,low,3,43,False,True,True,,
C0070,"Conservation International, Samoa",4,delegates; delegates_raw,Conservation International,Conservation International,conservation international,conservation international,Conservation International,token_key,low,3,43,False,True,True,,
C0070,"Conservation International, New Caledonia",2,delegates; delegates_raw,Conservation International,Conservation International,conservation international,conservation international,Conservation International,token_key,low,3,43,False,True,True,,
C0476,Okinawa Institute of Science and Technology,39,delegates; delegates_raw; delegates_sanitized; emissions; geocode_cache; map_locations; speaker_profiles; speaker_profiles_cache; talks,Okinawa Institute of Science and Technology,Okinawa Institute of Science and Technology,okinawa institute of science and technology,institute okinawa science technology,Okinawa Institute of Science and Technology,token_key,low,2,43,False,True,True,,
C0476,"Okinawa Institute of Science and Technology, Japan",4,delegates; delegates_raw,Okinawa Institute of Science and Technology,Okinawa Institute of Science and Technology,okinawa institute of science and technology,institute okinawa science technology,Okinawa Institute of Science and Technology,token_key,low,2,43,False,True,True,,
C0609,Universidade Federal do Rio de Janeiro,37,delegates; delegates_raw; delegates_sanitized; emissions; geocode_cache; map_locations; speaker_profiles; speaker_profiles_cache; talks,Universidade Federal do Rio de Janeiro,Universidade Federal do Rio de Janeiro,universidade federal do rio de janeiro,de do federal janeiro rio universidade,Universidade Federal do Rio de Janeiro,token_key,low,2,43,False,True,True,,
C0609,"Universidade Federal do Rio de Janeiro, Brazil",6,delegates; delegates_raw,Universidade Federal do Rio de Janeiro,Universidade Federal do Rio de Janeiro,universidade federal do rio de janeiro,de do federal janeiro rio universidade,Universidade Federal do Rio de Janeiro,token_key,low,2,43,False,True,True,,
C0639,University of California - Santa Cruz,34,delegates; delegates_raw; delegates_sanitized; emissions; geocode_cache; geocode_overrides; map_locations; speaker_profiles; speaker_profiles_cache; talks,University of California - Santa Cruz,University of California - Santa Cruz,university of california - santa cruz,california cruz santa university,University of California - Santa Cruz,token_key,low,2,43,False,True,True,,
C0639,"University of California - Santa Cruz, United States",9,delegates; delegates_raw; geocode_cache,University of California - Santa Cruz,University of California - Santa Cruz,university of california - santa cruz,california cruz santa university,University of California - Santa Cruz,token_key,low,2,43,False,True,True,,
C0059,Bermuda Institute of Ocean Sciences,38,delegates; delegates_raw; delegates_sanitized; emissions; geocode_cache; map_locations; speaker_profiles; speaker_profiles_cache; talks,Bermuda Institute of Ocean Sciences,Bermuda Institute of Ocean Sciences,bermuda institute of ocean sciences,bermuda institute ocean sciences,Bermuda Institute of Ocean Sciences,token_key,low,3,42,False,True,True,,
C0059,"Bermuda Institute of Ocean Sciences, Bermuda",2,delegates; delegates_raw,Bermuda Institute of Ocean Sciences,Bermuda Institute of Ocean Sciences,bermuda institute of ocean sciences,bermuda institute ocean sciences,Bermuda Institute of Ocean Sciences,token_key,low,3,42,False,True,True,,
C0059,"Bermuda Institute of Ocean Sciences, New Caledonia",2,delegates; delegates_raw,Bermuda Institute of Ocean Sciences,Bermuda Institute of Ocean Sciences,bermuda institute of ocean sciences,bermuda institute ocean sciences,Bermuda Institute of Ocean Sciences,token_key,low,3,42,False,True,True,,
C0060,Blue Alliance,38,delegates; delegates_raw; delegates_sanitized; emissions; geocode_cache; map_locations; speaker_profiles; speaker_profiles_cache; talks,Blue Alliance,Blue Alliance,blue alliance,alliance blue,Blue Alliance,token_key,low,3,42,False,True,True,,
C0060,"Blue Alliance, Barbados",2,delegates; delegates_raw,Blue Alliance,Blue Alliance,blue alliance,alliance blue,Blue Alliance,token_key,low,3,42,False,True,True,,
C0060,"Blue Alliance, Indonesia",2,delegates; delegates_raw,Blue Alliance,Blue Alliance,blue alliance,alliance blue,Blue Alliance,token_key,low,3,42,False,True,True,,
C0548,Smithsonian Environmental Research Center,36,delegates; delegates_raw; delegates_sanitized; emissions; geocode_cache; map_locations; speaker_profiles; speaker_profiles_cache; talks,Smithsonian Environmental Research Center,Smithsonian Environmental Research Center,smithsonian environmental research center,center environmental research smithsonian,Smithsonian Environmental Research Center,token_key,low,2,42,False,True,True,,
C0548,"Smithsonian Environmental Research Center, United States",6,delegates; delegates_raw,Smithsonian Environmental Research Center,Smithsonian Environmental Research Center,smithsonian environmental research center,center environmental research smithsonian,Smithsonian Environmental Research Center,token_key,low,2,42,False,True,True,,
C0072,Coral Reef Watch,35,delegates; delegates_raw; delegates_sanitized; emissions; geocode_cache; map_locations; speaker_profiles; speaker_profiles_cache; talks,Coral Reef Watch,Coral Reef Watch,coral reef watch,coral reef watch,Coral Reef Watch,token_key,low,3,41,False,True,True,,
C0072,"Coral Reef Watch, United States",4,delegates; delegates_raw,Coral Reef Watch,Coral Reef Watch,coral reef watch,coral reef watch,Coral Reef Watch,token_key,low,3,41,False,True,True,,
C0072,"Coral Reef Watch, Australia",2,delegates; delegates_raw,Coral Reef Watch,Coral Reef Watch,coral reef watch,coral reef watch,Coral Reef Watch,token_key,low,3,41,False,True,True,,
C0094,Perry Institute for Marine Science,35,delegates; delegates_raw; delegates_sanitized; geocode_cache; map_locations; speaker_profiles; speaker_profiles_cache; talks,Perry Institute for Marine Science,Perry Institute for Marine Science,perry institute for marine science,institute marine perry science,Perry Institute for Marine Science,token_key,low,3,41,False,True,True,,
C0094,"Perry Institute for Marine Science, Colombia",4,delegates; delegates_raw,Perry Institute for Marine Science,Perry Institute for Marine Science,perry institute for marine science,institute marine perry science,Perry Institute for Marine Science,token_key,low,3,41,False,True,True,,
C0094,"Perry Institute for Marine Science, United States",2,delegates; delegates_raw,Perry Institute for Marine Science,Perry Institute for Marine Science,perry institute for marine science,institute marine perry science,Perry Institute for Marine Science,token_key,low,3,41,False,True,True,,
C0421,Nagoya University,37,delegates; delegates_raw; delegates_sanitized; emissions; geocode_cache; map_locations; speaker_profiles; speaker_profiles_cache; talks,Nagoya University,Nagoya University,nagoya university,nagoya university,Nagoya University,token_key,low,2,41,False,True,True,,
C0421,"Nagoya University, Japan",4,delegates; delegates_raw,Nagoya University,Nagoya University,nagoya university,nagoya university,Nagoya University,token_key,low,2,41,False,True,True,,
C0513,Reef Conservation,35,delegates; delegates_raw; delegates_sanitized; emissions; geocode_cache; map_locations; speaker_profiles; speaker_profiles_cache; talks,Reef Conservation,Reef Conservation,reef conservation,conservation reef,Reef Conservation,token_key,low,2,41,False,True,True,,
C0513,"Reef Conservation, Mauritius",6,delegates; delegates_raw,Reef Conservation,Reef Conservation,reef conservation,conservation reef,Reef Conservation,token_key,low,2,41,False,True,True,,
C0565,Suganthi Devadason Marine Research Institute,33,delegates; delegates_raw; delegates_sanitized; geocode_cache; map_locations; speaker_profiles; speaker_profiles_cache; talks,Suganthi Devadason Marine Research Institute,Suganthi Devadason Marine Research Institute,suganthi devadason marine research institute,devadason institute marine research suganthi,Suganthi Devadason Marine Research Institute,token_key,low,2,41,False,True,True,,
C0565,"Suganthi Devadason Marine Research Institute, India",8,delegates; delegates_raw,Suganthi Devadason Marine Research Institute,Suganthi Devadason Marine Research Institute,suganthi devadason marine research institute,devadason institute marine research suganthi,Suganthi Devadason Marine Research Institute,token_key,low,2,41,False,True,True,,
C0617,University College London,37,delegates; delegates_raw; delegates_sanitized; emissions; geocode_cache; map_locations; speaker_profiles; speaker_profiles_cache; talks,University College London,University College London,university college london,college london university,University College London,token_key,low,2,41,False,True,True,,
C0617,"University College London, United Kingdom",4,delegates; delegates_raw,University College London,University College London,university college london,college london university,University College London,token_key,low,2,41,False,True,True,,
C0678,University of Pennsylvania,35,delegates; delegates_raw; delegates_sanitized; emissions; geocode_cache; map_locations; speaker_profiles; speaker_profiles_cache; talks,University of Pennsylvania,University of Pennsylvania,university of pennsylvania,pennsylvania university,University of Pennsylvania,token_key,low,2,41,False,True,True,,
C0678,"University of Pennsylvania, United States",6,delegates; delegates_raw,University of Pennsylvania,University of Pennsylvania,university of pennsylvania,pennsylvania university,University of Pennsylvania,token_key,low,2,41,False,True,True,,
C0199,Commonwealth Scientific and Industrial Research Organisation,34,delegates; delegates_raw; delegates_sanitized; emissions; geocode_cache; map_locations; speaker_profiles; speaker_profiles_cache; talks,Commonwealth Scientific and Industrial Research Organisation,Commonwealth Scientific and Industrial Research Organisation,commonwealth scientific and industrial research organisation,commonwealth industrial organisation research scientific,Commonwealth Scientific and Industrial Research Organisation,token_key,low,2,40,False,True,True,,
C0199,"Commonwealth Scientific and Industrial Research Organisation, Australia",6,delegates; delegates_raw,Commonwealth Scientific and Industrial Research Organisation,Commonwealth Scientific and Industrial Research Organisation,commonwealth scientific and industrial research organisation,commonwealth industrial organisation research scientific,Commonwealth Scientific and Industrial Research Organisation,token_key,low,2,40,False,True,True,,
C0261,Florida Atlantic University - Harbor Branch,34,delegates; delegates_raw; delegates_sanitized; emissions; geocode_cache; map_locations; speaker_profiles; speaker_profiles_cache; talks,Florida Atlantic University - Harbor Branch,Florida Atlantic University - Harbor Branch,florida atlantic university - harbor branch,atlantic branch florida harbor university,Florida Atlantic University - Harbor Branch,token_key,low,2,40,False,True,True,,
C0261,"Florida Atlantic University - Harbor Branch, United States",6,delegates; delegates_raw,Florida Atlantic University - Harbor Branch,Florida Atlantic University - Harbor Branch,florida atlantic university - harbor branch,atlantic branch florida harbor university,Florida Atlantic University - Harbor Branch,token_key,low,2,40,False,True,True,,
C0361,Konservasi Indonesia,36,delegates; delegates_raw; delegates_sanitized; emissions; geocode_cache; map_locations; speaker_profiles; speaker_profiles_cache; talks,Konservasi Indonesia,Konservasi Indonesia,konservasi indonesia,indonesia konservasi,Konservasi Indonesia,token_key,low,2,40,False,True,True,,
C0361,"Konservasi Indonesia, Indonesia",4,delegates; delegates_raw,Konservasi Indonesia,Konservasi Indonesia,konservasi indonesia,indonesia konservasi,Konservasi Indonesia,token_key,low,2,40,False,True,True,,
C0445,National Research and Innovation Agency,36,delegates; delegates_raw; delegates_sanitized; emissions; geocode_cache; map_locations; speaker_profiles; speaker_profiles_cache; talks,National Research and Innovation Agency,National Research and Innovation Agency,national research and innovation agency,agency innovation national research,National Research and Innovation Agency,token_key,low,2,40,False,True,True,,
C0445,"National Research and Innovation Agency, Indonesia",4,delegates; delegates_raw,National Research and Innovation Agency,National Research and Innovation Agency,national research and innovation agency,agency innovation national research,National Research and Innovation Agency,token_key,low,2,40,False,True,True,,
C0498,Qatar University,38,delegates; delegates_raw; delegates_sanitized; emissions; geocode_cache; map_locations; speaker_profiles; speaker_profiles_cache; talks,Qatar University,Qatar University,qatar university,qatar university,Qatar University,token_key,low,2,40,False,True,True,,
C0498,"Qatar University, Qatar",2,delegates; delegates_raw,Qatar University,Qatar University,qatar university,qatar university,Qatar University,token_key,low,2,40,False,True,True,,
C0578,Texas A&M University,35,delegates; delegates_raw; delegates_sanitized; emissions; geocode_cache; map_locations; speaker_profiles; speaker_profiles_cache; talks,Texas A&M University,Texas A&M University,texas a&m university,a m texas university,Texas A&M University,token_key,low,2,40,False,True,True,,
C0578,"Texas A&M University, United States",5,delegates; delegates_raw,Texas A&M University,Texas A&M University,texas a&m university,a m texas university,Texas A&M University,token_key,low,2,40,False,True,True,,
C0582,Texas State University,34,delegates; delegates_raw; delegates_sanitized; emissions; geocode_cache; map_locations; speaker_profiles; speaker_profiles_cache; talks,Texas State University,Texas State University,texas state university,state texas university,Texas State University,token_key,low,2,40,False,True,True,,
C0582,"Texas State University, United States",6,delegates; delegates_raw,Texas State University,Texas State University,texas state university,state texas university,Texas State University,token_key,low,2,40,False,True,True,,
C0241,Earth Sciences New Zealand,33,delegates; delegates_raw; delegates_sanitized; emissions; geocode_cache; map_locations; speaker_profiles; speaker_profiles_cache; talks,Earth Sciences New Zealand,Earth Sciences New Zealand,earth sciences new zealand,earth new sciences zealand,Earth Sciences New Zealand,token_key,low,2,39,False,True,True,,
C0241,"Earth Sciences New Zealand, New Zealand",6,delegates; delegates_raw,Earth Sciences New Zealand,Earth Sciences New Zealand,earth sciences new zealand,earth new sciences zealand,Earth Sciences New Zealand,token_key,low,2,39,False,True,True,,
C0644,University of Delaware,33,delegates; delegates_raw; delegates_sanitized; emissions; geocode_cache; map_locations; speaker_profiles; speaker_profiles_cache; talks,University of Delaware,University of Delaware,university of delaware,delaware university,University of Delaware,token_key,low,2,39,False,True,True,,
C0644,"University of Delaware, United States",6,delegates; delegates_raw,University of Delaware,University of Delaware,university of delaware,delaware university,University of Delaware,token_key,low,2,39,False,True,True,,
C0689,University of South Florida,34,delegates; delegates_raw; delegates_sanitized; emissions; geocode_cache; map_locations; speaker_profiles; speaker_profiles_cache; talks,University of South Florida,University of South Florida,university of south florida,florida south university,University of South Florida,token_key,low,2,39,False,True,True,,
C0689,"University of South Florida, United States",5,delegates; delegates_raw,University of South Florida,University of South Florida,university of south florida,florida south university,University of South Florida,token_key,low,2,39,False,True,True,,
C0709,University of Waikato,33,delegates; delegates_raw; delegates_sanitized; emissions; geocode_cache; map_locations; speaker_profiles; speaker_profiles_cache; talks,University of Waikato,University of Waikato,university of waikato,university waikato,University of Waikato,token_key,low,2,39,False,True,True,,
C0709,"University of Waikato, New Zealand",6,delegates; delegates_raw,University of Waikato,University of Waikato,university of waikato,university waikato,University of Waikato,token_key,low,2,39,False,True,True,,
C0087,Lingnan University,32,delegates; delegates_raw; delegates_sanitized; emissions; geocode_cache; map_locations; speaker_profiles; speaker_profiles_cache; talks,Lingnan University,Lingnan University,lingnan university,lingnan university,Lingnan University,token_key,low,3,38,False,True,True,,
C0087,"Lingnan University, Hong Kong",4,delegates; delegates_raw,Lingnan University,Lingnan University,lingnan university,lingnan university,Lingnan University,token_key,low,3,38,False,True,True,,
C0087,"Lingnan University, United States",2,delegates; delegates_raw,Lingnan University,Lingnan University,lingnan university,lingnan university,Lingnan University,token_key,low,3,38,False,True,True,,
C0188,Chulalongkorn University,32,delegates; delegates_raw; delegates_sanitized; emissions; geocode_cache; map_locations; speaker_profiles; speaker_profiles_cache; talks,Chulalongkorn University,Chulalongkorn University,chulalongkorn university,chulalongkorn university,Chulalongkorn University,token_key,low,2,38,False,True,True,,
C0188,"Chulalongkorn University, Thailand",6,delegates; delegates_raw,Chulalongkorn University,Chulalongkorn University,chulalongkorn university,chulalongkorn university,Chulalongkorn University,token_key,low,2,38,False,True,True,,
C0679,University of Perpignan - Domitia,34,delegates; delegates_raw; delegates_sanitized; emissions; geocode_cache; map_locations; speaker_profiles; speaker_profiles_cache; talks,University of Perpignan - Domitia,University of Perpignan - Domitia,university of perpignan - domitia,domitia perpignan university,University of Perpignan - Domitia,token_key,low,2,38,False,True,True,,
C0679,"University of Perpignan - Domitia, France",4,delegates; delegates_raw,University of Perpignan - Domitia,University of Perpignan - Domitia,university of perpignan - domitia,domitia perpignan university,University of Perpignan - Domitia,token_key,low,2,38,False,True,True,,
C0684,University of Salento,34,delegates; delegates_raw; delegates_sanitized; emissions; geocode_cache; geocode_overrides; map_locations; speaker_profiles; speaker_profiles_cache; talks,University of Salento,University of Salento,university of salento,salento university,University of Salento,token_key,low,2,38,False,True,True,,
C0684,"University of Salento, Italy",4,delegates; delegates_raw,University of Salento,University of Salento,university of salento,salento university,University of Salento,token_key,low,2,38,False,True,True,,
C0712,University of Washington,34,delegates; delegates_raw; delegates_sanitized; emissions; geocode_cache; map_locations; speaker_profiles; speaker_profiles_cache; talks,University of Washington,University of Washington,university of washington,university washington,University of Washington,token_key,low,2,38,False,True,True,,
C0712,"University of Washington, United States",4,delegates; delegates_raw,University of Washington,University of Washington,university of washington,university washington,University of Washington,token_key,low,2,38,False,True,True,,
C0024,State of Hawai'i,25,delegates; delegates_raw; delegates_sanitized; emissions; geocode_cache; map_locations; speaker_profiles; speaker_profiles_cache; talks,State of Hawai'i,State of Hawai'i,state of hawaii,hawaii state,State of Hawaiʻi,token_key,high,5,37,True,False,True,,
C0024,"State of Hawai'i, United States",3,delegates; delegates_raw; geocode_cache,State of Hawai'i,State of Hawai'i,state of hawaii,hawaii state,State of Hawaiʻi,token_key,high,5,37,True,False,True,,
C0024,State of Hawaii,3,emissions; geocode_overrides,State of Hawaii,State of Hawaii,state of hawaii,hawaii state,State of Hawaiʻi,token_key,high,5,37,True,False,True,,
C0024,State of Hawaiʻi,3,delegates; delegates_raw; delegates_sanitized,State of Hawaiʻi,State of Hawaiʻi,state of hawaii,hawaii state,State of Hawaiʻi,token_key,high,5,37,True,False,True,,
C0024,"State of Hawaiʻi, United States",3,delegates; delegates_raw; geocode_cache,State of Hawaiʻi,State of Hawaiʻi,state of hawaii,hawaii state,State of Hawaiʻi,token_key,high,5,37,True,False,True,,
C0038,"Maritime and Marine Science Center of Excellence, Pattimura University",22,delegates; delegates_raw; delegates_sanitized; geocode_cache; map_locations; speaker_profiles; speaker_profiles_cache; talks,"Maritime and Marine Science Center of Excellence, Pattimura University","Maritime and Marine Science Center of Excellence, Pattimura University","maritime and marine science center of excellence, pattimura university",center excellence marine maritime pattimura science university,"Maritime and Marine Science Center of Excellence, Pattimura University","fingerprint, token_key",low,4,37,True,False,True,,
C0038,Maritime and Marine Science Center of Excellence of Pattimura University,6,map_locations; talks,Maritime and Marine Science Center of Excellence of Pattimura University,Maritime and Marine Science Center of Excellence of Pattimura University,maritime and marine science center of excellence of pattimura university,center excellence marine maritime pattimura science university,"Maritime and Marine Science Center of Excellence, Pattimura University","fingerprint, token_key",low,4,37,True,False,True,,
C0038,"Maritime and Marine Science Center of Excellence, Pattimura University, Indonesia",6,delegates; delegates_raw,"Maritime and Marine Science Center of Excellence, Pattimura University","Maritime and Marine Science Center of Excellence, Pattimura University","maritime and marine science center of excellence, pattimura university",center excellence marine maritime pattimura science university,"Maritime and Marine Science Center of Excellence, Pattimura University","fingerprint, token_key",low,4,37,True,False,True,,
C0038,Maritime And Marine Science Center Of Excellence Of Pattimura University,3,geocode_cache; speaker_profiles; speaker_profiles_cache,Maritime And Marine Science Center Of Excellence Of Pattimura University,Maritime And Marine Science Center Of Excellence Of Pattimura University,maritime and marine science center of excellence of pattimura university,center excellence marine maritime pattimura science university,"Maritime and Marine Science Center of Excellence, Pattimura University","fingerprint, token_key",low,4,37,True,False,True,,
C0310,Imperial College London,33,delegates; delegates_raw; delegates_sanitized; emissions; geocode_cache; map_locations; speaker_profiles; speaker_profiles_cache; talks,Imperial College London,Imperial College London,imperial college london,college imperial london,Imperial College London,token_key,low,2,37,False,True,True,,
C0310,"Imperial College London, United Kingdom",4,delegates; delegates_raw,Imperial College London,Imperial College London,imperial college london,college imperial london,Imperial College London,token_key,low,2,37,False,True,True,,
C0648,University of Florida,31,delegates; delegates_raw; delegates_sanitized; emissions; geocode_cache; map_locations; speaker_profiles; speaker_profiles_cache; talks,University of Florida,University of Florida,university of florida,florida university,University of Florida,token_key,low,2,37,False,True,True,,
C0648,"University of Florida, United States",6,delegates; delegates_raw,University of Florida,University of Florida,university of florida,florida university,University of Florida,token_key,low,2,37,False,True,True,,
C0047,Universite de la Polynesie Francaise,18,delegates; delegates_sanitized; emissions; map_locations; talks,Universite de la Polynesie Francaise,Universite de la Polynesie Francaise,universite de la polynesie francaise,de francaise la polynesie universite,Université de la Polynésie Française,token_key,high,4,36,True,True,True,,
C0047,Université de la Polynésie Française,12,delegates; delegates_raw; delegates_sanitized; geocode_cache; speaker_profiles; speaker_profiles_cache,Université de la Polynésie Française,Université de la Polynésie Française,universite de la polynesie francaise,de francaise la polynesie universite,Université de la Polynésie Française,token_key,high,4,36,True,True,True,,
C0047,"Université de la Polynésie Française, French Polynesia",5,delegates; delegates_raw,Université de la Polynésie Française,Université de la Polynésie Française,universite de la polynesie francaise,de francaise la polynesie universite,Université de la Polynésie Française,token_key,high,4,36,True,True,True,,
C0047,"Universite de la Polynesie Francaise, French Polynesia",1,delegates,Universite de la Polynesie Francaise,Universite de la Polynesie Francaise,universite de la polynesie francaise,de francaise la polynesie universite,Université de la Polynésie Française,token_key,high,4,36,True,True,True,,
C0325,Institute of Science - Tokyo,32,delegates; delegates_raw; delegates_sanitized; emissions; geocode_cache; map_locations; speaker_profiles; speaker_profiles_cache; talks,Institute of Science - Tokyo,Institute of Science - Tokyo,institute of science - tokyo,institute science tokyo,Institute of Science - Tokyo,token_key,low,2,36,False,True,True,,
C0325,"Institute of Science - Tokyo, Japan",4,delegates; delegates_raw,Institute of Science - Tokyo,Institute of Science - Tokyo,institute of science - tokyo,institute science tokyo,Institute of Science - Tokyo,token_key,low,2,36,False,True,True,,
C0460,Northwestern University,28,delegates; delegates_raw; delegates_sanitized; emissions; geocode_cache; geocode_overrides; map_locations; speaker_profiles; speaker_profiles_cache; talks,Northwestern University,Northwestern University,northwestern university,northwestern university,Northwestern University,token_key,low,2,35,False,True,True,,
C0460,"Northwestern University, United States",7,delegates; delegates_raw; geocode_cache,Northwestern University,Northwestern University,northwestern university,northwestern university,Northwestern University,token_key,low,2,35,False,True,True,,
C0727,Western Australian Museum,28,delegates; delegates_raw; delegates_sanitized; emissions; geocode_cache; geocode_overrides; map_locations; speaker_profiles; speaker_profiles_cache; talks,Western Australian Museum,Western Australian Museum,western australian museum,australian museum western,Western Australian Museum,token_key,low,2,35,False,True,True,,
C0727,"Western Australian Museum, Australia",7,delegates; delegates_raw; geocode_cache,Western Australian Museum,Western Australian Museum,western australian museum,australian museum western,Western Australian Museum,token_key,low,2,35,False,True,True,,
C0021,KIOST South Korea,28,delegates; delegates_sanitized; emissions; map_locations,KIOST South Korea,KIOST South Korea,kiost south korea,kiost korea south,KIOST South Korea,token_key,low,5,34,False,True,True,,
C0021,"KIOST South Korea, United States",3,delegates,KIOST South Korea,KIOST South Korea,kiost south korea,kiost korea south,KIOST South Korea,token_key,low,5,34,False,True,True,,
C0021,"KIOST South Korea, Australia",1,delegates,KIOST South Korea,KIOST South Korea,kiost south korea,kiost korea south,KIOST South Korea,token_key,low,5,34,False,True,True,,
C0021,"KIOST South Korea, Mauritius",1,delegates,KIOST South Korea,KIOST South Korea,kiost south korea,kiost korea south,KIOST South Korea,token_key,low,5,34,False,True,True,,
C0021,"KIOST South Korea, New Zealand",1,delegates,KIOST South Korea,KIOST South Korea,kiost south korea,kiost korea south,KIOST South Korea,token_key,low,5,34,False,True,True,,
C0029,Cooperative Institute for Marine and Atmospheric Studies,18,delegates; delegates_raw; delegates_sanitized; geocode_cache; map_locations; speaker_profiles; speaker_profiles_cache; talks,Cooperative Institute for Marine and Atmospheric Studies,Cooperative Institute for Marine and Atmospheric Studies,cooperative institute for marine and atmospheric studies,atmospheric cooperative institute marine studies,Cooperative Institute for Marine and Atmospheric Studies,token_key,low,4,34,True,False,True,,
C0029,Cooperative Institute For Marine and Atmospheric Studies,12,delegates; delegates_raw; delegates_sanitized; geocode_cache; map_locations; speaker_profiles; speaker_profiles_cache; talks,Cooperative Institute For Marine and Atmospheric Studies,Cooperative Institute For Marine and Atmospheric Studies,cooperative institute for marine and atmospheric studies,atmospheric cooperative institute marine studies,Cooperative Institute for Marine and Atmospheric Studies,token_key,low,4,34,True,False,True,,
C0029,"Cooperative Institute For Marine and Atmospheric Studies, United States",2,delegates; delegates_raw,Cooperative Institute For Marine and Atmospheric Studies,Cooperative Institute For Marine and Atmospheric Studies,cooperative institute for marine and atmospheric studies,atmospheric cooperative institute marine studies,Cooperative Institute for Marine and Atmospheric Studies,token_key,low,4,34,True,False,True,,
C0029,"Cooperative Institute for Marine and Atmospheric Studies, United States",2,delegates; delegates_raw,Cooperative Institute for Marine and Atmospheric Studies,Cooperative Institute for Marine and Atmospheric Studies,cooperative institute for marine and atmospheric studies,atmospheric cooperative institute marine studies,Cooperative Institute for Marine and Atmospheric Studies,token_key,low,4,34,True,False,True,,
C0246,Edith Cowan University,30,delegates; delegates_raw; delegates_sanitized; emissions; geocode_cache; map_locations; speaker_profiles; speaker_profiles_cache; talks,Edith Cowan University,Edith Cowan University,edith cowan university,cowan edith university,Edith Cowan University,token_key,low,2,34,False,True,True,,
C0246,"Edith Cowan University, Australia",4,delegates; delegates_raw,Edith Cowan University,Edith Cowan University,edith cowan university,cowan edith university,Edith Cowan University,token_key,low,2,34,False,True,True,,
C0530,San Diego State University,30,delegates; delegates_raw; delegates_sanitized; emissions; geocode_cache; map_locations; speaker_profiles; speaker_profiles_cache; talks,San Diego State University,San Diego State University,san diego state university,diego san state university,San Diego State University,token_key,low,2,34,False,True,True,,
C0530,"San Diego State University, United States",4,delegates; delegates_raw,San Diego State University,San Diego State University,san diego state university,diego san state university,San Diego State University,token_key,low,2,34,False,True,True,,
C0614,Universiti Malaysia Terengganu,30,delegates; delegates_raw; delegates_sanitized; emissions; geocode_cache; map_locations; speaker_profiles; speaker_profiles_cache; talks,Universiti Malaysia Terengganu,Universiti Malaysia Terengganu,universiti malaysia terengganu,malaysia terengganu universiti,Universiti Malaysia Terengganu,token_key,low,2,34,False,True,True,,
C0614,"Universiti Malaysia Terengganu, Malaysia",4,delegates; delegates_raw,Universiti Malaysia Terengganu,Universiti Malaysia Terengganu,universiti malaysia terengganu,malaysia terengganu universiti,Universiti Malaysia Terengganu,token_key,low,2,34,False,True,True,,
C0227,De La Salle University,31,delegates; delegates_raw; delegates_sanitized; emissions; geocode_cache; map_locations; speaker_profiles; speaker_profiles_cache; talks,De La Salle University,De La Salle University,de la salle university,de la salle university,De La Salle University,token_key,low,2,33,False,True,True,,
C0227,"De La Salle University, Philippines",2,delegates; delegates_raw,De La Salle University,De La Salle University,de la salle university,de la salle university,De La Salle University,token_key,low,2,33,False,True,True,,
C0358,Kitasato University,29,delegates; delegates_raw; delegates_sanitized; emissions; geocode_cache; map_locations; speaker_profiles; speaker_profiles_cache; talks,Kitasato University,Kitasato University,kitasato university,kitasato university,Kitasato University,token_key,low,2,33,False,True,True,,
C0358,"Kitasato University, Japan",4,delegates; delegates_raw,Kitasato University,Kitasato University,kitasato university,kitasato university,Kitasato University,token_key,low,2,33,False,True,True,,
C0496,Puerto Rico Department of Natural and Environmental Resources,27,delegates; delegates_raw; delegates_sanitized; emissions; geocode_cache; map_locations; speaker_profiles; speaker_profiles_cache; talks,Puerto Rico Department of Natural and Environmental Resources,Puerto Rico Department of Natural and Environmental Resources,puerto rico department of natural and environmental resources,department environmental natural puerto resources rico,Puerto Rico Department of Natural and Environmental Resources,token_key,low,2,33,False,True,True,,
C0496,"Puerto Rico Department of Natural and Environmental Resources, Puerto Rico",6,delegates; delegates_raw,Puerto Rico Department of Natural and Environmental Resources,Puerto Rico Department of Natural and Environmental Resources,puerto rico department of natural and environmental resources,department environmental natural puerto resources rico,Puerto Rico Department of Natural and Environmental Resources,token_key,low,2,33,False,True,True,,
C0672,University of New Caledonia,29,delegates; delegates_raw; delegates_sanitized; emissions; geocode_cache; map_locations; speaker_profiles; speaker_profiles_cache; talks,University of New Caledonia,University of New Caledonia,university of new caledonia,caledonia new university,University of New Caledonia,token_key,low,2,33,False,True,True,,
C0672,"University of New Caledonia, New Caledonia",4,delegates; delegates_raw,University of New Caledonia,University of New Caledonia,university of new caledonia,caledonia new university,University of New Caledonia,token_key,low,2,33,False,True,True,,
C0196,College of Charleston,28,delegates; delegates_raw; delegates_sanitized; emissions; geocode_cache; map_locations; speaker_profiles; speaker_profiles_cache; talks,College of Charleston,College of Charleston,college of charleston,charleston college,College of Charleston,token_key,low,2,32,False,True,True,,
C0196,"College of Charleston, United States",4,delegates; delegates_raw,College of Charleston,College of Charleston,college of charleston,charleston college,College of Charleston,token_key,low,2,32,False,True,True,,
C0267,Florida State University,28,delegates; delegates_raw; delegates_sanitized; emissions; geocode_cache; map_locations; speaker_profiles; speaker_profiles_cache; talks,Florida State University,Florida State University,florida state university,florida state university,Florida State University,token_key,low,2,32,False,True,True,,
C0267,"Florida State University, United States",4,delegates; delegates_raw,Florida State University,Florida State University,florida state university,florida state university,Florida State University,token_key,low,2,32,False,True,True,,
C0308,Ifremer,30,delegates; delegates_raw; delegates_sanitized; emissions; geocode_cache; map_locations; speaker_profiles; speaker_profiles_cache; talks,Ifremer,Ifremer,ifremer,ifremer,Ifremer,token_key,low,2,32,False,True,True,,
C0308,"Ifremer, New Caledonia",2,delegates; delegates_raw,Ifremer,Ifremer,ifremer,ifremer,Ifremer,token_key,low,2,32,False,True,True,,
C0389,Marine Environment and Resources Foundation,28,delegates; delegates_raw; delegates_sanitized; geocode_cache; map_locations; speaker_profiles; speaker_profiles_cache; talks,Marine Environment and Resources Foundation,Marine Environment and Resources Foundation,marine environment and resources foundation,environment foundation marine resources,Marine Environment and Resources Foundation,token_key,low,2,32,False,True,True,,
C0389,"Marine Environment and Resources Foundation, Philippines",4,delegates; delegates_raw,Marine Environment and Resources Foundation,Marine Environment and Resources Foundation,marine environment and resources foundation,environment foundation marine resources,Marine Environment and Resources Foundation,token_key,low,2,32,False,True,True,,
C0549,Smithsonian Institution,28,delegates; delegates_raw; delegates_sanitized; emissions; geocode_cache; map_locations; speaker_profiles; speaker_profiles_cache; talks,Smithsonian Institution,Smithsonian Institution,smithsonian institution,institution smithsonian,Smithsonian Institution,token_key,low,2,32,False,True,True,,
C0549,"Smithsonian Institution, United States",4,delegates; delegates_raw,Smithsonian Institution,Smithsonian Institution,smithsonian institution,institution smithsonian,Smithsonian Institution,token_key,low,2,32,False,True,True,,
C0606,Universidade do Estado do Rio de Janeiro,28,delegates; delegates_raw; delegates_sanitized; emissions; geocode_cache; map_locations; speaker_profiles; speaker_profiles_cache; talks,Universidade do Estado do Rio de Janeiro,Universidade do Estado do Rio de Janeiro,universidade do estado do rio de janeiro,de do do estado janeiro rio universidade,Universidade do Estado do Rio de Janeiro,token_key,low,2,32,False,True,True,,
C0606,"Universidade do Estado do Rio de Janeiro, Brazil",4,delegates; delegates_raw,Universidade do Estado do Rio de Janeiro,Universidade do Estado do Rio de Janeiro,universidade do estado do rio de janeiro,de do do estado janeiro rio universidade,Universidade do Estado do Rio de Janeiro,token_key,low,2,32,False,True,True,,
C0036,General Organization for Conservation of Coral Reef in the Red Sea,14,delegates; delegates_raw; delegates_sanitized; geocode_cache; map_locations; speaker_profiles; speaker_profiles_cache; talks,General Organization for Conservation of Coral Reef in the Red Sea,General Organization for Conservation of Coral Reef in the Red Sea,general organization for conservation of coral reef in the red sea,conservation coral general organization red reef sea,General Organization for Conservation of Coral Reef in the Red Sea,"fuzzy:0.99, token_key",high,4,31,True,False,True,,
C0036,General Organization for Conservation of Coral Reefs in the Red Sea,13,delegates; delegates_raw; delegates_sanitized; geocode_cache; map_locations; speaker_profiles; speaker_profiles_cache; talks,General Organization for Conservation of Coral Reefs in the Red Sea,General Organization for Conservation of Coral Reefs in the Red Sea,general organization for conservation of coral reefs in the red sea,conservation coral general organization red reefs sea,General Organization for Conservation of Coral Reef in the Red Sea,"fuzzy:0.99, token_key",high,4,31,True,False,True,,
C0036,"General Organization for Conservation of Coral Reef in the Red Sea, Saudi Arabia",2,delegates; delegates_raw,General Organization for Conservation of Coral Reef in the Red Sea,General Organization for Conservation of Coral Reef in the Red Sea,general organization for conservation of coral reef in the red sea,conservation coral general organization red reef sea,General Organization for Conservation of Coral Reef in the Red Sea,"fuzzy:0.99, token_key",high,4,31,True,False,True,,
C0036,"General Organization for Conservation of Coral Reefs in the Red Sea, Saudi Arabia",2,delegates; delegates_raw,General Organization for Conservation of Coral Reefs in the Red Sea,General Organization for Conservation of Coral Reefs in the Red Sea,general organization for conservation of coral reefs in the red sea,conservation coral general organization red reefs sea,General Organization for Conservation of Coral Reef in the Red Sea,"fuzzy:0.99, token_key",high,4,31,True,False,True,,
C0149,Australian Museum Research Institute,29,delegates; delegates_raw; delegates_sanitized; geocode_cache; map_locations; speaker_profiles; speaker_profiles_cache; talks,Australian Museum Research Institute,Australian Museum Research Institute,australian museum research institute,australian institute museum research,Australian Museum Research Institute,token_key,low,2,31,False,True,True,,
C0149,"Australian Museum Research Institute, Australia",2,delegates; delegates_raw,Australian Museum Research Institute,Australian Museum Research Institute,australian museum research institute,australian institute museum research,Australian Museum Research Institute,token_key,low,2,31,False,True,True,,
C0218,CORDIO East Africa,27,delegates; delegates_raw; delegates_sanitized; emissions; geocode_cache; map_locations; speaker_profiles; speaker_profiles_cache; talks,CORDIO East Africa,CORDIO East Africa,cordio east africa,africa cordio east,CORDIO East Africa,token_key,low,2,31,False,True,True,,
C0218,"CORDIO East Africa, Kenya",4,delegates; delegates_raw,CORDIO East Africa,CORDIO East Africa,cordio east africa,africa cordio east,CORDIO East Africa,token_key,low,2,31,False,True,True,,
C0255,Federal University of Santa Maria,27,delegates; delegates_raw; delegates_sanitized; emissions; geocode_cache; map_locations; speaker_profiles; speaker_profiles_cache; talks,Federal University of Santa Maria,Federal University of Santa Maria,federal university of santa maria,federal maria santa university,Federal University of Santa Maria,token_key,low,2,31,False,True,True,,
C0255,"Federal University of Santa Maria, Brazil",4,delegates; delegates_raw,Federal University of Santa Maria,Federal University of Santa Maria,federal university of santa maria,federal maria santa university,Federal University of Santa Maria,token_key,low,2,31,False,True,True,,
C0652,University of Haifa,27,delegates; delegates_raw; delegates_sanitized; emissions; geocode_cache; map_locations; speaker_profiles; speaker_profiles_cache; talks,University of Haifa,University of Haifa,university of haifa,haifa university,University of Haifa,token_key,low,2,31,False,True,True,,
C0652,"University of Haifa, Israel",4,delegates; delegates_raw,University of Haifa,University of Haifa,university of haifa,haifa university,University of Haifa,token_key,low,2,31,False,True,True,,
C0691,University of Southampton,27,delegates; delegates_raw; delegates_sanitized; emissions; geocode_cache; map_locations; speaker_profiles; speaker_profiles_cache; talks,University of Southampton,University of Southampton,university of southampton,southampton university,University of Southampton,token_key,low,2,31,False,True,True,,
C0691,"University of Southampton, United Kingdom",4,delegates; delegates_raw,University of Southampton,University of Southampton,university of southampton,southampton university,University of Southampton,token_key,low,2,31,False,True,True,,
C0737,World Wide Fund for Nature - Indonesia,27,delegates; delegates_raw; delegates_sanitized; emissions; geocode_cache; map_locations; speaker_profiles; speaker_profiles_cache; talks,World Wide Fund for Nature - Indonesia,World Wide Fund for Nature - Indonesia,world wide fund for nature - indonesia,fund indonesia nature wide world,World Wide Fund for Nature - Indonesia,token_key,low,2,31,False,True,True,,
C0737,"World Wide Fund for Nature - Indonesia, Indonesia",4,delegates; delegates_raw,World Wide Fund for Nature - Indonesia,World Wide Fund for Nature - Indonesia,world wide fund for nature - indonesia,fund indonesia nature wide world,World Wide Fund for Nature - Indonesia,token_key,low,2,31,False,True,True,,
C0051,University of Liege,17,delegates; delegates_sanitized; emissions; map_locations; talks,University of Liege,University of Liege,university of liege,liege university,University of Liège,token_key,high,4,30,True,True,True,,
C0051,University of Liège,9,delegates; delegates_raw; delegates_sanitized; geocode_cache; speaker_profiles; speaker_profiles_cache,University of Liège,University of Liège,university of liege,liege university,University of Liège,token_key,high,4,30,True,True,True,,
C0051,"University of Liège, Belgium",3,delegates; delegates_raw,University of Liège,University of Liège,university of liege,liege university,University of Liège,token_key,high,4,30,True,True,True,,
C0051,"University of Liege, Belgium",1,delegates,University of Liege,University of Liege,university of liege,liege university,University of Liège,token_key,high,4,30,True,True,True,,
C0262,Florida Fish and Wildlife Conservation Commission,26,delegates; delegates_raw; delegates_sanitized; emissions; geocode_cache; map_locations; speaker_profiles; speaker_profiles_cache; talks,Florida Fish and Wildlife Conservation Commission,Florida Fish and Wildlife Conservation Commission,florida fish and wildlife conservation commission,commission conservation fish florida wildlife,Florida Fish and Wildlife Conservation Commission,token_key,low,2,30,False,True,True,,
C0262,"Florida Fish and Wildlife Conservation Commission, United States",4,delegates; delegates_raw,Florida Fish and Wildlife Conservation Commission,Florida Fish and Wildlife Conservation Commission,florida fish and wildlife conservation commission,commission conservation fish florida wildlife,Florida Fish and Wildlife Conservation Commission,token_key,low,2,30,False,True,True,,
C0283,Great Barrier Reef Marine Park Authority,24,delegates; delegates_raw; delegates_sanitized; geocode_cache; map_locations; speaker_profiles; speaker_profiles_cache; talks,Great Barrier Reef Marine Park Authority,Great Barrier Reef Marine Park Authority,great barrier reef marine park authority,authority barrier great marine park reef,Great Barrier Reef Marine Park Authority,token_key,low,2,30,False,True,True,,
C0283,"Great Barrier Reef Marine Park Authority, Australia",6,delegates; delegates_raw,Great Barrier Reef Marine Park Authority,Great Barrier Reef Marine Park Authority,great barrier reef marine park authority,authority barrier great marine park reef,Great Barrier Reef Marine Park Authority,token_key,low,2,30,False,True,True,,
C0304,Horniman Museum and Gardens,28,delegates; delegates_raw; delegates_sanitized; emissions; geocode_cache; map_locations; speaker_profiles; speaker_profiles_cache; talks,Horniman Museum and Gardens,Horniman Museum and Gardens,horniman museum and gardens,gardens horniman museum,Horniman Museum and Gardens,token_key,low,2,30,False,True,True,,
C0304,"Horniman Museum and Gardens, United Kingdom",2,delegates; delegates_raw,Horniman Museum and Gardens,Horniman Museum and Gardens,horniman museum and gardens,gardens horniman museum,Horniman Museum and Gardens,token_key,low,2,30,False,True,True,,
C0518,Rekam Nusantara Foundation,26,delegates; delegates_raw; delegates_sanitized; geocode_cache; map_locations; speaker_profiles; speaker_profiles_cache; talks,Rekam Nusantara Foundation,Rekam Nusantara Foundation,rekam nusantara foundation,foundation nusantara rekam,Rekam Nusantara Foundation,token_key,low,2,30,False,True,True,,
C0518,"Rekam Nusantara Foundation, Indonesia",4,delegates; delegates_raw,Rekam Nusantara Foundation,Rekam Nusantara Foundation,rekam nusantara foundation,foundation nusantara rekam,Rekam Nusantara Foundation,token_key,low,2,30,False,True,True,,
C0525,Royal Netherlands Institute for Sea Research,28,delegates; delegates_raw; delegates_sanitized; emissions; geocode_cache; map_locations; speaker_profiles; speaker_profiles_cache; talks,Royal Netherlands Institute for Sea Research,Royal Netherlands Institute for Sea Research,royal netherlands institute for sea research,institute netherlands research royal sea,Royal Netherlands Institute for Sea Research,token_key,low,2,30,False,True,True,,
C0525,"Royal Netherlands Institute for Sea Research, Netherlands",2,delegates; delegates_raw,Royal Netherlands Institute for Sea Research,Royal Netherlands Institute for Sea Research,royal netherlands institute for sea research,institute netherlands research royal sea,Royal Netherlands Institute for Sea Research,token_key,low,2,30,False,True,True,,
C0629,University of British Columbia,26,delegates; delegates_raw; delegates_sanitized; emissions; geocode_cache; map_locations; speaker_profiles; speaker_profiles_cache; talks,University of British Columbia,University of British Columbia,university of british columbia,british columbia university,University of British Columbia,token_key,low,2,30,False,True,True,,
C0629,"University of British Columbia, Canada",4,delegates; delegates_raw,University of British Columbia,University of British Columbia,university of british columbia,british columbia university,University of British Columbia,token_key,low,2,30,False,True,True,,
C0635,University of California - Riverside,26,delegates; delegates_raw; delegates_sanitized; emissions; geocode_cache; map_locations; speaker_profiles; speaker_profiles_cache; talks,University of California - Riverside,University of California - Riverside,university of california - riverside,california riverside university,University of California - Riverside,token_key,low,2,30,False,True,True,,
C0635,"University of California - Riverside, United States",4,delegates; delegates_raw,University of California - Riverside,University of California - Riverside,university of california - riverside,california riverside university,University of California - Riverside,token_key,low,2,30,False,True,True,,
C0650,University of Georgia,26,delegates; delegates_raw; delegates_sanitized; emissions; geocode_cache; map_locations; speaker_profiles; speaker_profiles_cache; talks,University of Georgia,University of Georgia,university of georgia,georgia university,University of Georgia,token_key,low,2,30,False,True,True,,
C0650,"University of Georgia, United States",4,delegates; delegates_raw,University of Georgia,University of Georgia,university of georgia,georgia university,University of Georgia,token_key,low,2,30,False,True,True,,
C0263,Florida Fish and Wildlife Research Institute,25,delegates; delegates_raw; delegates_sanitized; emissions; geocode_cache; map_locations; speaker_profiles; speaker_profiles_cache; talks,Florida Fish and Wildlife Research Institute,Florida Fish and Wildlife Research Institute,florida fish and wildlife research institute,fish florida institute research wildlife,Florida Fish and Wildlife Research Institute,token_key,low,2,29,False,True,True,,
C0263,"Florida Fish and Wildlife Research Institute, United States",4,delegates; delegates_raw,Florida Fish and Wildlife Research Institute,Florida Fish and Wildlife Research Institute,florida fish and wildlife research institute,fish florida institute research wildlife,Florida Fish and Wildlife Research Institute,token_key,low,2,29,False,True,True,,
C0495,PT Pupuk Kalimantan Timur,23,delegates; delegates_raw; delegates_sanitized; emissions; geocode_cache; map_locations; speaker_profiles; speaker_profiles_cache; talks,PT Pupuk Kalimantan Timur,PT Pupuk Kalimantan Timur,pt pupuk kalimantan timur,kalimantan pt pupuk timur,PT Pupuk Kalimantan Timur,token_key,low,2,29,False,True,True,,
C0495,"PT Pupuk Kalimantan Timur, Indonesia",6,delegates; delegates_raw,PT Pupuk Kalimantan Timur,PT Pupuk Kalimantan Timur,pt pupuk kalimantan timur,kalimantan pt pupuk timur,PT Pupuk Kalimantan Timur,token_key,low,2,29,False,True,True,,
C0587,Tokyo Metropolitan University,25,delegates; delegates_raw; delegates_sanitized; emissions; geocode_cache; map_locations; speaker_profiles; speaker_profiles_cache; talks,Tokyo Metropolitan University,Tokyo Metropolitan University,tokyo metropolitan university,metropolitan tokyo university,Tokyo Metropolitan University,token_key,low,2,29,False,True,True,,
C0587,"Tokyo Metropolitan University, Japan",4,delegates; delegates_raw,Tokyo Metropolitan University,Tokyo Metropolitan University,tokyo metropolitan university,metropolitan tokyo university,Tokyo Metropolitan University,token_key,low,2,29,False,True,True,,
C0634,University of California - Merced,25,delegates; delegates_raw; delegates_sanitized; emissions; geocode_cache; map_locations; speaker_profiles; speaker_profiles_cache; talks,University of California - Merced,University of California - Merced,university of california - merced,california merced university,University of California - Merced,token_key,low,2,29,False,True,True,,
C0634,"University of California - Merced, United States",4,delegates; delegates_raw,University of California - Merced,University of California - Merced,university of california - merced,california merced university,University of California - Merced,token_key,low,2,29,False,True,True,,
C0080,Instituto Tecnologico de Bahia de Banderas,13,emissions; map_locations; talks,Instituto Tecnologico de Bahia de Banderas,Instituto Tecnologico de Bahia de Banderas,instituto tecnologico de bahia de banderas,bahia banderas de de instituto tecnologico,Instituto Tecnológico de Bahía de Banderas,token_key,high,3,28,True,True,True,,
C0080,Instituto Tecnológico de Bahía de Banderas,11,delegates; delegates_raw; delegates_sanitized; geocode_cache; speaker_profiles; speaker_profiles_cache,Instituto Tecnológico de Bahía de Banderas,Instituto Tecnológico de Bahía de Banderas,instituto tecnologico de bahia de banderas,bahia banderas de de instituto tecnologico,Instituto Tecnológico de Bahía de Banderas,token_key,high,3,28,True,True,True,,
C0080,"Instituto Tecnológico de Bahía de Banderas, Mexico",4,delegates; delegates_raw,Instituto Tecnológico de Bahía de Banderas,Instituto Tecnológico de Bahía de Banderas,instituto tecnologico de bahia de banderas,bahia banderas de de instituto tecnologico,Instituto Tecnológico de Bahía de Banderas,token_key,high,3,28,True,True,True,,
C0116,University of Bologna,24,delegates; delegates_raw; delegates_sanitized; emissions; geocode_cache; map_locations; speaker_profiles; speaker_profiles_cache; talks,University of Bologna,University of Bologna,university of bologna,bologna university,University of Bologna,token_key,low,3,28,False,True,True,,
C0116,"University of Bologna, Colombia",2,delegates; delegates_raw,University of Bologna,University of Bologna,university of bologna,bologna university,University of Bologna,token_key,low,3,28,False,True,True,,
C0116,"University of Bologna, Italy",2,delegates; delegates_raw,University of Bologna,University of Bologna,university of bologna,bologna university,University of Bologna,token_key,low,3,28,False,True,True,,
C0265,Florida Keys National Marine Sanctuary,24,delegates; delegates_raw; delegates_sanitized; emissions; geocode_cache; map_locations; speaker_profiles; speaker_profiles_cache; talks,Florida Keys National Marine Sanctuary,Florida Keys National Marine Sanctuary,florida keys national marine sanctuary,florida keys marine national sanctuary,Florida Keys National Marine Sanctuary,token_key,low,2,28,False,True,True,,
C0265,"Florida Keys National Marine Sanctuary, United States",4,delegates; delegates_raw,Florida Keys National Marine Sanctuary,Florida Keys National Marine Sanctuary,florida keys national marine sanctuary,florida keys marine national sanctuary,Florida Keys National Marine Sanctuary,token_key,low,2,28,False,True,True,,
C0541,Seychelles Islands Foundation,24,delegates; delegates_raw; delegates_sanitized; emissions; geocode_cache; map_locations; speaker_profiles; speaker_profiles_cache; talks,Seychelles Islands Foundation,Seychelles Islands Foundation,seychelles islands foundation,foundation islands seychelles,Seychelles Islands Foundation,token_key,low,2,28,False,True,True,,
C0541,"Seychelles Islands Foundation, Seychelles",4,delegates; delegates_raw,Seychelles Islands Foundation,Seychelles Islands Foundation,seychelles islands foundation,foundation islands seychelles,Seychelles Islands Foundation,token_key,low,2,28,False,True,True,,
C0561,Stantec GS,22,delegates; delegates_raw; delegates_sanitized; emissions; geocode_cache; map_locations; speaker_profiles; speaker_profiles_cache; talks,Stantec GS,Stantec GS,stantec gs,gs stantec,Stantec GS,token_key,low,2,28,False,True,True,,
C0561,"Stantec GS, United States",6,delegates; delegates_raw,Stantec GS,Stantec GS,stantec gs,gs stantec,Stantec GS,token_key,low,2,28,False,True,True,,
C0595,UCLouvain,26,delegates; delegates_raw; delegates_sanitized; emissions; geocode_cache; map_locations; speaker_profiles; speaker_profiles_cache; talks,UCLouvain,UCLouvain,uclouvain,uclouvain,UCLouvain,token_key,low,2,28,False,True,True,,
C0595,"UCLouvain, Belgium",2,delegates; delegates_raw,UCLouvain,UCLouvain,uclouvain,uclouvain,UCLouvain,token_key,low,2,28,False,True,True,,
C0647,University of Exeter,24,delegates; delegates_raw; delegates_sanitized; emissions; geocode_cache; map_locations; speaker_profiles; speaker_profiles_cache; talks,University of Exeter,University of Exeter,university of exeter,exeter university,University of Exeter,token_key,low,2,28,False,True,True,,
C0647,"University of Exeter, United Kingdom",4,delegates; delegates_raw,University of Exeter,University of Exeter,university of exeter,exeter university,University of Exeter,token_key,low,2,28,False,True,True,,
C0658,University of Leicester,23,delegates; delegates_raw; delegates_sanitized; emissions; geocode_cache; geocode_overrides; map_locations; speaker_profiles; speaker_profiles_cache; talks,University of Leicester,University of Leicester,university of leicester,leicester university,University of Leicester,token_key,low,2,28,False,True,True,,
C0658,"University of Leicester, United Kingdom",5,delegates; delegates_raw; geocode_cache,University of Leicester,University of Leicester,university of leicester,leicester university,University of Leicester,token_key,low,2,28,False,True,True,,
C0677,University of Oxford,24,delegates; delegates_raw; delegates_sanitized; emissions; geocode_cache; map_locations; speaker_profiles; speaker_profiles_cache; talks,University of Oxford,University of Oxford,university of oxford,oxford university,University of Oxford,token_key,low,2,28,False,True,True,,
C0677,"University of Oxford, United Kingdom",4,delegates; delegates_raw,University of Oxford,University of Oxford,university of oxford,oxford university,University of Oxford,token_key,low,2,28,False,True,True,,
C0031,Corals for Conservation,16,delegates; delegates_raw; delegates_sanitized; geocode_cache; map_locations; speaker_profiles; speaker_profiles_cache; talks,Corals for Conservation,Corals for Conservation,corals for conservation,conservation corals,Corals for Conservation,token_key,high,4,27,True,False,True,,
C0031,Corals For Conservation,5,delegates; delegates_raw; delegates_sanitized; emissions,Corals For Conservation,Corals For Conservation,corals for conservation,conservation corals,Corals for Conservation,token_key,high,4,27,True,False,True,,
C0031,"Corals for Conservation, Fiji",4,delegates; delegates_raw,Corals for Conservation,Corals for Conservation,corals for conservation,conservation corals,Corals for Conservation,token_key,high,4,27,True,False,True,,
C0031,"Corals For Conservation, Fiji",2,delegates; delegates_raw,Corals For Conservation,Corals For Conservation,corals for conservation,conservation corals,Corals for Conservation,token_key,high,4,27,True,False,True,,
C0162,Boston College,25,delegates; delegates_raw; delegates_sanitized; emissions; geocode_cache; map_locations; speaker_profiles; speaker_profiles_cache; talks,Boston College,Boston College,boston college,boston college,Boston College,token_key,low,2,27,False,True,True,,
C0162,"Boston College, United States",2,delegates; delegates_raw,Boston College,Boston College,boston college,boston college,Boston College,token_key,low,2,27,False,True,True,,
C0174,California State University Monterey Bay,23,delegates; delegates_raw; delegates_sanitized; emissions; geocode_cache; map_locations; speaker_profiles; speaker_profiles_cache; talks,California State University Monterey Bay,California State University Monterey Bay,california state university monterey bay,bay california monterey state university,California State University Monterey Bay,token_key,low,2,27,False,True,True,,
C0174,"California State University Monterey Bay, United States",4,delegates; delegates_raw,California State University Monterey Bay,California State University Monterey Bay,california state university monterey bay,bay california monterey state university,California State University Monterey Bay,token_key,low,2,27,False,True,True,,
C0178,Caraga State University / National Sun Yat-sen University,23,delegates; delegates_raw; delegates_sanitized; emissions; geocode_cache; map_locations; speaker_profiles; speaker_profiles_cache; talks,Caraga State University / National Sun Yat-sen University,Caraga State University / National Sun Yat-sen University,caraga state university / national sun yat-sen university,caraga national sen state sun university university yat,Caraga State University / National Sun Yat-sen University,token_key,low,2,27,False,True,True,,
C0178,"Caraga State University / National Sun Yat-sen University, Philippines",4,delegates; delegates_raw,Caraga State University / National Sun Yat-sen University,Caraga State University / National Sun Yat-sen University,caraga state university / national sun yat-sen university,caraga national sen state sun university university yat,Caraga State University / National Sun Yat-sen University,token_key,low,2,27,False,True,True,,
C0363,Kyushu University,23,delegates; delegates_raw; delegates_sanitized; emissions; geocode_cache; map_locations; speaker_profiles; speaker_profiles_cache; talks,Kyushu University,Kyushu University,kyushu university,kyushu university,Kyushu University,token_key,low,2,27,False,True,True,,
C0363,"Kyushu University, Japan",4,delegates; delegates_raw,Kyushu University,Kyushu University,kyushu university,kyushu university,Kyushu University,token_key,low,2,27,False,True,True,,
C0437,National Museum of Marine Biology and Aquarium,23,delegates; delegates_raw; delegates_sanitized; emissions; geocode_cache; map_locations; speaker_profiles; speaker_profiles_cache; talks,National Museum of Marine Biology and Aquarium,National Museum of Marine Biology and Aquarium,national museum of marine biology and aquarium,aquarium biology marine museum national,National Museum of Marine Biology and Aquarium,token_key,low,2,27,False,True,True,,
C0437,"National Museum of Marine Biology and Aquarium, Taiwan",4,delegates; delegates_raw,National Museum of Marine Biology and Aquarium,National Museum of Marine Biology and Aquarium,national museum of marine biology and aquarium,aquarium biology marine museum national,National Museum of Marine Biology and Aquarium,token_key,low,2,27,False,True,True,,
C0711,University of Warwick,23,delegates; delegates_raw; delegates_sanitized; emissions; geocode_cache; map_locations; speaker_profiles; speaker_profiles_cache; talks,University of Warwick,University of Warwick,university of warwick,university warwick,University of Warwick,token_key,low,2,27,False,True,True,,
C0711,"University of Warwick, United Kingdom",4,delegates; delegates_raw,University of Warwick,University of Warwick,university of warwick,university warwick,University of Warwick,token_key,low,2,27,False,True,True,,
C0739,World Wide Fund for Nature - Malaysia,23,delegates; delegates_raw; delegates_sanitized; emissions; geocode_cache; map_locations; speaker_profiles; speaker_profiles_cache; talks,World Wide Fund for Nature - Malaysia,World Wide Fund for Nature - Malaysia,world wide fund for nature - malaysia,fund malaysia nature wide world,World Wide Fund for Nature - Malaysia,token_key,low,2,27,False,True,True,,
C0739,"World Wide Fund for Nature - Malaysia, Malaysia",4,delegates; delegates_raw,World Wide Fund for Nature - Malaysia,World Wide Fund for Nature - Malaysia,world wide fund for nature - malaysia,fund malaysia nature wide world,World Wide Fund for Nature - Malaysia,token_key,low,2,27,False,True,True,,
C0028,Centre for Scientific Research and Higher Education of Ensenada,19,delegates; delegates_raw; delegates_sanitized; geocode_cache; map_locations; speaker_profiles; speaker_profiles_cache; talks,Centre for Scientific Research and Higher Education of Ensenada,Centre for Scientific Research and Higher Education of Ensenada,centre for scientific research and higher education of ensenada,centre education ensenada higher research scientific,Centre for Scientific Research and Higher Education of Ensenada,"fuzzy:0.93, token_key",high,4,26,True,False,True,,
C0028,Centre for Scientific Research and Higher Education of Ensenada Ensenada,3,delegates; delegates_raw; delegates_sanitized,Centre for Scientific Research and Higher Education of Ensenada Ensenada,Centre for Scientific Research and Higher Education of Ensenada Ensenada,centre for scientific research and higher education of ensenada ensenada,centre education ensenada ensenada higher research scientific,Centre for Scientific Research and Higher Education of Ensenada,"fuzzy:0.93, token_key",high,4,26,True,False,True,,
C0028,"Centre for Scientific Research and Higher Education of Ensenada Ensenada, Mexico",2,delegates; delegates_raw,Centre for Scientific Research and Higher Education of Ensenada Ensenada,Centre for Scientific Research and Higher Education of Ensenada Ensenada,centre for scientific research and higher education of ensenada ensenada,centre education ensenada ensenada higher research scientific,Centre for Scientific Research and Higher Education of Ensenada,"fuzzy:0.93, token_key",high,4,26,True,False,True,,
C0028,"Centre for Scientific Research and Higher Education of Ensenada, Mexico",2,delegates; delegates_raw,Centre for Scientific Research and Higher Education of Ensenada,Centre for Scientific Research and Higher Education of Ensenada,centre for scientific research and higher education of ensenada,centre education ensenada higher research scientific,Centre for Scientific Research and Higher Education of Ensenada,"fuzzy:0.93, token_key",high,4,26,True,False,True,,
C0035,Fundacion Dominicana de Estudios Marinos,15,delegates; delegates_sanitized; emissions; map_locations; talks,Fundacion Dominicana de Estudios Marinos,Fundacion Dominicana de Estudios Marinos,fundacion dominicana de estudios marinos,de dominicana estudios fundacion marinos,Fundación Dominicana de Estudios Marinos,token_key,high,4,26,True,True,True,,
C0035,Fundación Dominicana de Estudios Marinos,7,delegates; delegates_raw; delegates_sanitized; geocode_cache; speaker_profiles; speaker_profiles_cache,Fundación Dominicana de Estudios Marinos,Fundación Dominicana de Estudios Marinos,fundacion dominicana de estudios marinos,de dominicana estudios fundacion marinos,Fundación Dominicana de Estudios Marinos,token_key,high,4,26,True,True,True,,
C0035,"Fundación Dominicana de Estudios Marinos, Dominican Republic",3,delegates; delegates_raw,Fundación Dominicana de Estudios Marinos,Fundación Dominicana de Estudios Marinos,fundacion dominicana de estudios marinos,de dominicana estudios fundacion marinos,Fundación Dominicana de Estudios Marinos,token_key,high,4,26,True,True,True,,
C0035,"Fundacion Dominicana de Estudios Marinos, Dominican Republic",1,delegates,Fundacion Dominicana de Estudios Marinos,Fundacion Dominicana de Estudios Marinos,fundacion dominicana de estudios marinos,de dominicana estudios fundacion marinos,Fundación Dominicana de Estudios Marinos,token_key,high,4,26,True,True,True,,
C0217,Coralwatch,22,delegates; delegates_raw; delegates_sanitized; geocode_cache; map_locations; speaker_profiles; speaker_profiles_cache; talks,Coralwatch,Coralwatch,coralwatch,coralwatch,Coralwatch,token_key,low,2,26,False,True,True,,
C0217,"Coralwatch, Australia",4,delegates; delegates_raw,Coralwatch,Coralwatch,coralwatch,coralwatch,Coralwatch,token_key,low,2,26,False,True,True,,
C0287,Guam Coral Reef Initiative,22,delegates; delegates_raw; delegates_sanitized; emissions; geocode_cache; map_locations; speaker_profiles; speaker_profiles_cache; talks,Guam Coral Reef Initiative,Guam Coral Reef Initiative,guam coral reef initiative,coral guam initiative reef,Guam Coral Reef Initiative,token_key,low,2,26,False,True,True,,
C0287,"Guam Coral Reef Initiative, Guam",4,delegates; delegates_raw,Guam Coral Reef Initiative,Guam Coral Reef Initiative,guam coral reef initiative,coral guam initiative reef,Guam Coral Reef Initiative,token_key,low,2,26,False,True,True,,
C0305,I.CARE,22,delegates; delegates_raw; delegates_sanitized; emissions; geocode_cache; map_locations; speaker_profiles; speaker_profiles_cache; talks,I.CARE,I.CARE,i.care,care i,I.CARE,token_key,low,2,26,False,True,True,,
C0305,"I.CARE, United States",4,delegates; delegates_raw,I.CARE,I.CARE,i.care,care i,I.CARE,token_key,low,2,26,False,True,True,,
C0347,Justus Liebig University Giessen,22,delegates; delegates_raw; delegates_sanitized; emissions; geocode_cache; map_locations; speaker_profiles; speaker_profiles_cache; talks,Justus Liebig University Giessen,Justus Liebig University Giessen,justus liebig university giessen,giessen justus liebig university,Justus Liebig University Giessen,token_key,low,2,26,False,True,True,,
C0347,"Justus Liebig University Giessen, Germany",4,delegates; delegates_raw,Justus Liebig University Giessen,Justus Liebig University Giessen,justus liebig university giessen,giessen justus liebig university,Justus Liebig University Giessen,token_key,low,2,26,False,True,True,,
C0697,University of Tasmania,22,delegates; delegates_raw; delegates_sanitized; emissions; geocode_cache; map_locations; speaker_profiles; speaker_profiles_cache; talks,University of Tasmania,University of Tasmania,university of tasmania,tasmania university,University of Tasmania,token_key,low,2,26,False,True,True,,
C0697,"University of Tasmania, Australia",4,delegates; delegates_raw,University of Tasmania,University of Tasmania,university of tasmania,tasmania university,University of Tasmania,token_key,low,2,26,False,True,True,,
C0113,Universite Libre de Bruxelles,17,emissions; map_locations; talks,Universite Libre de Bruxelles,Universite Libre de Bruxelles,universite libre de bruxelles,bruxelles de libre universite,Université Libre de Bruxelles,token_key,high,3,25,True,True,True,,
C0113,Université Libre de Bruxelles,6,delegates; delegates_raw; delegates_sanitized; geocode_cache; speaker_profiles; speaker_profiles_cache,Université Libre de Bruxelles,Université Libre de Bruxelles,universite libre de bruxelles,bruxelles de libre universite,Université Libre de Bruxelles,token_key,high,3,25,True,True,True,,
C0113,"Université Libre de Bruxelles, Belgium",2,delegates; delegates_raw,Université Libre de Bruxelles,Université Libre de Bruxelles,universite libre de bruxelles,bruxelles de libre universite,Université Libre de Bruxelles,token_key,high,3,25,True,True,True,,
C0121,"University of Maine, Presque Isle; University of Southern California, Los Angeles",17,emissions; map_locations; talks,"University of Maine, Presque Isle; University of Southern California, Los Angeles","University of Maine, Presque Isle; University of Southern California, Los Angeles","university of maine, presque isle; university of southern california, los angeles",angeles california isle los maine presque southern university university,"University of Maine, Presque Isle; University of Southern California, Los Angeles",token_key,high,3,25,True,True,True,,
C0121,"University Of Maine, Presque Isle; University of Southern California, Los Angeles",6,delegates; delegates_raw; delegates_sanitized; geocode_cache; speaker_profiles; speaker_profiles_cache,"University Of Maine, Presque Isle; University of Southern California, Los Angeles","University Of Maine, Presque Isle; University of Southern California, Los Angeles","university of maine, presque isle; university of southern california, los angeles",angeles california isle los maine presque southern university university,"University of Maine, Presque Isle; University of Southern California, Los Angeles",token_key,high,3,25,True,True,True,,
C0121,"University Of Maine, Presque Isle; University of Southern California, Los Angeles, United States",2,delegates; delegates_raw,"University Of Maine, Presque Isle; University of Southern California, Los Angeles","University Of Maine, Presque Isle; University of Southern California, Los Angeles","university of maine, presque isle; university of southern california, los angeles",angeles california isle los maine presque southern university university,"University of Maine, Presque Isle; University of Southern California, Los Angeles",token_key,high,3,25,True,True,True,,
C0330,Instituto Politecnico Nacional,23,delegates; delegates_raw; delegates_sanitized; emissions; geocode_cache; map_locations; speaker_profiles; speaker_profiles_cache; talks,Instituto Politecnico Nacional,Instituto Politecnico Nacional,instituto politecnico nacional,instituto nacional politecnico,Instituto Politecnico Nacional,token_key,low,2,25,False,True,True,,
C0330,"Instituto Politecnico Nacional, Mexico",2,delegates; delegates_raw,Instituto Politecnico Nacional,Instituto Politecnico Nacional,instituto politecnico nacional,instituto nacional politecnico,Instituto Politecnico Nacional,token_key,low,2,25,False,True,True,,
C0398,McGill University,23,delegates; delegates_raw; delegates_sanitized; emissions; geocode_cache; map_locations; speaker_profiles; speaker_profiles_cache; talks,McGill University,McGill University,mcgill university,mcgill university,McGill University,token_key,low,2,25,False,True,True,,
C0398,"McGill University, Canada",2,delegates; delegates_raw,McGill University,McGill University,mcgill university,mcgill university,McGill University,token_key,low,2,25,False,True,True,,
C0751,Zoological Survey of India,23,delegates; delegates_raw; delegates_sanitized; emissions; geocode_cache; map_locations; speaker_profiles; speaker_profiles_cache; talks,Zoological Survey of India,Zoological Survey of India,zoological survey of india,india survey zoological,Zoological Survey of India,token_key,low,2,25,False,True,True,,
C0751,"Zoological Survey of India, India",2,delegates; delegates_raw,Zoological Survey of India,Zoological Survey of India,zoological survey of india,india survey zoological,Zoological Survey of India,token_key,low,2,25,False,True,True,,
C0082,KAUST & Harvard T.H. Chan School of Public Health,19,delegates; delegates_raw; delegates_sanitized; emissions; map_locations; talks,KAUST & Harvard T.H. Chan School of Public Health,KAUST & Harvard T.H. Chan School of Public Health,kaust & harvard t.h. chan school of public health,chan h harvard health kaust public school t,KAUST & Harvard T.H. Chan School of Public Health,token_key,low,3,24,False,True,True,,
C0082,KAUST  & Harvard T.H. Chan School of Public Health,3,geocode_cache; speaker_profiles; speaker_profiles_cache,KAUST & Harvard T.H. Chan School of Public Health,KAUST & Harvard T.H. Chan School of Public Health,kaust & harvard t.h. chan school of public health,chan h harvard health kaust public school t,KAUST & Harvard T.H. Chan School of Public Health,token_key,low,3,24,False,True,True,,
C0082,"KAUST & Harvard T.H. Chan School of Public Health, Saudi Arabia",2,delegates; delegates_raw,KAUST & Harvard T.H. Chan School of Public Health,KAUST & Harvard T.H. Chan School of Public Health,kaust & harvard t.h. chan school of public health,chan h harvard health kaust public school t,KAUST & Harvard T.H. Chan School of Public Health,token_key,low,3,24,False,True,True,,
C0177,Cape Eleuthera Institute,18,delegates; delegates_raw; delegates_sanitized; emissions; geocode_cache; map_locations; speaker_profiles; speaker_profiles_cache; talks,Cape Eleuthera Institute,Cape Eleuthera Institute,cape eleuthera institute,cape eleuthera institute,Cape Eleuthera Institute,token_key,low,2,24,False,True,True,,
C0177,"Cape Eleuthera Institute, Bahamas",6,delegates; delegates_raw,Cape Eleuthera Institute,Cape Eleuthera Institute,cape eleuthera institute,cape eleuthera institute,Cape Eleuthera Institute,token_key,low,2,24,False,True,True,,
C0228,Delta Environmental and Educational Foundation,16,delegates; delegates_raw; delegates_sanitized; emissions,Delta Environmental and Educational Foundation,Delta Environmental and Educational Foundation,delta environmental and educational foundation,delta educational environmental foundation,Delta Environmental and Educational Foundation,token_key,low,2,24,False,True,True,,
C0228,"Delta Environmental and Educational Foundation, Taiwan",8,delegates; delegates_raw,Delta Environmental and Educational Foundation,Delta Environmental and Educational Foundation,delta environmental and educational foundation,delta educational environmental foundation,Delta Environmental and Educational Foundation,token_key,low,2,24,False,True,True,,
C0254,Federal University of Pernambuco,22,delegates; delegates_raw; delegates_sanitized; emissions; geocode_cache; map_locations; speaker_profiles; speaker_profiles_cache; talks,Federal University of Pernambuco,Federal University of Pernambuco,federal university of pernambuco,federal pernambuco university,Federal University of Pernambuco,token_key,low,2,24,False,True,True,,
C0254,"Federal University of Pernambuco, Brazil",2,delegates; delegates_raw,Federal University of Pernambuco,Federal University of Pernambuco,federal university of pernambuco,federal pernambuco university,Federal University of Pernambuco,token_key,low,2,24,False,True,True,,
C0333,International Islamic University Malaysia,20,delegates; delegates_raw; delegates_sanitized; emissions; geocode_cache; map_locations; speaker_profiles; speaker_profiles_cache; talks,International Islamic University Malaysia,International Islamic University Malaysia,international islamic university malaysia,international islamic malaysia university,International Islamic University Malaysia,token_key,low,2,24,False,True,True,,
C0333,"International Islamic University Malaysia, Malaysia",4,delegates; delegates_raw,International Islamic University Malaysia,International Islamic University Malaysia,international islamic university malaysia,international islamic malaysia university,International Islamic University Malaysia,token_key,low,2,24,False,True,True,,
C0383,MARE,20,delegates; delegates_raw; delegates_sanitized; emissions; geocode_cache; map_locations; speaker_profiles; speaker_profiles_cache; talks,MARE,MARE,mare,mare,MARE,token_key,low,2,24,False,True,True,,
C0383,"MARE, Portugal",4,delegates; delegates_raw,MARE,MARE,mare,mare,MARE,token_key,low,2,24,False,True,True,,
C0480,One People One Reef,20,delegates; delegates_raw; delegates_sanitized; geocode_cache; map_locations; speaker_profiles; speaker_profiles_cache; talks,One People One Reef,One People One Reef,one people one reef,one one people reef,One People One Reef,token_key,low,2,24,False,True,True,,
C0480,"One People One Reef, United States",4,delegates; delegates_raw,One People One Reef,One People One Reef,one people one reef,one one people reef,One People One Reef,token_key,low,2,24,False,True,True,,
C0500,Queensland Museum,20,delegates; delegates_raw; delegates_sanitized; emissions; geocode_cache; map_locations; speaker_profiles; speaker_profiles_cache; talks,Queensland Museum,Queensland Museum,queensland museum,museum queensland,Queensland Museum,token_key,low,2,24,False,True,True,,
C0500,"Queensland Museum, Australia",4,delegates; delegates_raw,Queensland Museum,Queensland Museum,queensland museum,museum queensland,Queensland Museum,token_key,low,2,24,False,True,True,,
C0512,Reef Check Indonesia,20,delegates; delegates_raw; delegates_sanitized; emissions; geocode_cache; map_locations; speaker_profiles; speaker_profiles_cache; talks,Reef Check Indonesia,Reef Check Indonesia,reef check indonesia,check indonesia reef,Reef Check Indonesia,token_key,low,2,24,False,True,True,,
C0512,"Reef Check Indonesia, Indonesia",4,delegates; delegates_raw,Reef Check Indonesia,Reef Check Indonesia,reef check indonesia,check indonesia reef,Reef Check Indonesia,token_key,low,2,24,False,True,True,,
C0179,Cefas,21,delegates; delegates_raw; delegates_sanitized; emissions; geocode_cache; map_locations; speaker_profiles; speaker_profiles_cache; talks,Cefas,Cefas,cefas,cefas,Cefas,token_key,low,2,23,False,True,True,,
C0179,"Cefas, United Kingdom",2,delegates; delegates_raw,Cefas,Cefas,cefas,cefas,Cefas,token_key,low,2,23,False,True,True,,
C0317,Institut Halieutique et des Sciences Marines,20,delegates; delegates_raw; delegates_sanitized; emissions; geocode_cache; map_locations; speaker_profiles; speaker_profiles_cache; talks,Institut Halieutique et des Sciences Marines,Institut Halieutique et des Sciences Marines,institut halieutique et des sciences marines,des et halieutique institut marines sciences,Institut Halieutique et des Sciences Marines,token_key,low,2,23,False,True,True,,
C0317,"Institut Halieutique et des Sciences Marines, Madagascar",3,delegates; delegates_raw,Institut Halieutique et des Sciences Marines,Institut Halieutique et des Sciences Marines,institut halieutique et des sciences marines,des et halieutique institut marines sciences,Institut Halieutique et des Sciences Marines,token_key,low,2,23,False,True,True,,
C0353,KAUST Coral Restoration Initiative,21,delegates; delegates_raw; delegates_sanitized; emissions; geocode_cache; map_locations; speaker_profiles; speaker_profiles_cache; talks,KAUST Coral Restoration Initiative,KAUST Coral Restoration Initiative,kaust coral restoration initiative,coral initiative kaust restoration,KAUST Coral Restoration Initiative,token_key,low,2,23,False,True,True,,
C0353,"KAUST Coral Restoration Initiative, Saudi Arabia",2,delegates; delegates_raw,KAUST Coral Restoration Initiative,KAUST Coral Restoration Initiative,kaust coral restoration initiative,coral initiative kaust restoration,KAUST Coral Restoration Initiative,token_key,low,2,23,False,True,True,,
C0360,"Kokusai Kogyo Co., Ltd.",19,delegates; delegates_raw; delegates_sanitized; emissions; geocode_cache; map_locations; speaker_profiles; speaker_profiles_cache; talks,"Kokusai Kogyo Co., Ltd.","Kokusai Kogyo Co., Ltd.","kokusai kogyo co., ltd.",co kogyo kokusai ltd,"Kokusai Kogyo Co., Ltd.",token_key,low,2,23,False,True,True,,
C0360,"Kokusai Kogyo Co., Ltd., Japan",4,delegates; delegates_raw,"Kokusai Kogyo Co., Ltd.","Kokusai Kogyo Co., Ltd.","kokusai kogyo co., ltd.",co kogyo kokusai ltd,"Kokusai Kogyo Co., Ltd.",token_key,low,2,23,False,True,True,,
C0511,Reef and Rainforest Research Centre,19,delegates; delegates_raw; delegates_sanitized; geocode_cache; map_locations; speaker_profiles; speaker_profiles_cache; talks,Reef and Rainforest Research Centre,Reef and Rainforest Research Centre,reef and rainforest research centre,centre rainforest reef research,Reef and Rainforest Research Centre,token_key,low,2,23,False,True,True,,
C0511,"Reef and Rainforest Research Centre, Australia",4,delegates; delegates_raw,Reef and Rainforest Research Centre,Reef and Rainforest Research Centre,reef and rainforest research centre,centre rainforest reef research,Reef and Rainforest Research Centre,token_key,low,2,23,False,True,True,,
C0611,Universidade Federal Fluminense,19,delegates; delegates_raw; delegates_sanitized; emissions; geocode_cache; map_locations; speaker_profiles; speaker_profiles_cache; talks,Universidade Federal Fluminense,Universidade Federal Fluminense,universidade federal fluminense,federal fluminense universidade,Universidade Federal Fluminense,token_key,low,2,23,False,True,True,,
C0611,"Universidade Federal Fluminense, Brazil",4,delegates; delegates_raw,Universidade Federal Fluminense,Universidade Federal Fluminense,universidade federal fluminense,federal fluminense universidade,Universidade Federal Fluminense,token_key,low,2,23,False,True,True,,
C0618,University Heidelberg,21,delegates; delegates_raw; delegates_sanitized; emissions; geocode_cache; map_locations; speaker_profiles; speaker_profiles_cache; talks,University Heidelberg,University Heidelberg,university heidelberg,heidelberg university,University Heidelberg,token_key,low,2,23,False,True,True,,
C0618,"University Heidelberg, Germany",2,delegates; delegates_raw,University Heidelberg,University Heidelberg,university heidelberg,heidelberg university,University Heidelberg,token_key,low,2,23,False,True,True,,
C0037,Gunggandji-mandingalbay Yidinji Peoples Prescribed Body Corporate Aboriginal Corporation,14,delegates; delegates_raw; delegates_sanitized; geocode_cache; map_locations; speaker_profiles; speaker_profiles_cache; talks,Gunggandji-mandingalbay Yidinji Peoples Prescribed Body Corporate Aboriginal Corporation,Gunggandji-mandingalbay Yidinji Peoples Prescribed Body Corporate Aboriginal Corporation,gunggandji-mandingalbay yidinji peoples prescribed body corporate aboriginal corporation,aboriginal body corporate corporation gunggandji mandingalbay peoples prescribed yidinji,Gunggandji-mandingalbay Yidinji Peoples Prescribed Body Corporate Aboriginal Corporation,token_key,low,4,22,True,False,True,,
C0037,Gunggandji-Mandingalbay Yidinji Peoples Prescribed Body Corporate Aboriginal Corporation,4,delegates; delegates_raw; delegates_sanitized; map_locations,Gunggandji-Mandingalbay Yidinji Peoples Prescribed Body Corporate Aboriginal Corporation,Gunggandji-Mandingalbay Yidinji Peoples Prescribed Body Corporate Aboriginal Corporation,gunggandji-mandingalbay yidinji peoples prescribed body corporate aboriginal corporation,aboriginal body corporate corporation gunggandji mandingalbay peoples prescribed yidinji,Gunggandji-mandingalbay Yidinji Peoples Prescribed Body Corporate Aboriginal Corporation,token_key,low,4,22,True,False,True,,
C0037,"Gunggandji-Mandingalbay Yidinji Peoples Prescribed Body Corporate Aboriginal Corporation, Australia",2,delegates; delegates_raw,Gunggandji-Mandingalbay Yidinji Peoples Prescribed Body Corporate Aboriginal Corporation,Gunggandji-Mandingalbay Yidinji Peoples Prescribed Body Corporate Aboriginal Corporation,gunggandji-mandingalbay yidinji peoples prescribed body corporate aboriginal corporation,aboriginal body corporate corporation gunggandji mandingalbay peoples prescribed yidinji,Gunggandji-mandingalbay Yidinji Peoples Prescribed Body Corporate Aboriginal Corporation,token_key,low,4,22,True,False,True,,
C0037,"Gunggandji-mandingalbay Yidinji Peoples Prescribed Body Corporate Aboriginal Corporation, Australia",2,delegates; delegates_raw,Gunggandji-mandingalbay Yidinji Peoples Prescribed Body Corporate Aboriginal Corporation,Gunggandji-mandingalbay Yidinji Peoples Prescribed Body Corporate Aboriginal Corporation,gunggandji-mandingalbay yidinji peoples prescribed body corporate aboriginal corporation,aboriginal body corporate corporation gunggandji mandingalbay peoples prescribed yidinji,Gunggandji-mandingalbay Yidinji Peoples Prescribed Body Corporate Aboriginal Corporation,token_key,low,4,22,True,False,True,,
C0039,National Center for Wildlife,13,delegates; delegates_raw; delegates_sanitized; emissions; geocode_cache; map_locations; speaker_profiles; speaker_profiles_cache; talks,National Center for Wildlife,National Center for Wildlife,national center for wildlife,center national wildlife,National Center for Wildlife,"fingerprint, token_key",high,4,22,True,False,True,,
C0039,National Center of Wildlife,5,delegates; delegates_raw; delegates_sanitized; emissions,National Center of Wildlife,National Center of Wildlife,national center of wildlife,center national wildlife,National Center for Wildlife,"fingerprint, token_key",high,4,22,True,False,True,,
C0039,"National Center for Wildlife, Saudi Arabia",2,delegates; delegates_raw,National Center for Wildlife,National Center for Wildlife,national center for wildlife,center national wildlife,National Center for Wildlife,"fingerprint, token_key",high,4,22,True,False,True,,
C0039,"National Center of Wildlife, Saudi Arabia",2,delegates; delegates_raw,National Center of Wildlife,National Center of Wildlife,national center of wildlife,center national wildlife,National Center for Wildlife,"fingerprint, token_key",high,4,22,True,False,True,,
C0097,The Florida Aquarium,11,delegates; delegates_raw; delegates_sanitized; geocode_cache; speaker_profiles; speaker_profiles_cache,The Florida Aquarium,The Florida Aquarium,the florida aquarium,aquarium florida,The Florida Aquarium,token_key,high,3,22,True,True,True,,
C0097,the Florida Aquarium,7,map_locations; talks,the Florida Aquarium,the Florida Aquarium,the florida aquarium,aquarium florida,The Florida Aquarium,token_key,high,3,22,True,True,True,,
C0097,"The Florida Aquarium, United States",4,delegates; delegates_raw,The Florida Aquarium,The Florida Aquarium,the florida aquarium,aquarium florida,The Florida Aquarium,token_key,high,3,22,True,True,True,,
C0141,"Aquatic Resources Research Institute, Chualalongkorn University",20,delegates; delegates_raw; delegates_sanitized; geocode_cache; map_locations; speaker_profiles; speaker_profiles_cache; talks,"Aquatic Resources Research Institute, Chualalongkorn University","Aquatic Resources Research Institute, Chualalongkorn University","aquatic resources research institute, chualalongkorn university",aquatic chualalongkorn institute research resources university,"Aquatic Resources Research Institute, Chualalongkorn University",token_key,low,2,22,False,True,True,,
C0141,"Aquatic Resources Research Institute, Chualalongkorn University, Thailand",2,delegates; delegates_raw,"Aquatic Resources Research Institute, Chualalongkorn University","Aquatic Resources Research Institute, Chualalongkorn University","aquatic resources research institute, chualalongkorn university",aquatic chualalongkorn institute research resources university,"Aquatic Resources Research Institute, Chualalongkorn University",token_key,low,2,22,False,True,True,,
C0281,"Global Science and Technology, LLC",20,delegates; delegates_raw; delegates_sanitized; emissions; geocode_cache; map_locations; speaker_profiles; speaker_profiles_cache; talks,"Global Science and Technology, LLC","Global Science and Technology, LLC","global science and technology, llc",global llc science technology,"Global Science and Technology, LLC",token_key,low,2,22,False,True,True,,
C0281,"Global Science and Technology, LLC, United States",2,delegates; delegates_raw,"Global Science and Technology, LLC","Global Science and Technology, LLC","global science and technology, llc",global llc science technology,"Global Science and Technology, LLC",token_key,low,2,22,False,True,True,,
C0470,Ocean University of Sri Lanka,20,delegates; delegates_raw; delegates_sanitized; emissions; geocode_cache; map_locations; speaker_profiles; speaker_profiles_cache; talks,Ocean University of Sri Lanka,Ocean University of Sri Lanka,ocean university of sri lanka,lanka ocean sri university,Ocean University of Sri Lanka,token_key,low,2,22,False,True,True,,
C0470,"Ocean University of Sri Lanka, Sri Lanka",2,delegates; delegates_raw,Ocean University of Sri Lanka,Ocean University of Sri Lanka,ocean university of sri lanka,lanka ocean sri university,Ocean University of Sri Lanka,token_key,low,2,22,False,True,True,,
C0506,Randolph-Macon College,20,delegates; delegates_raw; delegates_sanitized; emissions; geocode_cache; map_locations; speaker_profiles; speaker_profiles_cache; talks,Randolph-Macon College,Randolph-Macon College,randolph-macon college,college macon randolph,Randolph-Macon College,token_key,low,2,22,False,True,True,,
C0506,"Randolph-Macon College, United States",2,delegates; delegates_raw,Randolph-Macon College,Randolph-Macon College,randolph-macon college,college macon randolph,Randolph-Macon College,token_key,low,2,22,False,True,True,,
C0531,Saudi Aramco,20,delegates; delegates_raw; delegates_sanitized; emissions; geocode_cache; map_locations; speaker_profiles; speaker_profiles_cache; talks,Saudi Aramco,Saudi Aramco,saudi aramco,aramco saudi,Saudi Aramco,token_key,low,2,22,False,True,True,,
C0531,"Saudi Aramco, Saudi Arabia",2,delegates; delegates_raw,Saudi Aramco,Saudi Aramco,saudi aramco,aramco saudi,Saudi Aramco,token_key,low,2,22,False,True,True,,
C0545,Shoals Rodrigues,20,delegates; delegates_raw; delegates_sanitized; emissions; geocode_cache; map_locations; speaker_profiles; speaker_profiles_cache; talks,Shoals Rodrigues,Shoals Rodrigues,shoals rodrigues,rodrigues shoals,Shoals Rodrigues,token_key,low,2,22,False,True,True,,
C0545,"Shoals Rodrigues, Mauritius",2,delegates; delegates_raw,Shoals Rodrigues,Shoals Rodrigues,shoals rodrigues,rodrigues shoals,Shoals Rodrigues,token_key,low,2,22,False,True,True,,
C0623,University of Antsiranana,20,delegates; delegates_raw; delegates_sanitized; emissions; geocode_cache; geocode_overrides; map_locations; speaker_profiles; speaker_profiles_cache; talks,University of Antsiranana,University of Antsiranana,university of antsiranana,antsiranana university,University of Antsiranana,token_key,low,2,22,False,True,True,,
C0623,"University of Antsiranana, Madagascar",2,delegates; delegates_raw,University of Antsiranana,University of Antsiranana,university of antsiranana,antsiranana university,University of Antsiranana,token_key,low,2,22,False,True,True,,
C0641,University of Chicago,20,delegates; delegates_raw; delegates_sanitized; emissions; geocode_cache; map_locations; speaker_profiles; speaker_profiles_cache; talks,University of Chicago,University of Chicago,university of chicago,chicago university,University of Chicago,token_key,low,2,22,False,True,True,,
C0641,"University of Chicago, United States",2,delegates; delegates_raw,University of Chicago,University of Chicago,university of chicago,chicago university,University of Chicago,token_key,low,2,22,False,True,True,,
C0649,University of Geneva,20,delegates; delegates_raw; delegates_sanitized; emissions; geocode_cache; map_locations; speaker_profiles; speaker_profiles_cache; talks,University of Geneva,University of Geneva,university of geneva,geneva university,University of Geneva,token_key,low,2,22,False,True,True,,
C0649,"University of Geneva, Switzerland",2,delegates; delegates_raw,University of Geneva,University of Geneva,university of geneva,geneva university,University of Geneva,token_key,low,2,22,False,True,True,,
C0074,Federal University of Parana,13,emissions; map_locations; talks,Federal University of Parana,Federal University of Parana,federal university of parana,federal parana university,Federal University of Paraná,token_key,high,3,21,True,True,True,,
C0074,Federal University of Paraná,6,delegates; delegates_raw; delegates_sanitized; geocode_cache; speaker_profiles; speaker_profiles_cache,Federal University of Paraná,Federal University of Paraná,federal university of parana,federal parana university,Federal University of Paraná,token_key,high,3,21,True,True,True,,
C0074,"Federal University of Paraná, Brazil",2,delegates; delegates_raw,Federal University of Paraná,Federal University of Paraná,federal university of parana,federal parana university,Federal University of Paraná,token_key,high,3,21,True,True,True,,
C0077,"Hoʻāla Kealakekua Nui, Inc.",9,delegates; delegates_raw; delegates_sanitized; geocode_cache; speaker_profiles; speaker_profiles_cache,"Hoʻāla Kealakekua Nui, Inc.","Hoʻāla Kealakekua Nui, Inc.","hoala kealakekua nui, inc.",hoala inc kealakekua nui,"Hoʻāla Kealakekua Nui, Inc.",token_key,high,3,21,True,True,True,,
C0077,"Hoala Kealakekua Nui, Inc.",7,emissions; geocode_overrides; map_locations; talks,"Hoala Kealakekua Nui, Inc.","Hoala Kealakekua Nui, Inc.","hoala kealakekua nui, inc.",hoala inc kealakekua nui,"Hoʻāla Kealakekua Nui, Inc.",token_key,high,3,21,True,True,True,,
C0077,"Hoʻāla Kealakekua Nui, Inc., United States",5,delegates; delegates_raw; geocode_cache,"Hoʻāla Kealakekua Nui, Inc.","Hoʻāla Kealakekua Nui, Inc.","hoala kealakekua nui, inc.",hoala inc kealakekua nui,"Hoʻāla Kealakekua Nui, Inc.",token_key,high,3,21,True,True,True,,
C0235,Division of Aquatic and Wildlife Resources - Guam,19,delegates; delegates_raw; delegates_sanitized; emissions; geocode_cache; map_locations; speaker_profiles; speaker_profiles_cache; talks,Division of Aquatic and Wildlife Resources - Guam,Division of Aquatic and Wildlife Resources - Guam,division of aquatic and wildlife resources - guam,aquatic division guam resources wildlife,Division of Aquatic and Wildlife Resources - Guam,token_key,low,2,21,False,True,True,,
C0235,"Division of Aquatic and Wildlife Resources - Guam, Guam",2,delegates; delegates_raw,Division of Aquatic and Wildlife Resources - Guam,Division of Aquatic and Wildlife Resources - Guam,division of aquatic and wildlife resources - guam,aquatic division guam resources wildlife,Division of Aquatic and Wildlife Resources - Guam,token_key,low,2,21,False,True,True,,
C0259,Fisheries Technology Institute,19,delegates; delegates_raw; delegates_sanitized; emissions; geocode_cache; map_locations; speaker_profiles; speaker_profiles_cache; talks,Fisheries Technology Institute,Fisheries Technology Institute,fisheries technology institute,fisheries institute technology,Fisheries Technology Institute,token_key,low,2,21,False,True,True,,
C0259,"Fisheries Technology Institute, Japan",2,delegates; delegates_raw,Fisheries Technology Institute,Fisheries Technology Institute,fisheries technology institute,fisheries institute technology,Fisheries Technology Institute,token_key,low,2,21,False,True,True,,
C0288,Guangxi University,17,delegates; delegates_raw; delegates_sanitized; emissions; geocode_cache; map_locations; speaker_profiles; speaker_profiles_cache; talks,Guangxi University,Guangxi University,guangxi university,guangxi university,Guangxi University,token_key,low,2,21,False,True,True,,
C0288,"Guangxi University, China",4,delegates; delegates_raw,Guangxi University,Guangxi University,guangxi university,guangxi university,Guangxi University,token_key,low,2,21,False,True,True,,
C0328,Instituto de Estudos do Mar Almirante Paulo Moreira,17,delegates; delegates_raw; delegates_sanitized; emissions; geocode_cache; map_locations; speaker_profiles; speaker_profiles_cache; talks,Instituto de Estudos do Mar Almirante Paulo Moreira,Instituto de Estudos do Mar Almirante Paulo Moreira,instituto de estudos do mar almirante paulo moreira,almirante de do estudos instituto mar moreira paulo,Instituto de Estudos do Mar Almirante Paulo Moreira,token_key,low,2,21,False,True,True,,
C0328,"Instituto de Estudos do Mar Almirante Paulo Moreira, Brazil",4,delegates; delegates_raw,Instituto de Estudos do Mar Almirante Paulo Moreira,Instituto de Estudos do Mar Almirante Paulo Moreira,instituto de estudos do mar almirante paulo moreira,almirante de do estudos instituto mar moreira paulo,Instituto de Estudos do Mar Almirante Paulo Moreira,token_key,low,2,21,False,True,True,,
C0334,IPB University,19,delegates; delegates_raw; delegates_sanitized; emissions; geocode_cache; map_locations; speaker_profiles; speaker_profiles_cache; talks,IPB University,IPB University,ipb university,ipb university,IPB University,token_key,low,2,21,False,True,True,,
C0334,"IPB University, Indonesia",2,delegates; delegates_raw,IPB University,IPB University,ipb university,ipb university,IPB University,token_key,low,2,21,False,True,True,,
C0379,Mahonia Na Dari,17,delegates; delegates_raw; delegates_sanitized; emissions; geocode_cache; map_locations; speaker_profiles; speaker_profiles_cache; talks,Mahonia Na Dari,Mahonia Na Dari,mahonia na dari,dari mahonia na,Mahonia Na Dari,token_key,low,2,21,False,True,True,,
C0379,"Mahonia Na Dari, Papua New Guinea",4,delegates; delegates_raw,Mahonia Na Dari,Mahonia Na Dari,mahonia na dari,dari mahonia na,Mahonia Na Dari,token_key,low,2,21,False,True,True,,
C0399,Meio University,19,delegates; delegates_raw; delegates_sanitized; emissions; geocode_cache; map_locations; speaker_profiles; speaker_profiles_cache; talks,Meio University,Meio University,meio university,meio university,Meio University,token_key,low,2,21,False,True,True,,
C0399,"Meio University, Japan",2,delegates; delegates_raw,Meio University,Meio University,meio university,meio university,Meio University,token_key,low,2,21,False,True,True,,
C0400,Memorial University of Newfoundland and Labrador,19,delegates; delegates_raw; delegates_sanitized; emissions; geocode_cache; map_locations; speaker_profiles; speaker_profiles_cache; talks,Memorial University of Newfoundland and Labrador,Memorial University of Newfoundland and Labrador,memorial university of newfoundland and labrador,labrador memorial newfoundland university,Memorial University of Newfoundland and Labrador,token_key,low,2,21,False,True,True,,
C0400,"Memorial University of Newfoundland and Labrador, Canada",2,delegates; delegates_raw,Memorial University of Newfoundland and Labrador,Memorial University of Newfoundland and Labrador,memorial university of newfoundland and labrador,labrador memorial newfoundland university,Memorial University of Newfoundland and Labrador,token_key,low,2,21,False,True,True,,
C0401,MesoReef DAO Foundation,19,delegates; delegates_raw; delegates_sanitized; geocode_cache; map_locations; speaker_profiles; speaker_profiles_cache; talks,MesoReef DAO Foundation,MesoReef DAO Foundation,mesoreef dao foundation,dao foundation mesoreef,MesoReef DAO Foundation,token_key,low,2,21,False,True,True,,
C0401,"MesoReef DAO Foundation, Mexico",2,delegates; delegates_raw,MesoReef DAO Foundation,MesoReef DAO Foundation,mesoreef dao foundation,dao foundation mesoreef,MesoReef DAO Foundation,token_key,low,2,21,False,True,True,,
C0406,Minderoo Foundation,17,delegates; delegates_raw; delegates_sanitized; emissions; geocode_cache; map_locations; speaker_profiles; speaker_profiles_cache; talks,Minderoo Foundation,Minderoo Foundation,minderoo foundation,foundation minderoo,Minderoo Foundation,token_key,low,2,21,False,True,True,,
C0406,"Minderoo Foundation, Australia",4,delegates; delegates_raw,Minderoo Foundation,Minderoo Foundation,minderoo foundation,foundation minderoo,Minderoo Foundation,token_key,low,2,21,False,True,True,,
C0443,National Oceanic and Atmospheric Administration Restoration Center,17,delegates; delegates_raw; delegates_sanitized; emissions; geocode_cache; map_locations; speaker_profiles; speaker_profiles_cache; talks,National Oceanic and Atmospheric Administration Restoration Center,National Oceanic and Atmospheric Administration Restoration Center,national oceanic and atmospheric administration restoration center,administration atmospheric center national oceanic restoration,National Oceanic and Atmospheric Administration Restoration Center,token_key,low,2,21,False,True,True,,
C0443,"National Oceanic and Atmospheric Administration Restoration Center, United States",4,delegates; delegates_raw,National Oceanic and Atmospheric Administration Restoration Center,National Oceanic and Atmospheric Administration Restoration Center,national oceanic and atmospheric administration restoration center,administration atmospheric center national oceanic restoration,National Oceanic and Atmospheric Administration Restoration Center,token_key,low,2,21,False,True,True,,
C0461,Northwestern University - Marcelino Lab,19,delegates; delegates_raw; delegates_sanitized; emissions; geocode_cache; map_locations; speaker_profiles; speaker_profiles_cache; talks,Northwestern University - Marcelino Lab,Northwestern University - Marcelino Lab,northwestern university - marcelino lab,lab marcelino northwestern university,Northwestern University - Marcelino Lab,token_key,low,2,21,False,True,True,,
C0461,"Northwestern University - Marcelino Lab, United States",2,delegates; delegates_raw,Northwestern University - Marcelino Lab,Northwestern University - Marcelino Lab,northwestern university - marcelino lab,lab marcelino northwestern university,Northwestern University - Marcelino Lab,token_key,low,2,21,False,True,True,,
C0472,Oceanographic Institute,19,delegates; delegates_raw; delegates_sanitized; emissions; geocode_cache; map_locations; speaker_profiles; speaker_profiles_cache; talks,Oceanographic Institute,Oceanographic Institute,oceanographic institute,institute oceanographic,Oceanographic Institute,token_key,low,2,21,False,True,True,,
C0472,"Oceanographic Institute, Brazil",2,delegates; delegates_raw,Oceanographic Institute,Oceanographic Institute,oceanographic institute,institute oceanographic,Oceanographic Institute,token_key,low,2,21,False,True,True,,
C0482,Oswaldo Cruz Foundation,19,delegates; delegates_raw; delegates_sanitized; geocode_cache; map_locations; speaker_profiles; speaker_profiles_cache; talks,Oswaldo Cruz Foundation,Oswaldo Cruz Foundation,oswaldo cruz foundation,cruz foundation oswaldo,Oswaldo Cruz Foundation,token_key,low,2,21,False,True,True,,
C0482,"Oswaldo Cruz Foundation, Brazil",2,delegates; delegates_raw,Oswaldo Cruz Foundation,Oswaldo Cruz Foundation,oswaldo cruz foundation,cruz foundation oswaldo,Oswaldo Cruz Foundation,token_key,low,2,21,False,True,True,,
C0569,Swedish University of Agricultural Sciences,19,delegates; delegates_raw; delegates_sanitized; emissions; geocode_cache; map_locations; speaker_profiles; speaker_profiles_cache; talks,Swedish University of Agricultural Sciences,Swedish University of Agricultural Sciences,swedish university of agricultural sciences,agricultural sciences swedish university,Swedish University of Agricultural Sciences,token_key,low,2,21,False,True,True,,
C0569,"Swedish University of Agricultural Sciences, Sweden",2,delegates; delegates_raw,Swedish University of Agricultural Sciences,Swedish University of Agricultural Sciences,swedish university of agricultural sciences,agricultural sciences swedish university,Swedish University of Agricultural Sciences,token_key,low,2,21,False,True,True,,
C0627,University of Bremen,19,delegates; delegates_raw; delegates_sanitized; emissions; geocode_cache; map_locations; speaker_profiles; speaker_profiles_cache; talks,University of Bremen,University of Bremen,university of bremen,bremen university,University of Bremen,token_key,low,2,21,False,True,True,,
C0627,"University of Bremen, Germany",2,delegates; delegates_raw,University of Bremen,University of Bremen,university of bremen,bremen university,University of Bremen,token_key,low,2,21,False,True,True,,
C0669,University of Mississippi,17,delegates; delegates_raw; delegates_sanitized; emissions; geocode_cache; map_locations; speaker_profiles; speaker_profiles_cache; talks,University of Mississippi,University of Mississippi,university of mississippi,mississippi university,University of Mississippi,token_key,low,2,21,False,True,True,,
C0669,"University of Mississippi, United States",4,delegates; delegates_raw,University of Mississippi,University of Mississippi,university of mississippi,mississippi university,University of Mississippi,token_key,low,2,21,False,True,True,,
C0738,World Wide Fund for Nature - Madagascar,19,delegates; delegates_raw; delegates_sanitized; emissions; geocode_cache; map_locations; speaker_profiles; speaker_profiles_cache; talks,World Wide Fund for Nature - Madagascar,World Wide Fund for Nature - Madagascar,world wide fund for nature - madagascar,fund madagascar nature wide world,World Wide Fund for Nature - Madagascar,token_key,low,2,21,False,True,True,,
C0738,"World Wide Fund for Nature - Madagascar, Madagascar",2,delegates; delegates_raw,World Wide Fund for Nature - Madagascar,World Wide Fund for Nature - Madagascar,world wide fund for nature - madagascar,fund madagascar nature wide world,World Wide Fund for Nature - Madagascar,token_key,low,2,21,False,True,True,,
C0085,Kuaʻāina Ulu ʻAuamo,9,delegates; delegates_raw; delegates_sanitized; geocode_cache; speaker_profiles; speaker_profiles_cache,Kuaʻāina Ulu ʻAuamo,Kuaʻāina Ulu ʻAuamo,kuaaina ulu auamo,auamo kuaaina ulu,Kuaʻāina Ulu ʻAuamo,token_key,high,3,20,True,True,True,,
C0085,Kuaaina Ulu Auamo,7,emissions; map_locations; talks,Kuaaina Ulu Auamo,Kuaaina Ulu Auamo,kuaaina ulu auamo,auamo kuaaina ulu,Kuaʻāina Ulu ʻAuamo,token_key,high,3,20,True,True,True,,
C0085,"Kuaʻāina Ulu ʻAuamo, United States",4,delegates; delegates_raw,Kuaʻāina Ulu ʻAuamo,Kuaʻāina Ulu ʻAuamo,kuaaina ulu auamo,auamo kuaaina ulu,Kuaʻāina Ulu ʻAuamo,token_key,high,3,20,True,True,True,,
C0089,Nā Kai ʻEwalu,11,delegates; delegates_raw; delegates_sanitized; geocode_cache; speaker_profiles; speaker_profiles_cache,Nā Kai ʻEwalu,Nā Kai ʻEwalu,na kai ewalu,ewalu kai na,Nā Kai ʻEwalu,token_key,high,3,20,True,True,True,,
C0089,Na Kai Ewalu,5,map_locations; talks,Na Kai Ewalu,Na Kai Ewalu,na kai ewalu,ewalu kai na,Nā Kai ʻEwalu,token_key,high,3,20,True,True,True,,
C0089,"Nā Kai ʻEwalu, United States",4,delegates; delegates_raw,Nā Kai ʻEwalu,Nā Kai ʻEwalu,na kai ewalu,ewalu kai na,Nā Kai ʻEwalu,token_key,high,3,20,True,True,True,,
C0107,Univeriste De Mayotte,12,map_locations; talks,Univeriste De Mayotte,Univeriste De Mayotte,univeriste de mayotte,de mayotte univeriste,Univeristé De Mayotte,token_key,high,3,20,True,True,True,,
C0107,Univeristé De Mayotte,6,delegates; delegates_raw; delegates_sanitized; geocode_cache; speaker_profiles; speaker_profiles_cache,Univeristé De Mayotte,Univeristé De Mayotte,univeriste de mayotte,de mayotte univeriste,Univeristé De Mayotte,token_key,high,3,20,True,True,True,,
C0107,"Univeristé De Mayotte, Mayotte",2,delegates; delegates_raw,Univeristé De Mayotte,Univeristé De Mayotte,univeriste de mayotte,de mayotte univeriste,Univeristé De Mayotte,token_key,high,3,20,True,True,True,,
C0213,Coral Vivo Institute,18,delegates; delegates_raw; delegates_sanitized; geocode_cache; map_locations; speaker_profiles; speaker_profiles_cache; talks,Coral Vivo Institute,Coral Vivo Institute,coral vivo institute,coral institute vivo,Coral Vivo Institute,token_key,low,2,20,False,True,True,,
C0213,"Coral Vivo Institute, Brazil",2,delegates; delegates_raw,Coral Vivo Institute,Coral Vivo Institute,coral vivo institute,coral institute vivo,Coral Vivo Institute,token_key,low,2,20,False,True,True,,
C0247,Ehime University,18,delegates; delegates_raw; delegates_sanitized; emissions; geocode_cache; map_locations; speaker_profiles; speaker_profiles_cache; talks,Ehime University,Ehime University,ehime university,ehime university,Ehime University,token_key,low,2,20,False,True,True,,
C0247,"Ehime University, Japan",2,delegates; delegates_raw,Ehime University,Ehime University,ehime university,ehime university,Ehime University,token_key,low,2,20,False,True,True,,
C0274,Geomar Helmholtz Centre for Ocean Research,18,delegates; delegates_raw; delegates_sanitized; geocode_cache; map_locations; speaker_profiles; speaker_profiles_cache; talks,Geomar Helmholtz Centre for Ocean Research,Geomar Helmholtz Centre for Ocean Research,geomar helmholtz centre for ocean research,centre geomar helmholtz ocean research,Geomar Helmholtz Centre for Ocean Research,token_key,low,2,20,False,True,True,,
C0274,"Geomar Helmholtz Centre for Ocean Research, Germany",2,delegates; delegates_raw,Geomar Helmholtz Centre for Ocean Research,Geomar Helmholtz Centre for Ocean Research,geomar helmholtz centre for ocean research,centre geomar helmholtz ocean research,Geomar Helmholtz Centre for Ocean Research,token_key,low,2,20,False,True,True,,
C0280,Global Reef,18,delegates; delegates_raw; delegates_sanitized; emissions; geocode_cache; map_locations; speaker_profiles; speaker_profiles_cache; talks,Global Reef,Global Reef,global reef,global reef,Global Reef,token_key,low,2,20,False,True,True,,
C0280,"Global Reef, Thailand",2,delegates; delegates_raw,Global Reef,Global Reef,global reef,global reef,Global Reef,token_key,low,2,20,False,True,True,,
C0375,"M.M. Bridge Co., Ltd.",18,delegates; delegates_raw; delegates_sanitized; emissions; geocode_cache; map_locations; speaker_profiles; speaker_profiles_cache; talks,"M.M. Bridge Co., Ltd.","M.M. Bridge Co., Ltd.","m.m. bridge co., ltd.",bridge co ltd m m,"M.M. Bridge Co., Ltd.",token_key,low,2,20,False,True,True,,
C0375,"M.M. Bridge Co., Ltd., Japan",2,delegates; delegates_raw,"M.M. Bridge Co., Ltd.","M.M. Bridge Co., Ltd.","m.m. bridge co., ltd.",bridge co ltd m m,"M.M. Bridge Co., Ltd.",token_key,low,2,20,False,True,True,,
C0390,Marine Institute at Maui Ocean Center,16,delegates; delegates_raw; delegates_sanitized; geocode_cache; map_locations; speaker_profiles; speaker_profiles_cache; talks,Marine Institute at Maui Ocean Center,Marine Institute at Maui Ocean Center,marine institute - maui ocean center,center institute marine maui ocean,Marine Institute at Maui Ocean Center,token_key,low,2,20,False,True,True,,
C0390,"Marine Institute at Maui Ocean Center, United States",4,delegates; delegates_raw,Marine Institute at Maui Ocean Center,Marine Institute at Maui Ocean Center,marine institute - maui ocean center,center institute marine maui ocean,Marine Institute at Maui Ocean Center,token_key,low,2,20,False,True,True,,
C0508,Rare - Indonesia,18,delegates; delegates_raw; delegates_sanitized; emissions; geocode_cache; map_locations; speaker_profiles; speaker_profiles_cache; talks,Rare - Indonesia,Rare - Indonesia,rare - indonesia,indonesia rare,Rare - Indonesia,token_key,low,2,20,False,True,True,,
C0508,"Rare - Indonesia, Indonesia",2,delegates; delegates_raw,Rare - Indonesia,Rare - Indonesia,rare - indonesia,indonesia rare,Rare - Indonesia,token_key,low,2,20,False,True,True,,
C0580,Texas A&M University - Galveston,18,delegates; delegates_raw; delegates_sanitized; emissions; geocode_cache; map_locations; speaker_profiles; speaker_profiles_cache; talks,Texas A&M University - Galveston,Texas A&M University - Galveston,texas a&m university - galveston,a galveston m texas university,Texas A&M University - Galveston,token_key,low,2,20,False,True,True,,
C0580,"Texas A&M University - Galveston, United States",2,delegates; delegates_raw,Texas A&M University - Galveston,Texas A&M University - Galveston,texas a&m university - galveston,a galveston m texas university,Texas A&M University - Galveston,token_key,low,2,20,False,True,True,,
C0602,Universidad De Guadalajara,18,delegates; delegates_raw; delegates_sanitized; emissions; geocode_cache; map_locations; speaker_profiles; speaker_profiles_cache; talks,Universidad De Guadalajara,Universidad De Guadalajara,universidad de guadalajara,de guadalajara universidad,Universidad De Guadalajara,token_key,low,2,20,False,True,True,,
C0602,"Universidad De Guadalajara, Mexico",2,delegates; delegates_raw,Universidad De Guadalajara,Universidad De Guadalajara,universidad de guadalajara,de guadalajara universidad,Universidad De Guadalajara,token_key,low,2,20,False,True,True,,
C0626,University of Belize,18,delegates; delegates_raw; delegates_sanitized; emissions; geocode_cache; map_locations; speaker_profiles; speaker_profiles_cache; talks,University of Belize,University of Belize,university of belize,belize university,University of Belize,token_key,low,2,20,False,True,True,,
C0626,"University of Belize, Belize",2,delegates; delegates_raw,University of Belize,University of Belize,university of belize,belize university,University of Belize,token_key,low,2,20,False,True,True,,
C0664,University of Mataram,18,delegates; delegates_raw; delegates_sanitized; emissions; geocode_cache; map_locations; speaker_profiles; speaker_profiles_cache; talks,University of Mataram,University of Mataram,university of mataram,mataram university,University of Mataram,token_key,low,2,20,False,True,True,,
C0664,"University of Mataram, Indonesia",2,delegates; delegates_raw,University of Mataram,University of Mataram,university of mataram,mataram university,University of Mataram,token_key,low,2,20,False,True,True,,
C0695,University of St Andrews,18,delegates; delegates_raw; delegates_sanitized; emissions; geocode_cache; map_locations; speaker_profiles; speaker_profiles_cache; talks,University of St Andrews,University of St Andrews,university of st andrews,andrews st university,University of St Andrews,token_key,low,2,20,False,True,True,,
C0695,"University of St Andrews, Netherlands",2,delegates; delegates_raw,University of St Andrews,University of St Andrews,university of st andrews,andrews st university,University of St Andrews,token_key,low,2,20,False,True,True,,
C0719,University Wuppertal,18,delegates; delegates_raw; delegates_sanitized; emissions; geocode_cache; map_locations; speaker_profiles; speaker_profiles_cache; talks,University Wuppertal,University Wuppertal,university wuppertal,university wuppertal,University Wuppertal,token_key,low,2,20,False,True,True,,
C0719,"University Wuppertal, Germany",2,delegates; delegates_raw,University Wuppertal,University Wuppertal,university wuppertal,university wuppertal,University Wuppertal,token_key,low,2,20,False,True,True,,
C0736,World Conservation Monitoring Centre,18,delegates; delegates_raw; delegates_sanitized; emissions; geocode_cache; map_locations; speaker_profiles; speaker_profiles_cache; talks,World Conservation Monitoring Centre,World Conservation Monitoring Centre,world conservation monitoring centre,centre conservation monitoring world,World Conservation Monitoring Centre,token_key,low,2,20,False,True,True,,
C0736,"World Conservation Monitoring Centre, United Kingdom",2,delegates; delegates_raw,World Conservation Monitoring Centre,World Conservation Monitoring Centre,world conservation monitoring centre,centre conservation monitoring world,World Conservation Monitoring Centre,token_key,low,2,20,False,True,True,,
C0743,Yamaguchi University,18,delegates; delegates_raw; delegates_sanitized; emissions; geocode_cache; map_locations; speaker_profiles; speaker_profiles_cache; talks,Yamaguchi University,Yamaguchi University,yamaguchi university,university yamaguchi,Yamaguchi University,token_key,low,2,20,False,True,True,,
C0743,"Yamaguchi University, Japan",2,delegates; delegates_raw,Yamaguchi University,Yamaguchi University,yamaguchi university,university yamaguchi,Yamaguchi University,token_key,low,2,20,False,True,True,,
C0106,Umea University,11,emissions; map_locations; talks,Umea University,Umea University,umea university,umea university,Umeå University,token_key,high,3,19,True,True,True,,
C0106,Umeå University,6,delegates; delegates_raw; delegates_sanitized; geocode_cache; speaker_profiles; speaker_profiles_cache,Umeå University,Umeå University,umea university,umea university,Umeå University,token_key,high,3,19,True,True,True,,
C0106,"Umeå University, Sweden",2,delegates; delegates_raw,Umeå University,Umeå University,umea university,umea university,Umeå University,token_key,high,3,19,True,True,True,,
C0110,Universite Cote d'azur,11,emissions; map_locations; talks,Universite Cote d'azur,Universite Cote d'azur,universite cote dazur,cote dazur universite,Université Côte d'azur,token_key,high,3,19,True,True,True,,
C0110,Université Côte d'azur,6,delegates; delegates_raw; delegates_sanitized; geocode_cache; speaker_profiles; speaker_profiles_cache,Université Côte d'azur,Université Côte d'azur,universite cote dazur,cote dazur universite,Université Côte d'azur,token_key,high,3,19,True,True,True,,
C0110,"Université Côte d'azur, France",2,delegates; delegates_raw,Université Côte d'azur,Université Côte d'azur,universite cote dazur,cote dazur universite,Université Côte d'azur,token_key,high,3,19,True,True,True,,
C0176,Camphora Pte Ltd,13,delegates; delegates_raw; delegates_sanitized; emissions,Camphora Pte Ltd,Camphora Pte Ltd,camphora pte ltd,camphora ltd pte,Camphora Pte Ltd,token_key,low,2,19,False,True,True,,
C0176,"Camphora Pte Ltd, Singapore",6,delegates; delegates_raw,Camphora Pte Ltd,Camphora Pte Ltd,camphora pte ltd,camphora ltd pte,Camphora Pte Ltd,token_key,low,2,19,False,True,True,,
C0184,Centro Interdisciplinario de Ciencias marinas,17,delegates; delegates_raw; delegates_sanitized; emissions; geocode_cache; map_locations; speaker_profiles; speaker_profiles_cache; talks,Centro Interdisciplinario de Ciencias marinas,Centro Interdisciplinario de Ciencias marinas,centro interdisciplinario de ciencias marinas,centro ciencias de interdisciplinario marinas,Centro Interdisciplinario de Ciencias marinas,token_key,low,2,19,False,True,True,,
C0184,"Centro Interdisciplinario de Ciencias marinas, Mexico",2,delegates; delegates_raw,Centro Interdisciplinario de Ciencias marinas,Centro Interdisciplinario de Ciencias marinas,centro interdisciplinario de ciencias marinas,centro ciencias de interdisciplinario marinas,Centro Interdisciplinario de Ciencias marinas,token_key,low,2,19,False,True,True,,
C0269,Fluvio,17,delegates; delegates_raw; delegates_sanitized; emissions; geocode_cache; map_locations; speaker_profiles; speaker_profiles_cache; talks,Fluvio,Fluvio,fluvio,fluvio,Fluvio,token_key,low,2,19,False,True,True,,
C0269,"Fluvio, Australia",2,delegates; delegates_raw,Fluvio,Fluvio,fluvio,fluvio,Fluvio,token_key,low,2,19,False,True,True,,
C0301,Hiroshima University,17,delegates; delegates_raw; delegates_sanitized; emissions; geocode_cache; map_locations; speaker_profiles; speaker_profiles_cache; talks,Hiroshima University,Hiroshima University,hiroshima university,hiroshima university,Hiroshima University,token_key,low,2,19,False,True,True,,
C0301,"Hiroshima University, Japan",2,delegates; delegates_raw,Hiroshima University,Hiroshima University,hiroshima university,hiroshima university,Hiroshima University,token_key,low,2,19,False,True,True,,
C0311,Independent Consultant/Researcher,17,delegates; delegates_raw; delegates_sanitized; emissions; geocode_cache; map_locations; speaker_profiles; speaker_profiles_cache; talks,Independent Consultant/Researcher,Independent Consultant/Researcher,independent consultant/researcher,consultant independent researcher,Independent Consultant/Researcher,token_key,low,2,19,False,True,True,,
C0311,"Independent Consultant/Researcher, Colombia",2,delegates; delegates_raw,Independent Consultant/Researcher,Independent Consultant/Researcher,independent consultant/researcher,consultant independent researcher,Independent Consultant/Researcher,token_key,low,2,19,False,True,True,,
C0322,Institute of Fisheries Science,17,delegates; delegates_raw; delegates_sanitized; emissions; geocode_cache; map_locations; speaker_profiles; speaker_profiles_cache; talks,Institute of Fisheries Science,Institute of Fisheries Science,institute of fisheries science,fisheries institute science,Institute of Fisheries Science,token_key,low,2,19,False,True,True,,
C0322,"Institute of Fisheries Science, Taiwan",2,delegates; delegates_raw,Institute of Fisheries Science,Institute of Fisheries Science,institute of fisheries science,fisheries institute science,Institute of Fisheries Science,token_key,low,2,19,False,True,True,,
C0338,Istituto Italiano Di Tecnologia,17,delegates; delegates_raw; delegates_sanitized; emissions; geocode_cache; map_locations; speaker_profiles; speaker_profiles_cache; talks,Istituto Italiano Di Tecnologia,Istituto Italiano Di Tecnologia,istituto italiano di tecnologia,di istituto italiano tecnologia,Istituto Italiano Di Tecnologia,token_key,low,2,19,False,True,True,,
C0338,"Istituto Italiano Di Tecnologia, Italy",2,delegates; delegates_raw,Istituto Italiano Di Tecnologia,Istituto Italiano Di Tecnologia,istituto italiano di tecnologia,di istituto italiano tecnologia,Istituto Italiano Di Tecnologia,token_key,low,2,19,False,True,True,,
C0351,Kansai University,17,delegates; delegates_raw; delegates_sanitized; emissions; geocode_cache; map_locations; speaker_profiles; speaker_profiles_cache; talks,Kansai University,Kansai University,kansai university,kansai university,Kansai University,token_key,low,2,19,False,True,True,,
C0351,"Kansai University, Japan",2,delegates; delegates_raw,Kansai University,Kansai University,kansai university,kansai university,Kansai University,token_key,low,2,19,False,True,True,,
C0415,Montana State University,17,delegates; delegates_raw; delegates_sanitized; emissions; geocode_cache; map_locations; speaker_profiles; speaker_profiles_cache; talks,Montana State University,Montana State University,montana state university,montana state university,Montana State University,token_key,low,2,19,False,True,True,,
C0415,"Montana State University, United States",2,delegates; delegates_raw,Montana State University,Montana State University,montana state university,montana state university,Montana State University,token_key,low,2,19,False,True,True,,
C0420,Murdoch University,17,delegates; delegates_raw; delegates_sanitized; emissions; geocode_cache; map_locations; speaker_profiles; speaker_profiles_cache; talks,Murdoch University,Murdoch University,murdoch university,murdoch university,Murdoch University,token_key,low,2,19,False,True,True,,
C0420,"Murdoch University, Australia",2,delegates; delegates_raw,Murdoch University,Murdoch University,murdoch university,murdoch university,Murdoch University,token_key,low,2,19,False,True,True,,
C0439,National Oceanic and Atmospheric Administration - Fisheries,17,delegates; delegates_raw; delegates_sanitized; emissions; geocode_cache; map_locations; speaker_profiles; speaker_profiles_cache; talks,National Oceanic and Atmospheric Administration - Fisheries,National Oceanic and Atmospheric Administration - Fisheries,national oceanic and atmospheric administration - fisheries,administration atmospheric fisheries national oceanic,National Oceanic and Atmospheric Administration - Fisheries,token_key,low,2,19,False,True,True,,
C0439,"National Oceanic and Atmospheric Administration - Fisheries, United States",2,delegates; delegates_raw,National Oceanic and Atmospheric Administration - Fisheries,National Oceanic and Atmospheric Administration - Fisheries,national oceanic and atmospheric administration - fisheries,administration atmospheric fisheries national oceanic,National Oceanic and Atmospheric Administration - Fisheries,token_key,low,2,19,False,True,True,,
C0613,Universiti Kebangsaan Malaysia,17,delegates; delegates_raw; delegates_sanitized; emissions; geocode_cache; map_locations; speaker_profiles; speaker_profiles_cache; talks,Universiti Kebangsaan Malaysia,Universiti Kebangsaan Malaysia,universiti kebangsaan malaysia,kebangsaan malaysia universiti,Universiti Kebangsaan Malaysia,token_key,low,2,19,False,True,True,,
C0613,"Universiti Kebangsaan Malaysia, Malaysia",2,delegates; delegates_raw,Universiti Kebangsaan Malaysia,Universiti Kebangsaan Malaysia,universiti kebangsaan malaysia,kebangsaan malaysia universiti,Universiti Kebangsaan Malaysia,token_key,low,2,19,False,True,True,,
C0615,Universiti Sains Malaysia,17,delegates; delegates_raw; delegates_sanitized; emissions; geocode_cache; map_locations; speaker_profiles; speaker_profiles_cache; talks,Universiti Sains Malaysia,Universiti Sains Malaysia,universiti sains malaysia,malaysia sains universiti,Universiti Sains Malaysia,token_key,low,2,19,False,True,True,,
C0615,"Universiti Sains Malaysia, Malaysia",2,delegates; delegates_raw,Universiti Sains Malaysia,Universiti Sains Malaysia,universiti sains malaysia,malaysia sains universiti,Universiti Sains Malaysia,token_key,low,2,19,False,True,True,,
C0732,Wildlife Conservation Society - Malaysia,17,delegates; delegates_raw; delegates_sanitized; emissions; geocode_cache; map_locations; speaker_profiles; speaker_profiles_cache; talks,Wildlife Conservation Society - Malaysia,Wildlife Conservation Society - Malaysia,wildlife conservation society - malaysia,conservation malaysia society wildlife,Wildlife Conservation Society - Malaysia,token_key,low,2,19,False,True,True,,
C0732,"Wildlife Conservation Society - Malaysia, Malaysia",2,delegates; delegates_raw,Wildlife Conservation Society - Malaysia,Wildlife Conservation Society - Malaysia,wildlife conservation society - malaysia,conservation malaysia society wildlife,Wildlife Conservation Society - Malaysia,token_key,low,2,19,False,True,True,,
C0105,Umea Univeristy,10,map_locations; talks,Umea Univeristy,Umea Univeristy,umea univeristy,umea univeristy,Umeå Univeristy,token_key,high,3,18,True,True,True,,
C0105,Umeå Univeristy,6,delegates; delegates_raw; delegates_sanitized; geocode_cache; speaker_profiles; speaker_profiles_cache,Umeå Univeristy,Umeå Univeristy,umea univeristy,umea univeristy,Umeå Univeristy,token_key,high,3,18,True,True,True,,
C0105,"Umeå Univeristy, Sweden",2,delegates; delegates_raw,Umeå Univeristy,Umeå Univeristy,umea univeristy,umea univeristy,Umeå Univeristy,token_key,high,3,18,True,True,True,,
C0123,"University of Miami, CIMAS",10,emissions; map_locations; talks,"University of Miami, CIMAS","University of Miami, CIMAS","university of miami, cimas",cimas miami university,"University of Miami, CIMAS",token_key,high,3,18,True,True,True,,
C0123,"University Of Miami, CIMAS",6,delegates; delegates_raw; delegates_sanitized; geocode_cache; speaker_profiles; speaker_profiles_cache,"University Of Miami, CIMAS","University Of Miami, CIMAS","university of miami, cimas",cimas miami university,"University of Miami, CIMAS",token_key,high,3,18,True,True,True,,
C0123,"University Of Miami, CIMAS, United States",2,delegates; delegates_raw,"University Of Miami, CIMAS","University Of Miami, CIMAS","university of miami, cimas",cimas miami university,"University of Miami, CIMAS",token_key,high,3,18,True,True,True,,
C0161,Blue Prosperity Fiji,16,delegates; delegates_raw; delegates_sanitized; emissions; geocode_cache; map_locations; speaker_profiles; speaker_profiles_cache; talks,Blue Prosperity Fiji,Blue Prosperity Fiji,blue prosperity fiji,blue fiji prosperity,Blue Prosperity Fiji,token_key,low,2,18,False,True,True,,
C0161,"Blue Prosperity Fiji, Fiji",2,delegates; delegates_raw,Blue Prosperity Fiji,Blue Prosperity Fiji,blue prosperity fiji,blue fiji prosperity,Blue Prosperity Fiji,token_key,low,2,18,False,True,True,,
C0170,Bureau of Meteorology,16,delegates; delegates_raw; delegates_sanitized; emissions; geocode_cache; map_locations; speaker_profiles; speaker_profiles_cache; talks,Bureau of Meteorology,Bureau of Meteorology,bureau of meteorology,bureau meteorology,Bureau of Meteorology,token_key,low,2,18,False,True,True,,
C0170,"Bureau of Meteorology, Australia",2,delegates; delegates_raw,Bureau of Meteorology,Bureau of Meteorology,bureau of meteorology,bureau meteorology,Bureau of Meteorology,token_key,low,2,18,False,True,True,,
C0214,Corales De Paz,16,delegates; delegates_raw; delegates_sanitized; emissions; geocode_cache; map_locations; speaker_profiles; speaker_profiles_cache; talks,Corales De Paz,Corales De Paz,corales de paz,corales de paz,Corales De Paz,token_key,low,2,18,False,True,True,,
C0214,"Corales De Paz, Colombia",2,delegates; delegates_raw,Corales De Paz,Corales De Paz,corales de paz,corales de paz,Corales De Paz,token_key,low,2,18,False,True,True,,
C0216,Coralku Solutions,16,delegates; delegates_raw; delegates_sanitized; emissions; geocode_cache; map_locations; speaker_profiles; speaker_profiles_cache; talks,Coralku Solutions,Coralku Solutions,coralku solutions,coralku solutions,Coralku Solutions,token_key,low,2,18,False,True,True,,
C0216,"Coralku Solutions, Malaysia",2,delegates; delegates_raw,Coralku Solutions,Coralku Solutions,coralku solutions,coralku solutions,Coralku Solutions,token_key,low,2,18,False,True,True,,
C0223,"CSS-INC., Under Contract to NOAA-NCCOS",16,delegates; delegates_raw; delegates_sanitized; geocode_cache; map_locations; speaker_profiles; speaker_profiles_cache; talks,"CSS-INC., Under Contract to NOAA-NCCOS","CSS-INC., Under Contract to NOAA-NCCOS","css-inc., under contract to noaa-nccos",contract css inc nccos noaa to under,"CSS-INC., Under Contract to NOAA-NCCOS",token_key,low,2,18,False,True,True,,
C0223,"CSS-INC., Under Contract to NOAA-NCCOS, United States",2,delegates; delegates_raw,"CSS-INC., Under Contract to NOAA-NCCOS","CSS-INC., Under Contract to NOAA-NCCOS","css-inc., under contract to noaa-nccos",contract css inc nccos noaa to under,"CSS-INC., Under Contract to NOAA-NCCOS",token_key,low,2,18,False,True,True,,
C0238,Durrell Institute of Conservation and Ecology,16,delegates; delegates_raw; delegates_sanitized; geocode_cache; map_locations; speaker_profiles; speaker_profiles_cache; talks,Durrell Institute of Conservation and Ecology,Durrell Institute of Conservation and Ecology,durrell institute of conservation and ecology,conservation durrell ecology institute,Durrell Institute of Conservation and Ecology,token_key,low,2,18,False,True,True,,
C0238,"Durrell Institute of Conservation and Ecology, United Kingdom",2,delegates; delegates_raw,Durrell Institute of Conservation and Ecology,Durrell Institute of Conservation and Ecology,durrell institute of conservation and ecology,conservation durrell ecology institute,Durrell Institute of Conservation and Ecology,token_key,low,2,18,False,True,True,,
C0249,Envirotech-Coralz Group,16,delegates; delegates_raw; delegates_sanitized; geocode_cache; map_locations; speaker_profiles; speaker_profiles_cache; talks,Envirotech-Coralz Group,Envirotech-Coralz Group,envirotech-coralz group,coralz envirotech group,Envirotech-Coralz Group,token_key,low,2,18,False,True,True,,
C0249,"Envirotech-Coralz Group, Fiji",2,delegates; delegates_raw,Envirotech-Coralz Group,Envirotech-Coralz Group,envirotech-coralz group,coralz envirotech group,Envirotech-Coralz Group,token_key,low,2,18,False,True,True,,
C0252,Experience Co,16,delegates; delegates_raw; delegates_sanitized; emissions; geocode_cache; map_locations; speaker_profiles; speaker_profiles_cache; talks,Experience Co,Experience Co,experience co,co experience,Experience Co,token_key,low,2,18,False,True,True,,
C0252,"Experience Co, Australia",2,delegates; delegates_raw,Experience Co,Experience Co,experience co,co experience,Experience Co,token_key,low,2,18,False,True,True,,
C0273,G20 Coral Research and Development Accelerator Platform,14,delegates; delegates_raw; delegates_sanitized; emissions; geocode_cache; map_locations; speaker_profiles; speaker_profiles_cache; talks,G20 Coral Research and Development Accelerator Platform,G20 Coral Research and Development Accelerator Platform,g20 coral research and development accelerator platform,accelerator coral development g20 platform research,G20 Coral Research and Development Accelerator Platform,token_key,low,2,18,False,True,True,,
C0273,"G20 Coral Research and Development Accelerator Platform, Saudi Arabia",4,delegates; delegates_raw,G20 Coral Research and Development Accelerator Platform,G20 Coral Research and Development Accelerator Platform,g20 coral research and development accelerator platform,accelerator coral development g20 platform research,G20 Coral Research and Development Accelerator Platform,token_key,low,2,18,False,True,True,,
C0289,Hamburg University,16,delegates; delegates_raw; delegates_sanitized; emissions; geocode_cache; map_locations; speaker_profiles; speaker_profiles_cache; talks,Hamburg University,Hamburg University,hamburg university,hamburg university,Hamburg University,token_key,low,2,18,False,True,True,,
C0289,"Hamburg University, Germany",2,delegates; delegates_raw,Hamburg University,Hamburg University,hamburg university,hamburg university,Hamburg University,token_key,low,2,18,False,True,True,,
C0349,Kalanihale,14,delegates; delegates_raw; delegates_sanitized; emissions; geocode_cache; map_locations; speaker_profiles; speaker_profiles_cache; talks,Kalanihale,Kalanihale,kalanihale,kalanihale,Kalanihale,token_key,low,2,18,False,True,True,,
C0349,"Kalanihale, United States",4,delegates; delegates_raw,Kalanihale,Kalanihale,kalanihale,kalanihale,Kalanihale,token_key,low,2,18,False,True,True,,
C0385,Marine Biological Association,16,delegates; delegates_raw; delegates_sanitized; emissions; geocode_cache; map_locations; speaker_profiles; speaker_profiles_cache; talks,Marine Biological Association,Marine Biological Association,marine biological association,association biological marine,Marine Biological Association,token_key,low,2,18,False,True,True,,
C0385,"Marine Biological Association, United Kingdom",2,delegates; delegates_raw,Marine Biological Association,Marine Biological Association,marine biological association,association biological marine,Marine Biological Association,token_key,low,2,18,False,True,True,,
C0402,Michigan State University,16,delegates; delegates_raw; delegates_sanitized; emissions; geocode_cache; map_locations; speaker_profiles; speaker_profiles_cache; talks,Michigan State University,Michigan State University,michigan state university,michigan state university,Michigan State University,token_key,low,2,18,False,True,True,,
C0402,"Michigan State University, United States",2,delegates; delegates_raw,Michigan State University,Michigan State University,michigan state university,michigan state university,Michigan State University,token_key,low,2,18,False,True,True,,
C0458,Northeastern University,16,delegates; delegates_raw; delegates_sanitized; emissions; geocode_cache; map_locations; speaker_profiles; speaker_profiles_cache; talks,Northeastern University,Northeastern University,northeastern university,northeastern university,Northeastern University,token_key,low,2,18,False,True,True,,
C0458,"Northeastern University, United States",2,delegates; delegates_raw,Northeastern University,Northeastern University,northeastern university,northeastern university,Northeastern University,token_key,low,2,18,False,True,True,,
C0488,Pelita Bangsa University,16,delegates; delegates_raw; delegates_sanitized; emissions; geocode_cache; map_locations; speaker_profiles; speaker_profiles_cache; talks,Pelita Bangsa University,Pelita Bangsa University,pelita bangsa university,bangsa pelita university,Pelita Bangsa University,token_key,low,2,18,False,True,True,,
C0488,"Pelita Bangsa University, Indonesia",2,delegates; delegates_raw,Pelita Bangsa University,Pelita Bangsa University,pelita bangsa university,bangsa pelita university,Pelita Bangsa University,token_key,low,2,18,False,True,True,,
C0492,Princeton University,16,delegates; delegates_raw; delegates_sanitized; emissions; geocode_cache; map_locations; speaker_profiles; speaker_profiles_cache; talks,Princeton University,Princeton University,princeton university,princeton university,Princeton University,token_key,low,2,18,False,True,True,,
C0492,"Princeton University, United States",2,delegates; delegates_raw,Princeton University,Princeton University,princeton university,princeton university,Princeton University,token_key,low,2,18,False,True,True,,
C0510,Red Sea Global,16,delegates; delegates_raw; delegates_sanitized; emissions; geocode_cache; map_locations; speaker_profiles; speaker_profiles_cache; talks,Red Sea Global,Red Sea Global,red sea global,global red sea,Red Sea Global,token_key,low,2,18,False,True,True,,
C0510,"Red Sea Global, Saudi Arabia",2,delegates; delegates_raw,Red Sea Global,Red Sea Global,red sea global,global red sea,Red Sea Global,token_key,low,2,18,False,True,True,,
C0526,Ruhr University - Bochum,16,delegates; delegates_raw; delegates_sanitized; emissions; geocode_cache; map_locations; speaker_profiles; speaker_profiles_cache; talks,Ruhr University - Bochum,Ruhr University - Bochum,ruhr university - bochum,bochum ruhr university,Ruhr University - Bochum,token_key,low,2,18,False,True,True,,
C0526,"Ruhr University - Bochum, Germany",2,delegates; delegates_raw,Ruhr University - Bochum,Ruhr University - Bochum,ruhr university - bochum,bochum ruhr university,Ruhr University - Bochum,token_key,low,2,18,False,True,True,,
C0544,Shenzhen MSU-BIT University,16,delegates; delegates_raw; delegates_sanitized; emissions; geocode_cache; map_locations; speaker_profiles; speaker_profiles_cache; talks,Shenzhen MSU-BIT University,Shenzhen MSU-BIT University,shenzhen msu-bit university,bit msu shenzhen university,Shenzhen MSU-BIT University,token_key,low,2,18,False,True,True,,
C0544,"Shenzhen MSU-BIT University, China",2,delegates; delegates_raw,Shenzhen MSU-BIT University,Shenzhen MSU-BIT University,shenzhen msu-bit university,bit msu shenzhen university,Shenzhen MSU-BIT University,token_key,low,2,18,False,True,True,,
C0559,Spanish National Research Council,16,delegates; delegates_raw; delegates_sanitized; emissions; geocode_cache; map_locations; speaker_profiles; speaker_profiles_cache; talks,Spanish National Research Council,Spanish National Research Council,spanish national research council,council national research spanish,Spanish National Research Council,token_key,low,2,18,False,True,True,,
C0559,"Spanish National Research Council, Spain",2,delegates; delegates_raw,Spanish National Research Council,Spanish National Research Council,spanish national research council,council national research spanish,Spanish National Research Council,token_key,low,2,18,False,True,True,,
C0563,Stazione Zoologica Anton Dohrn,16,delegates; delegates_raw; delegates_sanitized; emissions; geocode_cache; map_locations; speaker_profiles; speaker_profiles_cache; talks,Stazione Zoologica Anton Dohrn,Stazione Zoologica Anton Dohrn,stazione zoologica anton dohrn,anton dohrn stazione zoologica,Stazione Zoologica Anton Dohrn,token_key,low,2,18,False,True,True,,
C0563,"Stazione Zoologica Anton Dohrn, Italy",2,delegates; delegates_raw,Stazione Zoologica Anton Dohrn,Stazione Zoologica Anton Dohrn,stazione zoologica anton dohrn,anton dohrn stazione zoologica,Stazione Zoologica Anton Dohrn,token_key,low,2,18,False,True,True,,
C0571,Talanoa Consulting Fiji,16,delegates; delegates_raw; delegates_sanitized; emissions; geocode_cache; map_locations; speaker_profiles; speaker_profiles_cache; talks,Talanoa Consulting Fiji,Talanoa Consulting Fiji,talanoa consulting fiji,consulting fiji talanoa,Talanoa Consulting Fiji,token_key,low,2,18,False,True,True,,
C0571,"Talanoa Consulting Fiji, Fiji",2,delegates; delegates_raw,Talanoa Consulting Fiji,Talanoa Consulting Fiji,talanoa consulting fiji,consulting fiji talanoa,Talanoa Consulting Fiji,token_key,low,2,18,False,True,True,,
C0574,Technical University of Denmark,16,delegates; delegates_raw; delegates_sanitized; emissions; geocode_cache; map_locations; speaker_profiles; speaker_profiles_cache; talks,Technical University of Denmark,Technical University of Denmark,technical university of denmark,denmark technical university,Technical University of Denmark,token_key,low,2,18,False,True,True,,
C0574,"Technical University of Denmark, Denmark",2,delegates; delegates_raw,Technical University of Denmark,Technical University of Denmark,technical university of denmark,denmark technical university,Technical University of Denmark,token_key,low,2,18,False,True,True,,
C0592,Turks and Caicos Reef Foundation,16,delegates; delegates_raw; delegates_sanitized; emissions; geocode_cache; map_locations; speaker_profiles; speaker_profiles_cache; talks,Turks and Caicos Reef Foundation,Turks and Caicos Reef Foundation,turks and caicos reef foundation,caicos foundation reef turks,Turks and Caicos Reef Foundation,token_key,low,2,18,False,True,True,,
C0592,"Turks and Caicos Reef Foundation, United States",2,delegates; delegates_raw,Turks and Caicos Reef Foundation,Turks and Caicos Reef Foundation,turks and caicos reef foundation,caicos foundation reef turks,Turks and Caicos Reef Foundation,token_key,low,2,18,False,True,True,,
C0666,University of Miami / NOAA,16,delegates; delegates_raw; delegates_sanitized; emissions; geocode_cache; map_locations; speaker_profiles; speaker_profiles_cache; talks,University of Miami / NOAA,University of Miami / NOAA,university of miami / noaa,miami noaa university,University of Miami / NOAA,token_key,low,2,18,False,True,True,,
C0666,"University of Miami / NOAA, United States",2,delegates; delegates_raw,University of Miami / NOAA,University of Miami / NOAA,university of miami / noaa,miami noaa university,University of Miami / NOAA,token_key,low,2,18,False,True,True,,
C0706,University of Toliara,16,delegates; delegates_raw; delegates_sanitized; emissions; geocode_cache; geocode_overrides; map_locations; speaker_profiles; speaker_profiles_cache; talks,University of Toliara,University of Toliara,university of toliara,toliara university,University of Toliara,token_key,low,2,18,False,True,True,,
C0706,"University of Toliara, Madagascar",2,delegates; delegates_raw,University of Toliara,University of Toliara,university of toliara,toliara university,University of Toliara,token_key,low,2,18,False,True,True,,
C0710,University of Warsaw,16,delegates; delegates_raw; delegates_sanitized; emissions; geocode_cache; map_locations; speaker_profiles; speaker_profiles_cache; talks,University of Warsaw,University of Warsaw,university of warsaw,university warsaw,University of Warsaw,token_key,low,2,18,False,True,True,,
C0710,"University of Warsaw, Poland",2,delegates; delegates_raw,University of Warsaw,University of Warsaw,university of warsaw,university warsaw,University of Warsaw,token_key,low,2,18,False,True,True,,
C0721,Villanova University,16,delegates; delegates_raw; delegates_sanitized; emissions; geocode_cache; map_locations; speaker_profiles; speaker_profiles_cache; talks,Villanova University,Villanova University,villanova university,university villanova,Villanova University,token_key,low,2,18,False,True,True,,
C0721,"Villanova University, United States",2,delegates; delegates_raw,Villanova University,Villanova University,villanova university,university villanova,Villanova University,token_key,low,2,18,False,True,True,,
C0726,Wayamba University of Sri Lanka,16,delegates; delegates_raw; delegates_sanitized; emissions; geocode_cache; map_locations; speaker_profiles; speaker_profiles_cache; talks,Wayamba University of Sri Lanka,Wayamba University of Sri Lanka,wayamba university of sri lanka,lanka sri university wayamba,Wayamba University of Sri Lanka,token_key,low,2,18,False,True,True,,
C0726,"Wayamba University of Sri Lanka, Sri Lanka",2,delegates; delegates_raw,Wayamba University of Sri Lanka,Wayamba University of Sri Lanka,wayamba university of sri lanka,lanka sri university wayamba,Wayamba University of Sri Lanka,token_key,low,2,18,False,True,True,,
C0749,Zhejiang University,16,delegates; delegates_raw; delegates_sanitized; emissions; geocode_cache; map_locations; speaker_profiles; speaker_profiles_cache; talks,Zhejiang University,Zhejiang University,zhejiang university,university zhejiang,Zhejiang University,token_key,low,2,18,False,True,True,,
C0749,"Zhejiang University, China",2,delegates; delegates_raw,Zhejiang University,Zhejiang University,zhejiang university,university zhejiang,Zhejiang University,token_key,low,2,18,False,True,True,,
C0067,Centro de Investigaciones Biologicas del Noroeste,9,map_locations; talks,Centro de Investigaciones Biologicas del Noroeste,Centro de Investigaciones Biologicas del Noroeste,centro de investigaciones biologicas del noroeste,biologicas centro de del investigaciones noroeste,Centro de Investigaciones Biológicas del Noroeste,token_key,high,3,17,True,True,True,,
C0067,Centro de Investigaciones Biológicas del Noroeste,6,delegates; delegates_raw; delegates_sanitized; geocode_cache; speaker_profiles; speaker_profiles_cache,Centro de Investigaciones Biológicas del Noroeste,Centro de Investigaciones Biológicas del Noroeste,centro de investigaciones biologicas del noroeste,biologicas centro de del investigaciones noroeste,Centro de Investigaciones Biológicas del Noroeste,token_key,high,3,17,True,True,True,,
C0067,"Centro de Investigaciones Biológicas del Noroeste, Mexico",2,delegates; delegates_raw,Centro de Investigaciones Biológicas del Noroeste,Centro de Investigaciones Biológicas del Noroeste,centro de investigaciones biologicas del noroeste,biologicas centro de del investigaciones noroeste,Centro de Investigaciones Biológicas del Noroeste,token_key,high,3,17,True,True,True,,
C0109,Universidade Lurio,9,emissions; map_locations; talks,Universidade Lurio,Universidade Lurio,universidade lurio,lurio universidade,Universidade Lúrio,token_key,high,3,17,True,True,True,,
C0109,Universidade Lúrio,6,delegates; delegates_raw; delegates_sanitized; geocode_cache; speaker_profiles; speaker_profiles_cache,Universidade Lúrio,Universidade Lúrio,universidade lurio,lurio universidade,Universidade Lúrio,token_key,high,3,17,True,True,True,,
C0109,"Universidade Lúrio, Mozambique",2,delegates; delegates_raw,Universidade Lúrio,Universidade Lúrio,universidade lurio,lurio universidade,Universidade Lúrio,token_key,high,3,17,True,True,True,,
C0133,Adelaide University,15,delegates; delegates_raw; delegates_sanitized; emissions; geocode_cache; map_locations; speaker_profiles; speaker_profiles_cache; talks,Adelaide University,Adelaide University,adelaide university,adelaide university,Adelaide University,token_key,low,2,17,False,True,True,,
C0133,"Adelaide University, Australia",2,delegates; delegates_raw,Adelaide University,Adelaide University,adelaide university,adelaide university,Adelaide University,token_key,low,2,17,False,True,True,,
C0136,Alligator Head Foundation,13,delegates; delegates_raw; delegates_sanitized; geocode_cache; map_locations; speaker_profiles; speaker_profiles_cache; talks,Alligator Head Foundation,Alligator Head Foundation,alligator head foundation,alligator foundation head,Alligator Head Foundation,token_key,low,2,17,False,True,True,,
C0136,"Alligator Head Foundation, Jamaica",4,delegates; delegates_raw,Alligator Head Foundation,Alligator Head Foundation,alligator head foundation,alligator foundation head,Alligator Head Foundation,token_key,low,2,17,False,True,True,,
C0152,Bangor University,15,delegates; delegates_raw; delegates_sanitized; emissions; geocode_cache; map_locations; speaker_profiles; speaker_profiles_cache; talks,Bangor University,Bangor University,bangor university,bangor university,Bangor University,token_key,low,2,17,False,True,True,,
C0152,"Bangor University, Maldives",2,delegates; delegates_raw,Bangor University,Bangor University,bangor university,bangor university,Bangor University,token_key,low,2,17,False,True,True,,
C0173,California State University,15,delegates; delegates_raw; delegates_sanitized; emissions; geocode_cache; map_locations; speaker_profiles; speaker_profiles_cache; talks,California State University,California State University,california state university,california state university,California State University,token_key,low,2,17,False,True,True,,
C0173,"California State University, United States",2,delegates; delegates_raw,California State University,California State University,california state university,california state university,California State University,token_key,low,2,17,False,True,True,,
C0202,Coral Guardian,15,delegates; delegates_raw; delegates_sanitized; emissions; geocode_cache; map_locations; speaker_profiles; speaker_profiles_cache; talks,Coral Guardian,Coral Guardian,coral guardian,coral guardian,Coral Guardian,token_key,low,2,17,False,True,True,,
C0202,"Coral Guardian, France",2,delegates; delegates_raw,Coral Guardian,Coral Guardian,coral guardian,coral guardian,Coral Guardian,token_key,low,2,17,False,True,True,,
C0229,"Department of Biodiversity, Conservation and Attractions - Western Australia",15,delegates; delegates_raw; delegates_sanitized; emissions; geocode_cache; geocode_overrides; map_locations; speaker_profiles; speaker_profiles_cache; talks,"Department of Biodiversity, Conservation and Attractions - Western Australia","Department of Biodiversity, Conservation and Attractions - Western Australia","department of biodiversity, conservation and attractions - western australia",attractions australia biodiversity conservation department western,"Department of Biodiversity, Conservation and Attractions - Western Australia",token_key,low,2,17,False,True,True,,
C0229,"Department of Biodiversity, Conservation and Attractions - Western Australia, Australia",2,delegates; delegates_raw,"Department of Biodiversity, Conservation and Attractions - Western Australia","Department of Biodiversity, Conservation and Attractions - Western Australia","department of biodiversity, conservation and attractions - western australia",attractions australia biodiversity conservation department western,"Department of Biodiversity, Conservation and Attractions - Western Australia",token_key,low,2,17,False,True,True,,
C0240,Earth Observatory of Singapore,15,delegates; delegates_raw; delegates_sanitized; emissions; geocode_cache; map_locations; speaker_profiles; speaker_profiles_cache; talks,Earth Observatory of Singapore,Earth Observatory of Singapore,earth observatory of singapore,earth observatory singapore,Earth Observatory of Singapore,token_key,low,2,17,False,True,True,,
C0240,"Earth Observatory of Singapore, Singapore",2,delegates; delegates_raw,Earth Observatory of Singapore,Earth Observatory of Singapore,earth observatory of singapore,earth observatory singapore,Earth Observatory of Singapore,token_key,low,2,17,False,True,True,,
C0242,East Carolina University,15,delegates; delegates_raw; delegates_sanitized; emissions; geocode_cache; map_locations; speaker_profiles; speaker_profiles_cache; talks,East Carolina University,East Carolina University,east carolina university,carolina east university,East Carolina University,token_key,low,2,17,False,True,True,,
C0242,"East Carolina University, United States",2,delegates; delegates_raw,East Carolina University,East Carolina University,east carolina university,carolina east university,East Carolina University,token_key,low,2,17,False,True,True,,
C0284,Great Barrier Reef Safaris,13,delegates; delegates_raw; delegates_sanitized; geocode_cache; map_locations; speaker_profiles; speaker_profiles_cache; talks,Great Barrier Reef Safaris,Great Barrier Reef Safaris,great barrier reef safaris,barrier great reef safaris,Great Barrier Reef Safaris,token_key,low,2,17,False,True,True,,
C0284,"Great Barrier Reef Safaris, Australia",4,delegates; delegates_raw,Great Barrier Reef Safaris,Great Barrier Reef Safaris,great barrier reef safaris,barrier great reef safaris,Great Barrier Reef Safaris,token_key,low,2,17,False,True,True,,
C0298,Healthy Reefs for Healthy People,15,delegates; delegates_raw; delegates_sanitized; geocode_cache; map_locations; speaker_profiles; speaker_profiles_cache; talks,Healthy Reefs for Healthy People,Healthy Reefs for Healthy People,healthy reefs for healthy people,healthy healthy people reefs,Healthy Reefs for Healthy People,token_key,low,2,17,False,True,True,,
C0298,"Healthy Reefs for Healthy People, United States",2,delegates; delegates_raw,Healthy Reefs for Healthy People,Healthy Reefs for Healthy People,healthy reefs for healthy people,healthy healthy people reefs,Healthy Reefs for Healthy People,token_key,low,2,17,False,True,True,,
C0319,Institut Teknologi Bandung,15,delegates; delegates_raw; delegates_sanitized; emissions; geocode_cache; map_locations; speaker_profiles; speaker_profiles_cache; talks,Institut Teknologi Bandung,Institut Teknologi Bandung,institut teknologi bandung,bandung institut teknologi,Institut Teknologi Bandung,token_key,low,2,17,False,True,True,,
C0319,"Institut Teknologi Bandung, Indonesia",2,delegates; delegates_raw,Institut Teknologi Bandung,Institut Teknologi Bandung,institut teknologi bandung,bandung institut teknologi,Institut Teknologi Bandung,token_key,low,2,17,False,True,True,,
C0327,Institute of Zoology,15,delegates; delegates_raw; delegates_sanitized; emissions; geocode_cache; map_locations; speaker_profiles; speaker_profiles_cache; talks,Institute of Zoology,Institute of Zoology,institute of zoology,institute zoology,Institute of Zoology,token_key,low,2,17,False,True,True,,
C0327,"Institute of Zoology, United Kingdom",2,delegates; delegates_raw,Institute of Zoology,Institute of Zoology,institute of zoology,institute zoology,Institute of Zoology,token_key,low,2,17,False,True,True,,
C0331,Instituto Recifes Costeiros,15,delegates; delegates_raw; delegates_sanitized; geocode_cache; map_locations; speaker_profiles; speaker_profiles_cache; talks,Instituto Recifes Costeiros,Instituto Recifes Costeiros,instituto recifes costeiros,costeiros instituto recifes,Instituto Recifes Costeiros,token_key,low,2,17,False,True,True,,
C0331,"Instituto Recifes Costeiros, Brazil",2,delegates; delegates_raw,Instituto Recifes Costeiros,Instituto Recifes Costeiros,instituto recifes costeiros,costeiros instituto recifes,Instituto Recifes Costeiros,token_key,low,2,17,False,True,True,,
C0355,Kikai Institute for Coral Reef Science,15,delegates; delegates_raw; delegates_sanitized; emissions; geocode_cache; map_locations; speaker_profiles; speaker_profiles_cache; talks,Kikai Institute for Coral Reef Science,Kikai Institute for Coral Reef Science,kikai institute for coral reef science,coral institute kikai reef science,Kikai Institute for Coral Reef Science,token_key,low,2,17,False,True,True,,
C0355,"Kikai Institute for Coral Reef Science, Thailand",2,delegates; delegates_raw,Kikai Institute for Coral Reef Science,Kikai Institute for Coral Reef Science,kikai institute for coral reef science,coral institute kikai reef science,Kikai Institute for Coral Reef Science,token_key,low,2,17,False,True,True,,
C0359,Kochi University,15,delegates; delegates_raw; delegates_sanitized; emissions; geocode_cache; map_locations; speaker_profiles; speaker_profiles_cache; talks,Kochi University,Kochi University,kochi university,kochi university,Kochi University,token_key,low,2,17,False,True,True,,
C0359,"Kochi University, Japan",2,delegates; delegates_raw,Kochi University,Kochi University,kochi university,kochi university,Kochi University,token_key,low,2,17,False,True,True,,
C0377,Macquarie University/University of Groningen,15,delegates; delegates_raw; delegates_sanitized; emissions; geocode_cache; map_locations; speaker_profiles; speaker_profiles_cache; talks,Macquarie University/University of Groningen,Macquarie University/University of Groningen,macquarie university/university of groningen,groningen macquarie university university,Macquarie University/University of Groningen,token_key,low,2,17,False,True,True,,
C0377,"Macquarie University/University of Groningen, Netherlands",2,delegates; delegates_raw,Macquarie University/University of Groningen,Macquarie University/University of Groningen,macquarie university/university of groningen,groningen macquarie university university,Macquarie University/University of Groningen,token_key,low,2,17,False,True,True,,
C0380,Malama Maunalua,13,delegates; delegates_raw; delegates_sanitized; geocode_cache; map_locations; speaker_profiles; speaker_profiles_cache; talks,Malama Maunalua,Malama Maunalua,malama maunalua,malama maunalua,Malama Maunalua,token_key,low,2,17,False,True,True,,
C0380,"Malama Maunalua, United States",4,delegates; delegates_raw,Malama Maunalua,Malama Maunalua,malama maunalua,malama maunalua,Malama Maunalua,token_key,low,2,17,False,True,True,,
C0381,Maldives Coral Institute,15,delegates; delegates_raw; delegates_sanitized; geocode_cache; map_locations; speaker_profiles; speaker_profiles_cache; talks,Maldives Coral Institute,Maldives Coral Institute,maldives coral institute,coral institute maldives,Maldives Coral Institute,token_key,low,2,17,False,True,True,,
C0381,"Maldives Coral Institute, Maldives",2,delegates; delegates_raw,Maldives Coral Institute,Maldives Coral Institute,maldives coral institute,coral institute maldives,Maldives Coral Institute,token_key,low,2,17,False,True,True,,
C0395,Marshall Islands Marine Resources Authority,11,delegates; delegates_raw; delegates_sanitized; map_locations,Marshall Islands Marine Resources Authority,Marshall Islands Marine Resources Authority,marshall islands marine resources authority,authority islands marine marshall resources,Marshall Islands Marine Resources Authority,token_key,low,2,17,False,True,True,,
C0395,"Marshall Islands Marine Resources Authority, Marshall Islands",6,delegates; delegates_raw,Marshall Islands Marine Resources Authority,Marshall Islands Marine Resources Authority,marshall islands marine resources authority,authority islands marine marshall resources,Marshall Islands Marine Resources Authority,token_key,low,2,17,False,True,True,,
C0403,Micronesian Conservation Coalition,15,delegates; delegates_raw; delegates_sanitized; emissions; geocode_cache; map_locations; speaker_profiles; speaker_profiles_cache; talks,Micronesian Conservation Coalition,Micronesian Conservation Coalition,micronesian conservation coalition,coalition conservation micronesian,Micronesian Conservation Coalition,token_key,low,2,17,False,True,True,,
C0403,"Micronesian Conservation Coalition, New Zealand",2,delegates; delegates_raw,Micronesian Conservation Coalition,Micronesian Conservation Coalition,micronesian conservation coalition,coalition conservation micronesian,Micronesian Conservation Coalition,token_key,low,2,17,False,True,True,,
C0409,"Ministry of Fisheries, Oceans and Maritime Affairs - Vanuatu",15,delegates; delegates_raw; delegates_sanitized; emissions; geocode_cache; map_locations; speaker_profiles; speaker_profiles_cache; talks,"Ministry of Fisheries, Oceans and Maritime Affairs - Vanuatu","Ministry of Fisheries, Oceans and Maritime Affairs - Vanuatu","ministry of fisheries, oceans and maritime affairs - vanuatu",affairs fisheries maritime ministry oceans vanuatu,"Ministry of Fisheries, Oceans and Maritime Affairs - Vanuatu",token_key,low,2,17,False,True,True,,
C0409,"Ministry of Fisheries, Oceans and Maritime Affairs - Vanuatu, Vanuatu",2,delegates; delegates_raw,"Ministry of Fisheries, Oceans and Maritime Affairs - Vanuatu","Ministry of Fisheries, Oceans and Maritime Affairs - Vanuatu","ministry of fisheries, oceans and maritime affairs - vanuatu",affairs fisheries maritime ministry oceans vanuatu,"Ministry of Fisheries, Oceans and Maritime Affairs - Vanuatu",token_key,low,2,17,False,True,True,,
C0434,National Marine Sanctuary Foundation,15,delegates; delegates_raw; delegates_sanitized; geocode_cache; map_locations; speaker_profiles; speaker_profiles_cache; talks,National Marine Sanctuary Foundation,National Marine Sanctuary Foundation,national marine sanctuary foundation,foundation marine national sanctuary,National Marine Sanctuary Foundation,token_key,low,2,17,False,True,True,,
C0434,"National Marine Sanctuary Foundation, United States",2,delegates; delegates_raw,National Marine Sanctuary Foundation,National Marine Sanctuary Foundation,national marine sanctuary foundation,foundation marine national sanctuary,National Marine Sanctuary Foundation,token_key,low,2,17,False,True,True,,
C0448,National University of Colombia - Caribbean Campus,15,delegates; delegates_raw; delegates_sanitized; emissions; geocode_cache; map_locations; speaker_profiles; speaker_profiles_cache; talks,National University of Colombia - Caribbean Campus,National University of Colombia - Caribbean Campus,national university of colombia - caribbean campus,campus caribbean colombia national university,National University of Colombia - Caribbean Campus,token_key,low,2,17,False,True,True,,
C0448,"National University of Colombia - Caribbean Campus, Colombia",2,delegates; delegates_raw,National University of Colombia - Caribbean Campus,National University of Colombia - Caribbean Campus,national university of colombia - caribbean campus,campus caribbean colombia national university,National University of Colombia - Caribbean Campus,token_key,low,2,17,False,True,True,,
C0452,Naturalis Biodiversity Center,15,delegates; delegates_raw; delegates_sanitized; geocode_cache; map_locations; speaker_profiles; speaker_profiles_cache; talks,Naturalis Biodiversity Center,Naturalis Biodiversity Center,naturalis biodiversity center,biodiversity center naturalis,Naturalis Biodiversity Center,token_key,low,2,17,False,True,True,,
C0452,"Naturalis Biodiversity Center, Netherlands",2,delegates; delegates_raw,Naturalis Biodiversity Center,Naturalis Biodiversity Center,naturalis biodiversity center,biodiversity center naturalis,Naturalis Biodiversity Center,token_key,low,2,17,False,True,True,,
C0453,Nature Conservation Foundation,15,delegates; delegates_raw; delegates_sanitized; geocode_cache; map_locations; speaker_profiles; speaker_profiles_cache; talks,Nature Conservation Foundation,Nature Conservation Foundation,nature conservation foundation,conservation foundation nature,Nature Conservation Foundation,token_key,low,2,17,False,True,True,,
C0453,"Nature Conservation Foundation, India",2,delegates; delegates_raw,Nature Conservation Foundation,Nature Conservation Foundation,nature conservation foundation,conservation foundation nature,Nature Conservation Foundation,token_key,low,2,17,False,True,True,,
C0491,Positive Ripple Consulting,15,delegates; delegates_raw; delegates_sanitized; geocode_cache; map_locations; speaker_profiles; speaker_profiles_cache; talks,Positive Ripple Consulting,Positive Ripple Consulting,positive ripple consulting,consulting positive ripple,Positive Ripple Consulting,token_key,low,2,17,False,True,True,,
C0491,"Positive Ripple Consulting, France",2,delegates; delegates_raw,Positive Ripple Consulting,Positive Ripple Consulting,positive ripple consulting,consulting positive ripple,Positive Ripple Consulting,token_key,low,2,17,False,True,True,,
C0514,Reef Explorer - Fiji,15,delegates; delegates_raw; delegates_sanitized; emissions; geocode_cache; map_locations; speaker_profiles; speaker_profiles_cache; talks,Reef Explorer - Fiji,Reef Explorer - Fiji,reef explorer - fiji,explorer fiji reef,Reef Explorer - Fiji,token_key,low,2,17,False,True,True,,
C0514,"Reef Explorer - Fiji, Fiji",2,delegates; delegates_raw,Reef Explorer - Fiji,Reef Explorer - Fiji,reef explorer - fiji,explorer fiji reef,Reef Explorer - Fiji,token_key,low,2,17,False,True,True,,
C0551,Smithsonian Tropical Research Center,15,delegates; delegates_raw; delegates_sanitized; emissions; geocode_cache; map_locations; speaker_profiles; speaker_profiles_cache; talks,Smithsonian Tropical Research Center,Smithsonian Tropical Research Center,smithsonian tropical research center,center research smithsonian tropical,Smithsonian Tropical Research Center,token_key,low,2,17,False,True,True,,
C0551,"Smithsonian Tropical Research Center, Panama",2,delegates; delegates_raw,Smithsonian Tropical Research Center,Smithsonian Tropical Research Center,smithsonian tropical research center,center research smithsonian tropical,Smithsonian Tropical Research Center,token_key,low,2,17,False,True,True,,
C0553,Soneva Conservation and Sustainability Maldives,15,delegates; delegates_raw; delegates_sanitized; geocode_cache; map_locations; speaker_profiles; speaker_profiles_cache; talks,Soneva Conservation and Sustainability Maldives,Soneva Conservation and Sustainability Maldives,soneva conservation and sustainability maldives,conservation maldives soneva sustainability,Soneva Conservation and Sustainability Maldives,token_key,low,2,17,False,True,True,,
C0553,"Soneva Conservation and Sustainability Maldives, Maldives",2,delegates; delegates_raw,Soneva Conservation and Sustainability Maldives,Soneva Conservation and Sustainability Maldives,soneva conservation and sustainability maldives,conservation maldives soneva sustainability,Soneva Conservation and Sustainability Maldives,token_key,low,2,17,False,True,True,,
C0566,Sultan Qaboos University,15,delegates; delegates_raw; delegates_sanitized; emissions; geocode_cache; map_locations; speaker_profiles; speaker_profiles_cache; talks,Sultan Qaboos University,Sultan Qaboos University,sultan qaboos university,qaboos sultan university,Sultan Qaboos University,token_key,low,2,17,False,True,True,,
C0566,"Sultan Qaboos University, Oman",2,delegates; delegates_raw,Sultan Qaboos University,Sultan Qaboos University,sultan qaboos university,qaboos sultan university,Sultan Qaboos University,token_key,low,2,17,False,True,True,,
C0591,Tulane University,15,delegates; delegates_raw; delegates_sanitized; emissions; geocode_cache; map_locations; speaker_profiles; speaker_profiles_cache; talks,Tulane University,Tulane University,tulane university,tulane university,Tulane University,token_key,low,2,17,False,True,True,,
C0591,"Tulane University, United States",2,delegates; delegates_raw,Tulane University,Tulane University,tulane university,tulane university,Tulane University,token_key,low,2,17,False,True,True,,
C0603,Universidad Del Magdalena,15,delegates; delegates_raw; delegates_sanitized; emissions; geocode_cache; map_locations; speaker_profiles; speaker_profiles_cache; talks,Universidad Del Magdalena,Universidad Del Magdalena,universidad del magdalena,del magdalena universidad,Universidad Del Magdalena,token_key,low,2,17,False,True,True,,
C0603,"Universidad Del Magdalena, Colombia",2,delegates; delegates_raw,Universidad Del Magdalena,Universidad Del Magdalena,universidad del magdalena,del magdalena universidad,Universidad Del Magdalena,token_key,low,2,17,False,True,True,,
C0608,Universidade Federal de Santa Catarina,15,delegates; delegates_raw; delegates_sanitized; emissions; geocode_cache; map_locations; speaker_profiles; speaker_profiles_cache; talks,Universidade Federal de Santa Catarina,Universidade Federal de Santa Catarina,universidade federal de santa catarina,catarina de federal santa universidade,Universidade Federal de Santa Catarina,token_key,low,2,17,False,True,True,,
C0608,"Universidade Federal de Santa Catarina, Brazil",2,delegates; delegates_raw,Universidade Federal de Santa Catarina,Universidade Federal de Santa Catarina,universidade federal de santa catarina,catarina de federal santa universidade,Universidade Federal de Santa Catarina,token_key,low,2,17,False,True,True,,
C0663,University of Massachusetts Lowell,15,delegates; delegates_raw; delegates_sanitized; emissions; geocode_cache; map_locations; speaker_profiles; speaker_profiles_cache; talks,University of Massachusetts Lowell,University of Massachusetts Lowell,university of massachusetts lowell,lowell massachusetts university,University of Massachusetts Lowell,token_key,low,2,17,False,True,True,,
C0663,"University of Massachusetts Lowell, United States",2,delegates; delegates_raw,University of Massachusetts Lowell,University of Massachusetts Lowell,university of massachusetts lowell,lowell massachusetts university,University of Massachusetts Lowell,token_key,low,2,17,False,True,True,,
C0670,University of Miyazaki,15,delegates; delegates_raw; delegates_sanitized; emissions; geocode_cache; geocode_overrides; map_locations; speaker_profiles; speaker_profiles_cache; talks,University of Miyazaki,University of Miyazaki,university of miyazaki,miyazaki university,University of Miyazaki,token_key,low,2,17,False,True,True,,
C0670,"University of Miyazaki, Japan",2,delegates; delegates_raw,University of Miyazaki,University of Miyazaki,university of miyazaki,miyazaki university,University of Miyazaki,token_key,low,2,17,False,True,True,,
C0681,University of Porto,15,delegates; delegates_raw; delegates_sanitized; emissions; geocode_cache; map_locations; speaker_profiles; speaker_profiles_cache; talks,University of Porto,University of Porto,university of porto,porto university,University of Porto,token_key,low,2,17,False,True,True,,
C0681,"University of Porto, Portugal",2,delegates; delegates_raw,University of Porto,University of Porto,university of porto,porto university,University of Porto,token_key,low,2,17,False,True,True,,
C0716,University of Wisconsin - Madison,15,delegates; delegates_raw; delegates_sanitized; emissions; geocode_cache; map_locations; speaker_profiles; speaker_profiles_cache; talks,University of Wisconsin - Madison,University of Wisconsin - Madison,university of wisconsin - madison,madison university wisconsin,University of Wisconsin - Madison,token_key,low,2,17,False,True,True,,
C0716,"University of Wisconsin - Madison, United States",2,delegates; delegates_raw,University of Wisconsin - Madison,University of Wisconsin - Madison,university of wisconsin - madison,madison university wisconsin,University of Wisconsin - Madison,token_key,low,2,17,False,True,True,,
C0718,University of York,15,delegates; delegates_raw; delegates_sanitized; emissions; geocode_cache; map_locations; speaker_profiles; speaker_profiles_cache; talks,University of York,University of York,university of york,university york,University of York,token_key,low,2,17,False,True,True,,
C0718,"University of York, United Kingdom",2,delegates; delegates_raw,University of York,University of York,university of york,university york,University of York,token_key,low,2,17,False,True,True,,
C0720,Ursinus College,15,delegates; delegates_raw; delegates_sanitized; emissions; geocode_cache; map_locations; speaker_profiles; speaker_profiles_cache; talks,Ursinus College,Ursinus College,ursinus college,college ursinus,Ursinus College,token_key,low,2,17,False,True,True,,
C0720,"Ursinus College, United States",2,delegates; delegates_raw,Ursinus College,Ursinus College,ursinus college,college ursinus,Ursinus College,token_key,low,2,17,False,True,True,,
C0747,Yayasan WWF Indonesia,15,delegates; delegates_raw; delegates_sanitized; emissions; geocode_cache; map_locations; speaker_profiles; speaker_profiles_cache; talks,Yayasan WWF Indonesia,Yayasan WWF Indonesia,yayasan wwf indonesia,indonesia wwf yayasan,Yayasan WWF Indonesia,token_key,low,2,17,False,True,True,,
C0747,"Yayasan WWF Indonesia, Indonesia",2,delegates; delegates_raw,Yayasan WWF Indonesia,Yayasan WWF Indonesia,yayasan wwf indonesia,indonesia wwf yayasan,Yayasan WWF Indonesia,token_key,low,2,17,False,True,True,,
C0026,Bergische Universitat Wuppertal,10,delegates; delegates_sanitized; emissions; map_locations; talks,Bergische Universitat Wuppertal,Bergische Universitat Wuppertal,bergische universitat wuppertal,bergische universitat wuppertal,Bergische Universität Wuppertal,token_key,high,4,16,True,True,True,,
C0026,Bergische Universität Wuppertal,4,delegates_raw; geocode_cache; speaker_profiles; speaker_profiles_cache,Bergische Universität Wuppertal,Bergische Universität Wuppertal,bergische universitat wuppertal,bergische universitat wuppertal,Bergische Universität Wuppertal,token_key,high,4,16,True,True,True,,
C0026,"Bergische Universitat Wuppertal, Germany",1,delegates,Bergische Universitat Wuppertal,Bergische Universitat Wuppertal,bergische universitat wuppertal,bergische universitat wuppertal,Bergische Universität Wuppertal,token_key,high,4,16,True,True,True,,
C0026,"Bergische Universität Wuppertal, Germany",1,delegates_raw,Bergische Universität Wuppertal,Bergische Universität Wuppertal,bergische universitat wuppertal,bergische universitat wuppertal,Bergische Universität Wuppertal,token_key,high,4,16,True,True,True,,
C0066,Centro de Ciencias do Mar do Algarve,8,map_locations; talks,Centro de Ciencias do Mar do Algarve,Centro de Ciencias do Mar do Algarve,centro de ciencias do mar do algarve,algarve centro ciencias de do do mar,Centro de Ciências do Mar do Algarve,token_key,high,3,16,True,True,True,,
C0066,Centro de Ciências do Mar do Algarve,6,delegates; delegates_raw; delegates_sanitized; geocode_cache; speaker_profiles; speaker_profiles_cache,Centro de Ciências do Mar do Algarve,Centro de Ciências do Mar do Algarve,centro de ciencias do mar do algarve,algarve centro ciencias de do do mar,Centro de Ciências do Mar do Algarve,token_key,high,3,16,True,True,True,,
C0066,"Centro de Ciências do Mar do Algarve, Portugal",2,delegates; delegates_raw,Centro de Ciências do Mar do Algarve,Centro de Ciências do Mar do Algarve,centro de ciencias do mar do algarve,algarve centro ciencias de do do mar,Centro de Ciências do Mar do Algarve,token_key,high,3,16,True,True,True,,
C0075,Goethe-Universitat,8,emissions; map_locations; talks,Goethe-Universitat,Goethe-Universitat,goethe-universitat,goethe universitat,Goethe-Universität,token_key,high,3,16,True,True,True,,
C0075,Goethe-Universität,6,delegates; delegates_raw; delegates_sanitized; geocode_cache; speaker_profiles; speaker_profiles_cache,Goethe-Universität,Goethe-Universität,goethe-universitat,goethe universitat,Goethe-Universität,token_key,high,3,16,True,True,True,,
C0075,"Goethe-Universität, Germany",2,delegates; delegates_raw,Goethe-Universität,Goethe-Universität,goethe-universitat,goethe universitat,Goethe-Universität,token_key,high,3,16,True,True,True,,
C0079,Instituto Superior Tecnico,8,emissions; map_locations; talks,Instituto Superior Tecnico,Instituto Superior Tecnico,instituto superior tecnico,instituto superior tecnico,Instituto Superior Técnico,token_key,high,3,16,True,True,True,,
C0079,Instituto Superior Técnico,6,delegates; delegates_raw; delegates_sanitized; geocode_cache; speaker_profiles; speaker_profiles_cache,Instituto Superior Técnico,Instituto Superior Técnico,instituto superior tecnico,instituto superior tecnico,Instituto Superior Técnico,token_key,high,3,16,True,True,True,,
C0079,"Instituto Superior Técnico, Portugal",2,delegates; delegates_raw,Instituto Superior Técnico,Instituto Superior Técnico,instituto superior tecnico,instituto superior tecnico,Instituto Superior Técnico,token_key,high,3,16,True,True,True,,
C0124,"University Of Mons, Belgium",7,delegates; delegates_raw; delegates_sanitized; geocode_cache; geocode_overrides; speaker_profiles; speaker_profiles_cache,University Of Mons,University Of Mons,university of mons,mons university,University of Mons,token_key,high,3,16,True,True,True,,
C0124,University of Mons,7,emissions; map_locations; talks,University of Mons,University of Mons,university of mons,mons university,University of Mons,token_key,high,3,16,True,True,True,,
C0124,"University of Mons, Belgium",2,emissions,University of Mons,University of Mons,university of mons,mons university,University of Mons,token_key,high,3,16,True,True,True,,
C0154,Ben Gurion University of the Negev,14,delegates; delegates_raw; delegates_sanitized; emissions; geocode_cache; map_locations; speaker_profiles; speaker_profiles_cache; talks,Ben Gurion University of the Negev,Ben Gurion University of the Negev,ben gurion university of the negev,ben gurion negev university,Ben Gurion University of the Negev,token_key,low,2,16,False,True,True,,
C0154,"Ben Gurion University of the Negev, Israel",2,delegates; delegates_raw,Ben Gurion University of the Negev,Ben Gurion University of the Negev,ben gurion university of the negev,ben gurion negev university,Ben Gurion University of the Negev,token_key,low,2,16,False,True,True,,
C0175,California State University Northridge,14,delegates; delegates_raw; delegates_sanitized; emissions; geocode_cache; map_locations; speaker_profiles; speaker_profiles_cache; talks,California State University Northridge,California State University Northridge,california state university northridge,california northridge state university,California State University Northridge,token_key,low,2,16,False,True,True,,
C0175,"California State University Northridge, United States",2,delegates; delegates_raw,California State University Northridge,California State University Northridge,california state university northridge,california northridge state university,California State University Northridge,token_key,low,2,16,False,True,True,,
C0182,Central Queensland University,14,delegates; delegates_raw; delegates_sanitized; emissions; geocode_cache; map_locations; speaker_profiles; speaker_profiles_cache; talks,Central Queensland University,Central Queensland University,central queensland university,central queensland university,Central Queensland University,token_key,low,2,16,False,True,True,,
C0182,"Central Queensland University, Australia",2,delegates; delegates_raw,Central Queensland University,Central Queensland University,central queensland university,central queensland university,Central Queensland University,token_key,low,2,16,False,True,True,,
C0192,Clemson University,14,delegates; delegates_raw; delegates_sanitized; emissions; geocode_cache; map_locations; speaker_profiles; speaker_profiles_cache; talks,Clemson University,Clemson University,clemson university,clemson university,Clemson University,token_key,low,2,16,False,True,True,,
C0192,"Clemson University, United States",2,delegates; delegates_raw,Clemson University,Clemson University,clemson university,clemson university,Clemson University,token_key,low,2,16,False,True,True,,
C0200,Connecticut College,14,delegates; delegates_raw; delegates_sanitized; emissions; geocode_cache; map_locations; speaker_profiles; speaker_profiles_cache; talks,Connecticut College,Connecticut College,connecticut college,college connecticut,Connecticut College,token_key,low,2,16,False,True,True,,
C0200,"Connecticut College, United States",2,delegates; delegates_raw,Connecticut College,Connecticut College,connecticut college,college connecticut,Connecticut College,token_key,low,2,16,False,True,True,,
C0201,Conservation Metrics,14,delegates; delegates_raw; delegates_sanitized; geocode_cache; map_locations; speaker_profiles; speaker_profiles_cache; talks,Conservation Metrics,Conservation Metrics,conservation metrics,conservation metrics,Conservation Metrics,token_key,low,2,16,False,True,True,,
C0201,"Conservation Metrics, United States",2,delegates; delegates_raw,Conservation Metrics,Conservation Metrics,conservation metrics,conservation metrics,Conservation Metrics,token_key,low,2,16,False,True,True,,
C0290,Hampton University,14,delegates; delegates_raw; delegates_sanitized; emissions; geocode_cache; map_locations; speaker_profiles; speaker_profiles_cache; talks,Hampton University,Hampton University,hampton university,hampton university,Hampton University,token_key,low,2,16,False,True,True,,
C0290,"Hampton University, United States",2,delegates; delegates_raw,Hampton University,Hampton University,hampton university,hampton university,Hampton University,token_key,low,2,16,False,True,True,,
C0293,Hasanuddin University,14,delegates; delegates_raw; delegates_sanitized; emissions; geocode_cache; map_locations; speaker_profiles; speaker_profiles_cache; talks,Hasanuddin University,Hasanuddin University,hasanuddin university,hasanuddin university,Hasanuddin University,token_key,low,2,16,False,True,True,,
C0293,"Hasanuddin University, Indonesia",2,delegates; delegates_raw,Hasanuddin University,Hasanuddin University,hasanuddin university,hasanuddin university,Hasanuddin University,token_key,low,2,16,False,True,True,,
C0295,Hawai'i State Department of Land and Natural Resources,14,delegates; delegates_raw; delegates_sanitized; geocode_cache; map_locations; speaker_profiles; speaker_profiles_cache; talks,Hawai'i State Department of Land and Natural Resources,Hawai'i State Department of Land and Natural Resources,hawaii state department of land and natural resources,department hawaii land natural resources state,Hawai'i State Department of Land and Natural Resources,token_key,low,2,16,False,True,True,,
C0295,"Hawai'i State Department of Land and Natural Resources, United States",2,delegates; delegates_raw,Hawai'i State Department of Land and Natural Resources,Hawai'i State Department of Land and Natural Resources,hawaii state department of land and natural resources,department hawaii land natural resources state,Hawai'i State Department of Land and Natural Resources,token_key,low,2,16,False,True,True,,
C0302,Hong Kong Polytechnic University,14,delegates; delegates_raw; delegates_sanitized; emissions; geocode_cache; map_locations; speaker_profiles; speaker_profiles_cache; talks,Hong Kong Polytechnic University,Hong Kong Polytechnic University,hong kong polytechnic university,hong kong polytechnic university,Hong Kong Polytechnic University,token_key,low,2,16,False,True,True,,
C0302,"Hong Kong Polytechnic University, Hong Kong",2,delegates; delegates_raw,Hong Kong Polytechnic University,Hong Kong Polytechnic University,hong kong polytechnic university,hong kong polytechnic university,Hong Kong Polytechnic University,token_key,low,2,16,False,True,True,,
C0321,Institute for Systems Biology,14,delegates; delegates_raw; delegates_sanitized; emissions; geocode_cache; map_locations; speaker_profiles; speaker_profiles_cache; talks,Institute for Systems Biology,Institute for Systems Biology,institute for systems biology,biology institute systems,Institute for Systems Biology,token_key,low,2,16,False,True,True,,
C0321,"Institute for Systems Biology, United States",2,delegates; delegates_raw,Institute for Systems Biology,Institute for Systems Biology,institute for systems biology,biology institute systems,Institute for Systems Biology,token_key,low,2,16,False,True,True,,
C0335,Island Conservation,14,delegates; delegates_raw; delegates_sanitized; emissions; geocode_cache; map_locations; speaker_profiles; speaker_profiles_cache; talks,Island Conservation,Island Conservation,island conservation,conservation island,Island Conservation,token_key,low,2,16,False,True,True,,
C0335,"Island Conservation, United States",2,delegates; delegates_raw,Island Conservation,Island Conservation,island conservation,conservation island,Island Conservation,token_key,low,2,16,False,True,True,,
C0352,Karolinska Institute,14,delegates; delegates_raw; delegates_sanitized; emissions; geocode_cache; map_locations; speaker_profiles; speaker_profiles_cache; talks,Karolinska Institute,Karolinska Institute,karolinska institute,institute karolinska,Karolinska Institute,token_key,low,2,16,False,True,True,,
C0352,"Karolinska Institute, Sweden",2,delegates; delegates_raw,Karolinska Institute,Karolinska Institute,karolinska institute,institute karolinska,Karolinska Institute,token_key,low,2,16,False,True,True,,
C0428,National Chiayi University,14,delegates; delegates_raw; delegates_sanitized; emissions; geocode_cache; map_locations; speaker_profiles; speaker_profiles_cache; talks,National Chiayi University,National Chiayi University,national chiayi university,chiayi national university,National Chiayi University,token_key,low,2,16,False,True,True,,
C0428,"National Chiayi University, Taiwan",2,delegates; delegates_raw,National Chiayi University,National Chiayi University,national chiayi university,chiayi national university,National Chiayi University,token_key,low,2,16,False,True,True,,
C0436,National Museum,14,delegates; delegates_raw; delegates_sanitized; emissions; geocode_cache; map_locations; speaker_profiles; speaker_profiles_cache; talks,National Museum,National Museum,national museum,museum national,National Museum,token_key,low,2,16,False,True,True,,
C0436,"National Museum, Brazil",2,delegates; delegates_raw,National Museum,National Museum,national museum,museum national,National Museum,token_key,low,2,16,False,True,True,,
C0459,Northeastern University Marine Science Center,14,delegates; delegates_raw; delegates_sanitized; emissions; geocode_cache; map_locations; speaker_profiles; speaker_profiles_cache; talks,Northeastern University Marine Science Center,Northeastern University Marine Science Center,northeastern university marine science center,center marine northeastern science university,Northeastern University Marine Science Center,token_key,low,2,16,False,True,True,,
C0459,"Northeastern University Marine Science Center, United States",2,delegates; delegates_raw,Northeastern University Marine Science Center,Northeastern University Marine Science Center,northeastern university marine science center,center marine northeastern science university,Northeastern University Marine Science Center,token_key,low,2,16,False,True,True,,
C0473,Ochanomizu University,14,delegates; delegates_raw; delegates_sanitized; emissions; geocode_cache; map_locations; speaker_profiles; speaker_profiles_cache; talks,Ochanomizu University,Ochanomizu University,ochanomizu university,ochanomizu university,Ochanomizu University,token_key,low,2,16,False,True,True,,
C0473,"Ochanomizu University, Japan",2,delegates; delegates_raw,Ochanomizu University,Ochanomizu University,ochanomizu university,ochanomizu university,Ochanomizu University,token_key,low,2,16,False,True,True,,
C0484,Pacific Community,14,delegates; delegates_raw; delegates_sanitized; emissions; geocode_cache; map_locations; speaker_profiles; speaker_profiles_cache; talks,Pacific Community,Pacific Community,pacific community,community pacific,Pacific Community,token_key,low,2,16,False,True,True,,
C0484,"Pacific Community, New Caledonia",2,delegates; delegates_raw,Pacific Community,Pacific Community,pacific community,community pacific,Pacific Community,token_key,low,2,16,False,True,True,,
C0490,Pondicherry University,14,delegates; delegates_raw; delegates_sanitized; emissions; geocode_cache; map_locations; speaker_profiles; speaker_profiles_cache; talks,Pondicherry University,Pondicherry University,pondicherry university,pondicherry university,Pondicherry University,token_key,low,2,16,False,True,True,,
C0490,"Pondicherry University, India",2,delegates; delegates_raw,Pondicherry University,Pondicherry University,pondicherry university,pondicherry university,Pondicherry University,token_key,low,2,16,False,True,True,,
C0522,"Rethinking, Rebuilding, Regenerating Coral Reefs",14,delegates; delegates_raw; delegates_sanitized; geocode_cache; map_locations; speaker_profiles; speaker_profiles_cache; talks,"Rethinking, Rebuilding, Regenerating Coral Reefs","Rethinking, Rebuilding, Regenerating Coral Reefs","rethinking, rebuilding, regenerating coral reefs",coral rebuilding reefs regenerating rethinking,"Rethinking, Rebuilding, Regenerating Coral Reefs",token_key,low,2,16,False,True,True,,
C0522,"Rethinking, Rebuilding, Regenerating Coral Reefs, Philippines",2,delegates; delegates_raw,"Rethinking, Rebuilding, Regenerating Coral Reefs","Rethinking, Rebuilding, Regenerating Coral Reefs","rethinking, rebuilding, regenerating coral reefs",coral rebuilding reefs regenerating rethinking,"Rethinking, Rebuilding, Regenerating Coral Reefs",token_key,low,2,16,False,True,True,,
C0527,Ruhuna University,14,delegates; delegates_raw; delegates_sanitized; emissions; geocode_cache; map_locations; speaker_profiles; speaker_profiles_cache; talks,Ruhuna University,Ruhuna University,ruhuna university,ruhuna university,Ruhuna University,token_key,low,2,16,False,True,True,,
C0527,"Ruhuna University, Sri Lanka",2,delegates; delegates_raw,Ruhuna University,Ruhuna University,ruhuna university,ruhuna university,Ruhuna University,token_key,low,2,16,False,True,True,,
C0529,Sail for Reefs,14,delegates; delegates_raw; delegates_sanitized; geocode_cache; map_locations; speaker_profiles; speaker_profiles_cache; talks,Sail for Reefs,Sail for Reefs,sail for reefs,reefs sail,Sail for Reefs,token_key,low,2,16,False,True,True,,
C0529,"Sail for Reefs, Puerto Rico",2,delegates; delegates_raw,Sail for Reefs,Sail for Reefs,sail for reefs,reefs sail,Sail for Reefs,token_key,low,2,16,False,True,True,,
C0539,Senckenberg Nature Museum - Frankfurt,14,delegates; delegates_raw; delegates_sanitized; geocode_cache; map_locations; speaker_profiles; speaker_profiles_cache; talks,Senckenberg Nature Museum - Frankfurt,Senckenberg Nature Museum - Frankfurt,senckenberg nature museum - frankfurt,frankfurt museum nature senckenberg,Senckenberg Nature Museum - Frankfurt,token_key,low,2,16,False,True,True,,
C0539,"Senckenberg Nature Museum - Frankfurt, Germany",2,delegates; delegates_raw,Senckenberg Nature Museum - Frankfurt,Senckenberg Nature Museum - Frankfurt,senckenberg nature museum - frankfurt,frankfurt museum nature senckenberg,Senckenberg Nature Museum - Frankfurt,token_key,low,2,16,False,True,True,,
C0552,Smithsonian Tropical Research Institute - Panama,14,delegates; delegates_raw; delegates_sanitized; emissions; geocode_cache; map_locations; speaker_profiles; speaker_profiles_cache; talks,Smithsonian Tropical Research Institute - Panama,Smithsonian Tropical Research Institute - Panama,smithsonian tropical research institute - panama,institute panama research smithsonian tropical,Smithsonian Tropical Research Institute - Panama,token_key,low,2,16,False,True,True,,
C0552,"Smithsonian Tropical Research Institute - Panama, Panama",2,delegates; delegates_raw,Smithsonian Tropical Research Institute - Panama,Smithsonian Tropical Research Institute - Panama,smithsonian tropical research institute - panama,institute panama research smithsonian tropical,Smithsonian Tropical Research Institute - Panama,token_key,low,2,16,False,True,True,,
C0555,Southeast Fisheries Science Center,14,delegates; delegates_raw; delegates_sanitized; emissions; geocode_cache; map_locations; speaker_profiles; speaker_profiles_cache; talks,Southeast Fisheries Science Center,Southeast Fisheries Science Center,southeast fisheries science center,center fisheries science southeast,Southeast Fisheries Science Center,token_key,low,2,16,False,True,True,,
C0555,"Southeast Fisheries Science Center, United States",2,delegates; delegates_raw,Southeast Fisheries Science Center,Southeast Fisheries Science Center,southeast fisheries science center,center fisheries science southeast,Southeast Fisheries Science Center,token_key,low,2,16,False,True,True,,
C0562,State University of New York,14,delegates; delegates_raw; delegates_sanitized; emissions; geocode_cache; map_locations; speaker_profiles; speaker_profiles_cache; talks,State University of New York,State University of New York,state university of new york,new state university york,State University of New York,token_key,low,2,16,False,True,True,,
C0562,"State University of New York, United States",2,delegates; delegates_raw,State University of New York,State University of New York,state university of new york,new state university york,State University of New York,token_key,low,2,16,False,True,True,,
C0567,Sulubaai Environmental Foundation,14,delegates; delegates_raw; delegates_sanitized; geocode_cache; map_locations; speaker_profiles; speaker_profiles_cache; talks,Sulubaai Environmental Foundation,Sulubaai Environmental Foundation,sulubaai environmental foundation,environmental foundation sulubaai,Sulubaai Environmental Foundation,token_key,low,2,16,False,True,True,,
C0567,"Sulubaai Environmental Foundation, Philippines",2,delegates; delegates_raw,Sulubaai Environmental Foundation,Sulubaai Environmental Foundation,sulubaai environmental foundation,environmental foundation sulubaai,Sulubaai Environmental Foundation,token_key,low,2,16,False,True,True,,
C0604,Universidad del Valle,14,delegates; delegates_raw; delegates_sanitized; emissions; geocode_cache; map_locations; speaker_profiles; speaker_profiles_cache; talks,Universidad del Valle,Universidad del Valle,universidad del valle,del universidad valle,Universidad del Valle,token_key,low,2,16,False,True,True,,
C0604,"Universidad del Valle, Colombia",2,delegates; delegates_raw,Universidad del Valle,Universidad del Valle,universidad del valle,del universidad valle,Universidad del Valle,token_key,low,2,16,False,True,True,,
C0671,University of Moratuwa,14,delegates; delegates_raw; delegates_sanitized; emissions; geocode_cache; map_locations; speaker_profiles; speaker_profiles_cache; talks,University of Moratuwa,University of Moratuwa,university of moratuwa,moratuwa university,University of Moratuwa,token_key,low,2,16,False,True,True,,
C0671,"University of Moratuwa, Sri Lanka",2,delegates; delegates_raw,University of Moratuwa,University of Moratuwa,university of moratuwa,moratuwa university,University of Moratuwa,token_key,low,2,16,False,True,True,,
C0673,University of New Hampshire,14,delegates; delegates_raw; delegates_sanitized; emissions; geocode_cache; map_locations; speaker_profiles; speaker_profiles_cache; talks,University of New Hampshire,University of New Hampshire,university of new hampshire,hampshire new university,University of New Hampshire,token_key,low,2,16,False,True,True,,
C0673,"University of New Hampshire, United States",2,delegates; delegates_raw,University of New Hampshire,University of New Hampshire,university of new hampshire,hampshire new university,University of New Hampshire,token_key,low,2,16,False,True,True,,
C0687,University of South Carolina - Chapel Hill,14,delegates; delegates_raw; delegates_sanitized; emissions; geocode_cache; map_locations; speaker_profiles; speaker_profiles_cache; talks,University of South Carolina - Chapel Hill,University of South Carolina - Chapel Hill,university of south carolina - chapel hill,carolina chapel hill south university,University of South Carolina - Chapel Hill,token_key,low,2,16,False,True,True,,
C0687,"University of South Carolina - Chapel Hill, United States",2,delegates; delegates_raw,University of South Carolina - Chapel Hill,University of South Carolina - Chapel Hill,university of south carolina - chapel hill,carolina chapel hill south university,University of South Carolina - Chapel Hill,token_key,low,2,16,False,True,True,,
C0704,University of the West Indies,14,delegates; delegates_raw; delegates_sanitized; emissions; geocode_cache; map_locations; speaker_profiles; speaker_profiles_cache; talks,University of the West Indies,University of the West Indies,university of the west indies,indies university west,University of the West Indies,token_key,low,2,16,False,True,True,,
C0704,"University of the West Indies, Antigua and Barbuda",2,delegates; delegates_raw,University of the West Indies,University of the West Indies,university of the west indies,indies university west,University of the West Indies,token_key,low,2,16,False,True,True,,
C0707,University of Toronto,14,delegates; delegates_raw; delegates_sanitized; emissions; geocode_cache; map_locations; speaker_profiles; speaker_profiles_cache; talks,University of Toronto,University of Toronto,university of toronto,toronto university,University of Toronto,token_key,low,2,16,False,True,True,,
C0707,"University of Toronto, Canada",2,delegates; delegates_raw,University of Toronto,University of Toronto,university of toronto,toronto university,University of Toronto,token_key,low,2,16,False,True,True,,
C0725,Washington and Lee University,14,delegates; delegates_raw; delegates_sanitized; emissions; geocode_cache; map_locations; speaker_profiles; speaker_profiles_cache; talks,Washington and Lee University,Washington and Lee University,washington and lee university,lee university washington,Washington and Lee University,token_key,low,2,16,False,True,True,,
C0725,"Washington and Lee University, United States",2,delegates; delegates_raw,Washington and Lee University,Washington and Lee University,washington and lee university,lee university washington,Washington and Lee University,token_key,low,2,16,False,True,True,,
C0731,Wildflow,14,delegates; delegates_raw; delegates_sanitized; emissions; geocode_cache; geocode_overrides; map_locations; speaker_profiles; speaker_profiles_cache; talks,Wildflow,Wildflow,wildflow,wildflow,Wildflow,token_key,low,2,16,False,True,True,,
C0731,"Wildflow, United States",2,delegates; delegates_raw,Wildflow,Wildflow,wildflow,wildflow,Wildflow,token_key,low,2,16,False,True,True,,
C0033,Faculty of Engineering - University of Porto,7,delegates; delegates_raw; delegates_sanitized; emissions; geocode_overrides; map_locations,Faculty of Engineering - University of Porto,Faculty of Engineering - University of Porto,faculty of engineering - university of porto,engineering faculty porto university,Faculty of Engineering - University of Porto,token_key,high,4,15,True,True,True,,
C0033,Faculty Of Engineering - University Of Porto,3,delegates; delegates_raw; delegates_sanitized,Faculty Of Engineering - University Of Porto,Faculty Of Engineering - University Of Porto,faculty of engineering - university of porto,engineering faculty porto university,Faculty of Engineering - University of Porto,token_key,high,4,15,True,True,True,,
C0033,"Faculty of Engineering - University of Porto, Portugal",3,delegates; delegates_raw; geocode_cache,Faculty of Engineering - University of Porto,Faculty of Engineering - University of Porto,faculty of engineering - university of porto,engineering faculty porto university,Faculty of Engineering - University of Porto,token_key,high,4,15,True,True,True,,
C0033,"Faculty Of Engineering - University Of Porto, Portugal",2,delegates; delegates_raw,Faculty Of Engineering - University Of Porto,Faculty Of Engineering - University Of Porto,faculty of engineering - university of porto,engineering faculty porto university,Faculty of Engineering - University of Porto,token_key,high,4,15,True,True,True,,
C0058,Alfred Wegener Institute For Marine and Polar Research (awi),7,map_locations; talks,Alfred Wegener Institute For Marine and Polar Research (awi),Alfred Wegener Institute For Marine and Polar Research (awi),alfred wegener institute for marine and polar research (awi),alfred awi institute marine polar research wegener,Alfred Wegener Institute For Marine and Polar Research (awi),token_key,low,3,15,True,True,True,,
C0058,Alfred Wegener Institute For Marine And Polar Research (awi),6,delegates; delegates_raw; delegates_sanitized; geocode_cache; speaker_profiles; speaker_profiles_cache,Alfred Wegener Institute For Marine And Polar Research (awi),Alfred Wegener Institute For Marine And Polar Research (awi),alfred wegener institute for marine and polar research (awi),alfred awi institute marine polar research wegener,Alfred Wegener Institute For Marine and Polar Research (awi),token_key,low,3,15,True,True,True,,
C0058,"Alfred Wegener Institute For Marine And Polar Research (awi), Germany",2,delegates; delegates_raw,Alfred Wegener Institute For Marine And Polar Research (awi),Alfred Wegener Institute For Marine And Polar Research (awi),alfred wegener institute for marine and polar research (awi),alfred awi institute marine polar research wegener,Alfred Wegener Institute For Marine and Polar Research (awi),token_key,low,3,15,True,True,True,,
C0063,"California State University, Monterey Bay and Moss Landing Marine Laboratories",7,emissions; map_locations; talks,"California State University, Monterey Bay and Moss Landing Marine Laboratories","California State University, Monterey Bay and Moss Landing Marine Laboratories","california state university, monterey bay and moss landing marine laboratories",bay california laboratories landing marine monterey moss state university,"California State University, Monterey Bay and Moss Landing Marine Laboratories",token_key,low,3,15,True,True,True,,
C0063,"California State University, Monterey Bay And Moss Landing Marine Laboratories",6,delegates; delegates_raw; delegates_sanitized; geocode_cache; speaker_profiles; speaker_profiles_cache,"California State University, Monterey Bay And Moss Landing Marine Laboratories","California State University, Monterey Bay And Moss Landing Marine Laboratories","california state university, monterey bay and moss landing marine laboratories",bay california laboratories landing marine monterey moss state university,"California State University, Monterey Bay and Moss Landing Marine Laboratories",token_key,low,3,15,True,True,True,,
C0063,"California State University, Monterey Bay And Moss Landing Marine Laboratories, United States",2,delegates; delegates_raw,"California State University, Monterey Bay And Moss Landing Marine Laboratories","California State University, Monterey Bay And Moss Landing Marine Laboratories","california state university, monterey bay and moss landing marine laboratories",bay california laboratories landing marine monterey moss state university,"California State University, Monterey Bay and Moss Landing Marine Laboratories",token_key,low,3,15,True,True,True,,
C0064,Center For Research and Advanced Studies Ipn-merida Unit,7,map_locations; talks,Center For Research and Advanced Studies Ipn-merida Unit,Center For Research and Advanced Studies Ipn-merida Unit,center for research and advanced studies ipn-merida unit,advanced center ipn merida research studies unit,Center For Research and Advanced Studies Ipn-merida Unit,token_key,low,3,15,True,True,True,,
C0064,Center For Research And Advanced Studies Ipn-mérida Unit,6,delegates; delegates_raw; delegates_sanitized; geocode_cache; speaker_profiles; speaker_profiles_cache,Center For Research And Advanced Studies Ipn-mérida Unit,Center For Research And Advanced Studies Ipn-mérida Unit,center for research and advanced studies ipn-merida unit,advanced center ipn merida research studies unit,Center For Research and Advanced Studies Ipn-merida Unit,token_key,low,3,15,True,True,True,,
C0064,"Center For Research And Advanced Studies Ipn-mérida Unit, Mexico",2,delegates; delegates_raw,Center For Research And Advanced Studies Ipn-mérida Unit,Center For Research And Advanced Studies Ipn-mérida Unit,center for research and advanced studies ipn-merida unit,advanced center ipn merida research studies unit,Center For Research and Advanced Studies Ipn-merida Unit,token_key,low,3,15,True,True,True,,
C0068,Cinvestav Merida,7,emissions; map_locations; talks,Cinvestav Merida,Cinvestav Merida,cinvestav merida,cinvestav merida,Cinvestav Mérida,token_key,high,3,15,True,True,True,,
C0068,Cinvestav Mérida,6,delegates; delegates_raw; delegates_sanitized; geocode_cache; speaker_profiles; speaker_profiles_cache,Cinvestav Mérida,Cinvestav Mérida,cinvestav merida,cinvestav merida,Cinvestav Mérida,token_key,high,3,15,True,True,True,,
C0068,"Cinvestav Mérida, Mexico",2,delegates; delegates_raw,Cinvestav Mérida,Cinvestav Mérida,cinvestav merida,cinvestav merida,Cinvestav Mérida,token_key,high,3,15,True,True,True,,
C0088,Ministry of Environment and Climate Change - Germany,10,delegates; delegates_raw; delegates_sanitized; emissions; map_locations; talks,Ministry of Environment and Climate Change - Germany,Ministry of Environment and Climate Change - Germany,ministry of environment and climate change - germany,change climate environment germany ministry,Ministry of Environment and Climate Change - Germany,token_key,low,3,15,False,True,True,,
C0088,Ministry of Environment and Climate Change  - Germany,3,geocode_cache; speaker_profiles; speaker_profiles_cache,Ministry of Environment and Climate Change - Germany,Ministry of Environment and Climate Change - Germany,ministry of environment and climate change - germany,change climate environment germany ministry,Ministry of Environment and Climate Change - Germany,token_key,low,3,15,False,True,True,,
C0088,"Ministry of Environment and Climate Change - Germany, Germany",2,delegates; delegates_raw,Ministry of Environment and Climate Change - Germany,Ministry of Environment and Climate Change - Germany,ministry of environment and climate change - germany,change climate environment germany ministry,Ministry of Environment and Climate Change - Germany,token_key,low,3,15,False,True,True,,
C0099,the Nature Conservancy - Micronesia & Polynesia,7,emissions; map_locations; talks,the Nature Conservancy - Micronesia & Polynesia,the Nature Conservancy - Micronesia & Polynesia,the nature conservancy - micronesia & polynesia,conservancy micronesia nature polynesia,the Nature Conservancy - Micronesia & Polynesia,token_key,high,3,15,True,True,True,,
C0099,The Nature Conservancy - Micronesia & Polynesia,6,delegates; delegates_raw; delegates_sanitized; geocode_cache; speaker_profiles; speaker_profiles_cache,The Nature Conservancy - Micronesia & Polynesia,The Nature Conservancy - Micronesia & Polynesia,the nature conservancy - micronesia & polynesia,conservancy micronesia nature polynesia,the Nature Conservancy - Micronesia & Polynesia,token_key,high,3,15,True,True,True,,
C0099,"The Nature Conservancy - Micronesia & Polynesia, Palau",2,delegates; delegates_raw,The Nature Conservancy - Micronesia & Polynesia,The Nature Conservancy - Micronesia & Polynesia,the nature conservancy - micronesia & polynesia,conservancy micronesia nature polynesia,the Nature Conservancy - Micronesia & Polynesia,token_key,high,3,15,True,True,True,,
C0104,the Two Frontiers Project,7,map_locations; talks,the Two Frontiers Project,the Two Frontiers Project,the two frontiers project,frontiers project two,the Two Frontiers Project,token_key,low,3,15,True,True,True,,
C0104,The Two Frontiers Project,6,delegates; delegates_raw; delegates_sanitized; geocode_cache; speaker_profiles; speaker_profiles_cache,The Two Frontiers Project,The Two Frontiers Project,the two frontiers project,frontiers project two,the Two Frontiers Project,token_key,low,3,15,True,True,True,,
C0104,"The Two Frontiers Project, United States",2,delegates; delegates_raw,The Two Frontiers Project,The Two Frontiers Project,the two frontiers project,frontiers project two,the Two Frontiers Project,token_key,low,3,15,True,True,True,,
C0122,"University of Miami Rosenstiel School of Marine, Atmospheric, and Earth Science",7,emissions; map_locations; talks,"University of Miami Rosenstiel School of Marine, Atmospheric, and Earth Science","University of Miami Rosenstiel School of Marine, Atmospheric, and Earth Science","university of miami rosenstiel school of marine, atmospheric, and earth science",atmospheric earth marine miami rosenstiel school science university,"University of Miami Rosenstiel School of Marine, Atmospheric, and Earth Science",token_key,low,3,15,True,True,True,,
C0122,"University Of Miami Rosenstiel School of Marine, Atmospheric, and Earth Science",6,delegates; delegates_raw; delegates_sanitized; geocode_cache; speaker_profiles; speaker_profiles_cache,"University Of Miami Rosenstiel School of Marine, Atmospheric, and Earth Science","University Of Miami Rosenstiel School of Marine, Atmospheric, and Earth Science","university of miami rosenstiel school of marine, atmospheric, and earth science",atmospheric earth marine miami rosenstiel school science university,"University of Miami Rosenstiel School of Marine, Atmospheric, and Earth Science",token_key,low,3,15,True,True,True,,
C0122,"University Of Miami Rosenstiel School of Marine, Atmospheric, and Earth Science, United States",2,delegates; delegates_raw,"University Of Miami Rosenstiel School of Marine, Atmospheric, and Earth Science","University Of Miami Rosenstiel School of Marine, Atmospheric, and Earth Science","university of miami rosenstiel school of marine, atmospheric, and earth science",atmospheric earth marine miami rosenstiel school science university,"University of Miami Rosenstiel School of Marine, Atmospheric, and Earth Science",token_key,low,3,15,True,True,True,,
C0134,Adelphi University,13,delegates; delegates_raw; delegates_sanitized; emissions; geocode_cache; map_locations; speaker_profiles; speaker_profiles_cache; talks,Adelphi University,Adelphi University,adelphi university,adelphi university,Adelphi University,token_key,low,2,15,False,True,True,,
C0134,"Adelphi University, United States",2,delegates; delegates_raw,Adelphi University,Adelphi University,adelphi university,adelphi university,Adelphi University,token_key,low,2,15,False,True,True,,
C0144,Atlantic Oceanographic and Meteorological Laboratory,13,delegates; delegates_raw; delegates_sanitized; geocode_cache; map_locations; speaker_profiles; speaker_profiles_cache; talks,Atlantic Oceanographic and Meteorological Laboratory,Atlantic Oceanographic and Meteorological Laboratory,atlantic oceanographic and meteorological laboratory,atlantic laboratory meteorological oceanographic,Atlantic Oceanographic and Meteorological Laboratory,token_key,low,2,15,False,True,True,,
C0144,"Atlantic Oceanographic and Meteorological Laboratory, United States",2,delegates; delegates_raw,Atlantic Oceanographic and Meteorological Laboratory,Atlantic Oceanographic and Meteorological Laboratory,atlantic oceanographic and meteorological laboratory,atlantic laboratory meteorological oceanographic,Atlantic Oceanographic and Meteorological Laboratory,token_key,low,2,15,False,True,True,,
C0183,Centre de Recherches Insulaires et Observatoire de l'Environnement de Moorea,13,delegates; delegates_raw; delegates_sanitized; emissions; geocode_cache; map_locations; speaker_profiles; speaker_profiles_cache; talks,Centre de Recherches Insulaires et Observatoire de l'Environnement de Moorea,Centre de Recherches Insulaires et Observatoire de l'Environnement de Moorea,centre de recherches insulaires et observatoire de lenvironnement de moorea,centre de de de et insulaires lenvironnement moorea observatoire recherches,Centre de Recherches Insulaires et Observatoire de l'Environnement de Moorea,token_key,low,2,15,False,True,True,,
C0183,"Centre de Recherches Insulaires et Observatoire de l'Environnement de Moorea, French Polynesia",2,delegates; delegates_raw,Centre de Recherches Insulaires et Observatoire de l'Environnement de Moorea,Centre de Recherches Insulaires et Observatoire de l'Environnement de Moorea,centre de recherches insulaires et observatoire de lenvironnement de moorea,centre de de de et insulaires lenvironnement moorea observatoire recherches,Centre de Recherches Insulaires et Observatoire de l'Environnement de Moorea,token_key,low,2,15,False,True,True,,
C0194,CNRS/UPVD,13,delegates; delegates_raw; delegates_sanitized; emissions; geocode_cache; map_locations; speaker_profiles; speaker_profiles_cache; talks,CNRS/UPVD,CNRS/UPVD,cnrs/upvd,cnrs upvd,CNRS/UPVD,token_key,low,2,15,False,True,True,,
C0194,"CNRS/UPVD, France",2,delegates; delegates_raw,CNRS/UPVD,CNRS/UPVD,cnrs/upvd,cnrs upvd,CNRS/UPVD,token_key,low,2,15,False,True,True,,
C0197,Colorado State University,13,delegates; delegates_raw; delegates_sanitized; emissions; geocode_cache; map_locations; speaker_profiles; speaker_profiles_cache; talks,Colorado State University,Colorado State University,colorado state university,colorado state university,Colorado State University,token_key,low,2,15,False,True,True,,
C0197,"Colorado State University, United States",2,delegates; delegates_raw,Colorado State University,Colorado State University,colorado state university,colorado state university,Colorado State University,token_key,low,2,15,False,True,True,,
C0198,Columbia University,13,delegates; delegates_raw; delegates_sanitized; emissions; geocode_cache; map_locations; speaker_profiles; speaker_profiles_cache; talks,Columbia University,Columbia University,columbia university,columbia university,Columbia University,token_key,low,2,15,False,True,True,,
C0198,"Columbia University, United States",2,delegates; delegates_raw,Columbia University,Columbia University,columbia university,columbia university,Columbia University,token_key,low,2,15,False,True,True,,
C0237,Duke University,13,delegates; delegates_raw; delegates_sanitized; emissions; geocode_cache; map_locations; speaker_profiles; speaker_profiles_cache; talks,Duke University,Duke University,duke university,duke university,Duke University,token_key,low,2,15,False,True,True,,
C0237,"Duke University, United States",2,delegates; delegates_raw,Duke University,Duke University,duke university,duke university,Duke University,token_key,low,2,15,False,True,True,,
C0244,Eco-Sud,13,delegates; delegates_raw; delegates_sanitized; emissions; geocode_cache; map_locations; speaker_profiles; speaker_profiles_cache; talks,Eco-Sud,Eco-Sud,eco-sud,eco sud,Eco-Sud,token_key,low,2,15,False,True,True,,
C0244,"Eco-Sud, Mauritius",2,delegates; delegates_raw,Eco-Sud,Eco-Sud,eco-sud,eco sud,Eco-Sud,token_key,low,2,15,False,True,True,,
C0256,Federal University of Technology - Akure,13,delegates; delegates_raw; delegates_sanitized; emissions; geocode_cache; map_locations; speaker_profiles; speaker_profiles_cache; talks,Federal University of Technology - Akure,Federal University of Technology - Akure,federal university of technology - akure,akure federal technology university,Federal University of Technology - Akure,token_key,low,2,15,False,True,True,,
C0256,"Federal University of Technology - Akure, Nigeria",2,delegates; delegates_raw,Federal University of Technology - Akure,Federal University of Technology - Akure,federal university of technology - akure,akure federal technology university,Federal University of Technology - Akure,token_key,low,2,15,False,True,True,,
C0257,Fish-i Inc,13,delegates; delegates_raw; delegates_sanitized; geocode_cache; map_locations; speaker_profiles; speaker_profiles_cache; talks,Fish-i Inc,Fish-i Inc,fish-i inc,fish i inc,Fish-i Inc,token_key,low,2,15,False,True,True,,
C0257,"Fish-i Inc, Philippines",2,delegates; delegates_raw,Fish-i Inc,Fish-i Inc,fish-i inc,fish i inc,Fish-i Inc,token_key,low,2,15,False,True,True,,
C0266,Florida Sea Grant,11,delegates; delegates_raw; delegates_sanitized; emissions; map_locations,Florida Sea Grant,Florida Sea Grant,florida sea grant,florida grant sea,Florida Sea Grant,token_key,low,2,15,False,True,True,,
C0266,"Florida Sea Grant, United States",4,delegates; delegates_raw,Florida Sea Grant,Florida Sea Grant,florida sea grant,florida grant sea,Florida Sea Grant,token_key,low,2,15,False,True,True,,
C0291,Harbor Branch Oceanographic Institute,13,delegates; delegates_raw; delegates_sanitized; emissions; geocode_cache; map_locations; speaker_profiles; speaker_profiles_cache; talks,Harbor Branch Oceanographic Institute,Harbor Branch Oceanographic Institute,harbor branch oceanographic institute,branch harbor institute oceanographic,Harbor Branch Oceanographic Institute,token_key,low,2,15,False,True,True,,
C0291,"Harbor Branch Oceanographic Institute, United States",2,delegates; delegates_raw,Harbor Branch Oceanographic Institute,Harbor Branch Oceanographic Institute,harbor branch oceanographic institute,branch harbor institute oceanographic,Harbor Branch Oceanographic Institute,token_key,low,2,15,False,True,True,,
C0292,Harvey Mudd College,13,delegates; delegates_raw; delegates_sanitized; emissions; geocode_cache; map_locations; speaker_profiles; speaker_profiles_cache; talks,Harvey Mudd College,Harvey Mudd College,harvey mudd college,college harvey mudd,Harvey Mudd College,token_key,low,2,15,False,True,True,,
C0292,"Harvey Mudd College, United States",2,delegates; delegates_raw,Harvey Mudd College,Harvey Mudd College,harvey mudd college,college harvey mudd,Harvey Mudd College,token_key,low,2,15,False,True,True,,
C0300,HI-LEX CORPORATION,13,delegates; delegates_raw; delegates_sanitized; emissions; geocode_cache; map_locations; speaker_profiles; speaker_profiles_cache; talks,HI-LEX CORPORATION,HI-LEX CORPORATION,hi-lex corporation,corporation hi lex,HI-LEX CORPORATION,token_key,low,2,15,False,True,True,,
C0300,"HI-LEX CORPORATION, Japan",2,delegates; delegates_raw,HI-LEX CORPORATION,HI-LEX CORPORATION,hi-lex corporation,corporation hi lex,HI-LEX CORPORATION,token_key,low,2,15,False,True,True,,
C0323,Institute of Marine and Antarctic Studies,13,delegates; delegates_raw; delegates_sanitized; geocode_cache; map_locations; speaker_profiles; speaker_profiles_cache; talks,Institute of Marine and Antarctic Studies,Institute of Marine and Antarctic Studies,institute of marine and antarctic studies,antarctic institute marine studies,Institute of Marine and Antarctic Studies,token_key,low,2,15,False,True,True,,
C0323,"Institute of Marine and Antarctic Studies, Australia",2,delegates; delegates_raw,Institute of Marine and Antarctic Studies,Institute of Marine and Antarctic Studies,institute of marine and antarctic studies,antarctic institute marine studies,Institute of Marine and Antarctic Studies,token_key,low,2,15,False,True,True,,
C0343,Johnston Applied Marine Sciences,13,delegates; delegates_raw; delegates_sanitized; geocode_cache; map_locations; speaker_profiles; speaker_profiles_cache; talks,Johnston Applied Marine Sciences,Johnston Applied Marine Sciences,johnston applied marine sciences,applied johnston marine sciences,Johnston Applied Marine Sciences,token_key,low,2,15,False,True,True,,
C0343,"Johnston Applied Marine Sciences, United States",2,delegates; delegates_raw,Johnston Applied Marine Sciences,Johnston Applied Marine Sciences,johnston applied marine sciences,applied johnston marine sciences,Johnston Applied Marine Sciences,token_key,low,2,15,False,True,True,,
C0348,Kagoshima University,13,delegates; delegates_raw; delegates_sanitized; emissions; geocode_cache; map_locations; speaker_profiles; speaker_profiles_cache; talks,Kagoshima University,Kagoshima University,kagoshima university,kagoshima university,Kagoshima University,token_key,low,2,15,False,True,True,,
C0348,"Kagoshima University, Japan",2,delegates; delegates_raw,Kagoshima University,Kagoshima University,kagoshima university,kagoshima university,Kagoshima University,token_key,low,2,15,False,True,True,,
C0356,King Abdullah University of Science and Technology,13,delegates; delegates_raw; delegates_sanitized; emissions; geocode_cache; map_locations; speaker_profiles; speaker_profiles_cache; talks,King Abdullah University of Science and Technology,King Abdullah University of Science and Technology,king abdullah university of science and technology,abdullah king science technology university,King Abdullah University of Science and Technology,token_key,low,2,15,False,True,True,,
C0356,"King Abdullah University of Science and Technology, Saudi Arabia",2,delegates; delegates_raw,King Abdullah University of Science and Technology,King Abdullah University of Science and Technology,king abdullah university of science and technology,abdullah king science technology university,King Abdullah University of Science and Technology,token_key,low,2,15,False,True,True,,
C0357,Kipuka Olowalu,13,delegates; delegates_raw; delegates_sanitized; geocode_cache; map_locations; speaker_profiles; speaker_profiles_cache; talks,Kipuka Olowalu,Kipuka Olowalu,kipuka olowalu,kipuka olowalu,Kipuka Olowalu,token_key,low,2,15,False,True,True,,
C0357,"Kipuka Olowalu, United States",2,delegates; delegates_raw,Kipuka Olowalu,Kipuka Olowalu,kipuka olowalu,kipuka olowalu,Kipuka Olowalu,token_key,low,2,15,False,True,True,,
C0369,Leibniz Institute of Plant Biochemistry,13,delegates; delegates_raw; delegates_sanitized; geocode_cache; map_locations; speaker_profiles; speaker_profiles_cache; talks,Leibniz Institute of Plant Biochemistry,Leibniz Institute of Plant Biochemistry,leibniz institute of plant biochemistry,biochemistry institute leibniz plant,Leibniz Institute of Plant Biochemistry,token_key,low,2,15,False,True,True,,
C0369,"Leibniz Institute of Plant Biochemistry, Germany",2,delegates; delegates_raw,Leibniz Institute of Plant Biochemistry,Leibniz Institute of Plant Biochemistry,leibniz institute of plant biochemistry,biochemistry institute leibniz plant,Leibniz Institute of Plant Biochemistry,token_key,low,2,15,False,True,True,,
C0372,LSCE,13,delegates; delegates_raw; delegates_sanitized; emissions; geocode_cache; map_locations; speaker_profiles; speaker_profiles_cache; talks,LSCE,LSCE,lsce,lsce,LSCE,token_key,low,2,15,False,True,True,,
C0372,"LSCE, France",2,delegates; delegates_raw,LSCE,LSCE,lsce,lsce,LSCE,token_key,low,2,15,False,True,True,,
C0386,Marine Conservation International,13,delegates; delegates_raw; delegates_sanitized; geocode_cache; map_locations; speaker_profiles; speaker_profiles_cache; talks,Marine Conservation International,Marine Conservation International,marine conservation international,conservation international marine,Marine Conservation International,token_key,low,2,15,False,True,True,,
C0386,"Marine Conservation International, United Kingdom",2,delegates; delegates_raw,Marine Conservation International,Marine Conservation International,marine conservation international,conservation international marine,Marine Conservation International,token_key,low,2,15,False,True,True,,
C0397,Max Planck Institute for Chemsitry,13,delegates; delegates_raw; delegates_sanitized; geocode_cache; map_locations; speaker_profiles; speaker_profiles_cache; talks,Max Planck Institute for Chemsitry,Max Planck Institute for Chemsitry,max planck institute for chemsitry,chemsitry institute max planck,Max Planck Institute for Chemsitry,token_key,low,2,15,False,True,True,,
C0397,"Max Planck Institute for Chemsitry, Germany",2,delegates; delegates_raw,Max Planck Institute for Chemsitry,Max Planck Institute for Chemsitry,max planck institute for chemsitry,chemsitry institute max planck,Max Planck Institute for Chemsitry,token_key,low,2,15,False,True,True,,
C0425,National Centre for Biological Sciences,13,delegates; delegates_raw; delegates_sanitized; geocode_cache; map_locations; speaker_profiles; speaker_profiles_cache; talks,National Centre for Biological Sciences,National Centre for Biological Sciences,national centre for biological sciences,biological centre national sciences,National Centre for Biological Sciences,token_key,low,2,15,False,True,True,,
C0425,"National Centre for Biological Sciences, India",2,delegates; delegates_raw,National Centre for Biological Sciences,National Centre for Biological Sciences,national centre for biological sciences,biological centre national sciences,National Centre for Biological Sciences,token_key,low,2,15,False,True,True,,
C0444,National Pingtung University of Science and Technology,13,delegates; delegates_raw; delegates_sanitized; emissions; geocode_cache; map_locations; speaker_profiles; speaker_profiles_cache; talks,National Pingtung University of Science and Technology,National Pingtung University of Science and Technology,national pingtung university of science and technology,national pingtung science technology university,National Pingtung University of Science and Technology,token_key,low,2,15,False,True,True,,
C0444,"National Pingtung University of Science and Technology, Taiwan",2,delegates; delegates_raw,National Pingtung University of Science and Technology,National Pingtung University of Science and Technology,national pingtung university of science and technology,national pingtung science technology university,National Pingtung University of Science and Technology,token_key,low,2,15,False,True,True,,
C0451,National Yang Ming Chiao Tung University,13,delegates; delegates_raw; delegates_sanitized; emissions; geocode_cache; map_locations; speaker_profiles; speaker_profiles_cache; talks,National Yang Ming Chiao Tung University,National Yang Ming Chiao Tung University,national yang ming chiao tung university,chiao ming national tung university yang,National Yang Ming Chiao Tung University,token_key,low,2,15,False,True,True,,
C0451,"National Yang Ming Chiao Tung University, Taiwan",2,delegates; delegates_raw,National Yang Ming Chiao Tung University,National Yang Ming Chiao Tung University,national yang ming chiao tung university,chiao ming national tung university yang,National Yang Ming Chiao Tung University,token_key,low,2,15,False,True,True,,
C0503,Raising Coral Costa Rica,13,delegates; delegates_raw; delegates_sanitized; geocode_cache; map_locations; speaker_profiles; speaker_profiles_cache; talks,Raising Coral Costa Rica,Raising Coral Costa Rica,raising coral costa rica,coral costa raising rica,Raising Coral Costa Rica,token_key,low,2,15,False,True,True,,
C0503,"Raising Coral Costa Rica, Costa Rica",2,delegates; delegates_raw,Raising Coral Costa Rica,Raising Coral Costa Rica,raising coral costa rica,coral costa raising rica,Raising Coral Costa Rica,token_key,low,2,15,False,True,True,,
C0533,Sea Education Association,13,delegates; delegates_raw; delegates_sanitized; emissions; geocode_cache; map_locations; speaker_profiles; speaker_profiles_cache; talks,Sea Education Association,Sea Education Association,sea education association,association education sea,Sea Education Association,token_key,low,2,15,False,True,True,,
C0533,"Sea Education Association, United States",2,delegates; delegates_raw,Sea Education Association,Sea Education Association,sea education association,association education sea,Sea Education Association,token_key,low,2,15,False,True,True,,
C0536,Sea Women of Melanesia Inc,13,delegates; delegates_raw; delegates_sanitized; emissions; geocode_cache; map_locations; speaker_profiles; speaker_profiles_cache; talks,Sea Women of Melanesia Inc,Sea Women of Melanesia Inc,sea women of melanesia inc,inc melanesia sea women,Sea Women of Melanesia Inc,token_key,low,2,15,False,True,True,,
C0536,"Sea Women of Melanesia Inc, Papua New Guinea",2,delegates; delegates_raw,Sea Women of Melanesia Inc,Sea Women of Melanesia Inc,sea women of melanesia inc,inc melanesia sea women,Sea Women of Melanesia Inc,token_key,low,2,15,False,True,True,,
C0543,Shantou University,13,delegates; delegates_raw; delegates_sanitized; emissions; geocode_cache; map_locations; speaker_profiles; speaker_profiles_cache; talks,Shantou University,Shantou University,shantou university,shantou university,Shantou University,token_key,low,2,15,False,True,True,,
C0543,"Shantou University, China",2,delegates; delegates_raw,Shantou University,Shantou University,shantou university,shantou university,Shantou University,token_key,low,2,15,False,True,True,,
C0584,Tohoku University,13,delegates; delegates_raw; delegates_sanitized; emissions; geocode_cache; map_locations; speaker_profiles; speaker_profiles_cache; talks,Tohoku University,Tohoku University,tohoku university,tohoku university,Tohoku University,token_key,low,2,15,False,True,True,,
C0584,"Tohoku University, Japan",2,delegates; delegates_raw,Tohoku University,Tohoku University,tohoku university,tohoku university,Tohoku University,token_key,low,2,15,False,True,True,,
C0594,Tuvalu Meteorological Service,13,delegates; delegates_raw; delegates_sanitized; emissions; geocode_cache; map_locations; speaker_profiles; speaker_profiles_cache; talks,Tuvalu Meteorological Service,Tuvalu Meteorological Service,tuvalu meteorological service,meteorological service tuvalu,Tuvalu Meteorological Service,token_key,low,2,15,False,True,True,,
C0594,"Tuvalu Meteorological Service, Tuvalu",2,delegates; delegates_raw,Tuvalu Meteorological Service,Tuvalu Meteorological Service,tuvalu meteorological service,meteorological service tuvalu,Tuvalu Meteorological Service,token_key,low,2,15,False,True,True,,
C0625,University of Basel,13,delegates; delegates_raw; delegates_sanitized; emissions; geocode_cache; map_locations; speaker_profiles; speaker_profiles_cache; talks,University of Basel,University of Basel,university of basel,basel university,University of Basel,token_key,low,2,15,False,True,True,,
C0625,"University of Basel, Switzerland",2,delegates; delegates_raw,University of Basel,University of Basel,university of basel,basel university,University of Basel,token_key,low,2,15,False,True,True,,
C0662,University of Massachusetts - Boston,13,delegates; delegates_raw; delegates_sanitized; emissions; geocode_cache; map_locations; speaker_profiles; speaker_profiles_cache; talks,University of Massachusetts - Boston,University of Massachusetts - Boston,university of massachusetts - boston,boston massachusetts university,University of Massachusetts - Boston,token_key,low,2,15,False,True,True,,
C0662,"University of Massachusetts - Boston, United States",2,delegates; delegates_raw,University of Massachusetts - Boston,University of Massachusetts - Boston,university of massachusetts - boston,boston massachusetts university,University of Massachusetts - Boston,token_key,low,2,15,False,True,True,,
C0675,University of New South Wales - Sydney,13,delegates; delegates_raw; delegates_sanitized; emissions; geocode_cache; map_locations; speaker_profiles; speaker_profiles_cache; talks,University of New South Wales - Sydney,University of New South Wales - Sydney,university of new south wales - sydney,new south sydney university wales,University of New South Wales - Sydney,token_key,low,2,15,False,True,True,,
C0675,"University of New South Wales - Sydney, Australia",2,delegates; delegates_raw,University of New South Wales - Sydney,University of New South Wales - Sydney,university of new south wales - sydney,new south sydney university wales,University of New South Wales - Sydney,token_key,low,2,15,False,True,True,,
C0715,University of Wisconsin - Green Bay,13,delegates; delegates_raw; delegates_sanitized; emissions; geocode_cache; map_locations; speaker_profiles; speaker_profiles_cache; talks,University of Wisconsin - Green Bay,University of Wisconsin - Green Bay,university of wisconsin - green bay,bay green university wisconsin,University of Wisconsin - Green Bay,token_key,low,2,15,False,True,True,,
C0715,"University of Wisconsin - Green Bay, United States",2,delegates; delegates_raw,University of Wisconsin - Green Bay,University of Wisconsin - Green Bay,university of wisconsin - green bay,bay green university wisconsin,University of Wisconsin - Green Bay,token_key,low,2,15,False,True,True,,
C0750,Zoological Society of London,13,delegates; delegates_raw; delegates_sanitized; emissions; geocode_cache; map_locations; speaker_profiles; speaker_profiles_cache; talks,Zoological Society of London,Zoological Society of London,zoological society of london,london society zoological,Zoological Society of London,token_key,low,2,15,False,True,True,,
C0750,"Zoological Society of London, Egypt",2,delegates; delegates_raw,Zoological Society of London,Zoological Society of London,zoological society of london,london society zoological,Zoological Society of London,token_key,low,2,15,False,True,True,,
C0032,Department of Environment and Natural Resources - Philippines,5,delegates; delegates_raw; delegates_sanitized; emissions,Department of Environment and Natural Resources - Philippines,Department of Environment and Natural Resources - Philippines,department of environment and natural resources - philippines,department environment natural philippines resources,Department of Environment and Natural Resources - Philippines Philippines,"fuzzy:0.99, token_key",high,4,14,True,False,True,,
C0032,Department of Environment and Natural Resources - Philippines Philippines,5,delegates; delegates_raw; delegates_sanitized; emissions,Department of Environment and Natural Resources - Philippines Philippines,Department of Environment and Natural Resources - Philippines Philippines,department of environment and natural resources - philippines philippines,department environment natural philippines philippines resources,Department of Environment and Natural Resources - Philippines Philippines,"fuzzy:0.99, token_key",high,4,14,True,False,True,,
C0032,"Department of Environment and Natural Resources - Philippines Philippines, Philippines",2,delegates; delegates_raw,Department of Environment and Natural Resources - Philippines Philippines,Department of Environment and Natural Resources - Philippines Philippines,department of environment and natural resources - philippines philippines,department environment natural philippines philippines resources,Department of Environment and Natural Resources - Philippines Philippines,"fuzzy:0.99, token_key",high,4,14,True,False,True,,
C0032,"Department of Environment and Natural Resources - Philippines, Philippines",2,delegates; delegates_raw,Department of Environment and Natural Resources - Philippines,Department of Environment and Natural Resources - Philippines,department of environment and natural resources - philippines,department environment natural philippines resources,Department of Environment and Natural Resources - Philippines Philippines,"fuzzy:0.99, token_key",high,4,14,True,False,True,,
C0049,University of Canterbury,6,delegates; delegates_raw; delegates_sanitized; emissions; geocode_overrides,University of Canterbury,University of Canterbury,university of canterbury,canterbury university,University of Canterbury,token_key,low,4,14,False,True,True,,
C0049,University Of Canterbury,3,delegates; delegates_raw; delegates_sanitized,University of Canterbury,University of Canterbury,university of canterbury,canterbury university,University of Canterbury,token_key,low,4,14,False,True,True,,
C0049,"University Of Canterbury, New Zealand",3,delegates; delegates_raw; geocode_cache,University of Canterbury,University of Canterbury,university of canterbury,canterbury university,University of Canterbury,token_key,low,4,14,False,True,True,,
C0049,"University of Canterbury, New Zealand",2,delegates; delegates_raw,University of Canterbury,University of Canterbury,university of canterbury,canterbury university,University of Canterbury,token_key,low,4,14,False,True,True,,
C0055,University of South Carolina Beaufort,6,delegates; delegates_raw; delegates_sanitized; emissions; geocode_overrides,University of South Carolina Beaufort,University of South Carolina Beaufort,university of south carolina beaufort,beaufort carolina south university,University of South Carolina Beaufort,"fingerprint, token_key",high,4,14,False,False,True,,
C0055,University of South Carolina - Beaufort,4,delegates; delegates_raw; delegates_sanitized; geocode_overrides,University of South Carolina Beaufort,University of South Carolina Beaufort,university of south carolina - beaufort,beaufort carolina south university,University of South Carolina Beaufort,"fingerprint, token_key",high,4,14,False,False,True,,
C0055,"University of South Carolina - Beaufort, United States",2,delegates; delegates_raw,University of South Carolina Beaufort,University of South Carolina Beaufort,university of south carolina - beaufort,beaufort carolina south university,University of South Carolina Beaufort,"fingerprint, token_key",high,4,14,False,False,True,,
C0055,"University of South Carolina Beaufort, United States",2,delegates; delegates_raw,University of South Carolina Beaufort,University of South Carolina Beaufort,university of south carolina beaufort,beaufort carolina south university,University of South Carolina Beaufort,"fingerprint, token_key",high,4,14,False,False,True,,
C0114,University of Alabama at Birmingham,7,delegates; delegates_sanitized; emissions; map_locations,University of Alabama at Birmingham,University of Alabama at Birmingham,university of alabama - birmingham,alabama birmingham university,University of Alabama - Birmingham,token_key,high,3,14,True,False,True,,
C0114,University of Alabama - Birmingham,6,geocode_cache; map_locations; speaker_profiles; speaker_profiles_cache; talks,University of Alabama - Birmingham,University of Alabama - Birmingham,university of alabama - birmingham,alabama birmingham university,University of Alabama - Birmingham,token_key,high,3,14,True,False,True,,
C0114,"University of Alabama at Birmingham, United States",1,delegates,University of Alabama at Birmingham,University of Alabama at Birmingham,university of alabama - birmingham,alabama birmingham university,University of Alabama - Birmingham,token_key,high,3,14,True,False,True,,
C0169,Brin,12,delegates; delegates_raw; delegates_sanitized; emissions; geocode_cache; map_locations; speaker_profiles; speaker_profiles_cache; talks,Brin,Brin,brin,brin,Brin,token_key,low,2,14,False,True,True,,
C0169,"Brin, Indonesia",2,delegates; delegates_raw,Brin,Brin,brin,brin,Brin,token_key,low,2,14,False,True,True,,
C0258,Fisheries Infrastructure Development Center,12,delegates; delegates_raw; delegates_sanitized; geocode_cache; map_locations; speaker_profiles; speaker_profiles_cache; talks,Fisheries Infrastructure Development Center,Fisheries Infrastructure Development Center,fisheries infrastructure development center,center development fisheries infrastructure,Fisheries Infrastructure Development Center,token_key,low,2,14,False,True,True,,
C0258,"Fisheries Infrastructure Development Center, Japan",2,delegates; delegates_raw,Fisheries Infrastructure Development Center,Fisheries Infrastructure Development Center,fisheries infrastructure development center,center development fisheries infrastructure,Fisheries Infrastructure Development Center,token_key,low,2,14,False,True,True,,
C0277,GG Biotech Design,12,delegates; delegates_raw; delegates_sanitized; geocode_cache; map_locations; speaker_profiles; speaker_profiles_cache; talks,GG Biotech Design,GG Biotech Design,gg biotech design,biotech design gg,GG Biotech Design,token_key,low,2,14,False,True,True,,
C0277,"GG Biotech Design, Germany",2,delegates; delegates_raw,GG Biotech Design,GG Biotech Design,gg biotech design,biotech design gg,GG Biotech Design,token_key,low,2,14,False,True,True,,
C0307,ICML/UNAM,12,delegates; delegates_raw; delegates_sanitized; emissions; geocode_cache; map_locations; speaker_profiles; speaker_profiles_cache; talks,ICML/UNAM,ICML/UNAM,icml/unam,icml unam,ICML/UNAM,token_key,low,2,14,False,True,True,,
C0307,"ICML/UNAM, Mexico",2,delegates; delegates_raw,ICML/UNAM,ICML/UNAM,icml/unam,icml unam,ICML/UNAM,token_key,low,2,14,False,True,True,,
C0312,Independent Scientist,12,delegates; delegates_raw; delegates_sanitized; geocode_cache; map_locations; speaker_profiles; speaker_profiles_cache; talks,Independent Scientist,Independent Scientist,independent scientist,independent scientist,Independent Scientist,token_key,low,2,14,False,True,True,,
C0312,"Independent Scientist, Australia",2,delegates; delegates_raw,Independent Scientist,Independent Scientist,independent scientist,independent scientist,Independent Scientist,token_key,low,2,14,False,True,True,,
C0314,Individual,12,delegates; delegates_raw; delegates_sanitized; emissions; geocode_cache; map_locations; speaker_profiles; speaker_profiles_cache; talks,Individual,Individual,individual,individual,Individual,token_key,low,2,14,False,True,True,,
C0314,"Individual, New Zealand",2,delegates; delegates_raw,Individual,Individual,individual,individual,Individual,token_key,low,2,14,False,True,True,,
C0320,Institute for Research and Development,12,delegates; delegates_raw; delegates_sanitized; geocode_cache; map_locations; speaker_profiles; speaker_profiles_cache; talks,Institute for Research and Development,Institute for Research and Development,institute for research and development,development institute research,Institute for Research and Development,token_key,low,2,14,False,True,True,,
C0320,"Institute for Research and Development, Mayotte",2,delegates; delegates_raw,Institute for Research and Development,Institute for Research and Development,institute for research and development,development institute research,Institute for Research and Development,token_key,low,2,14,False,True,True,,
C0418,MP Tropical Marine Consultant,12,delegates; delegates_raw; delegates_sanitized; geocode_cache; map_locations; speaker_profiles; speaker_profiles_cache; talks,MP Tropical Marine Consultant,MP Tropical Marine Consultant,mp tropical marine consultant,consultant marine mp tropical,MP Tropical Marine Consultant,token_key,low,2,14,False,True,True,,
C0418,"MP Tropical Marine Consultant, Australia",2,delegates; delegates_raw,MP Tropical Marine Consultant,MP Tropical Marine Consultant,mp tropical marine consultant,consultant marine mp tropical,MP Tropical Marine Consultant,token_key,low,2,14,False,True,True,,
C0447,National Technological Institute of Mexico,12,delegates; delegates_raw; delegates_sanitized; geocode_cache; map_locations; speaker_profiles; speaker_profiles_cache; talks,National Technological Institute of Mexico,National Technological Institute of Mexico,national technological institute of mexico,institute mexico national technological,National Technological Institute of Mexico,token_key,low,2,14,False,True,True,,
C0447,"National Technological Institute of Mexico, Mexico",2,delegates; delegates_raw,National Technological Institute of Mexico,National Technological Institute of Mexico,national technological institute of mexico,institute mexico national technological,National Technological Institute of Mexico,token_key,low,2,14,False,True,True,,
C0468,Ocean Rescue Alliance International,12,delegates; delegates_raw; delegates_sanitized; geocode_cache; map_locations; speaker_profiles; speaker_profiles_cache; talks,Ocean Rescue Alliance International,Ocean Rescue Alliance International,ocean rescue alliance international,alliance international ocean rescue,Ocean Rescue Alliance International,token_key,low,2,14,False,True,True,,
C0468,"Ocean Rescue Alliance International, United States",2,delegates; delegates_raw,Ocean Rescue Alliance International,Ocean Rescue Alliance International,ocean rescue alliance international,alliance international ocean rescue,Ocean Rescue Alliance International,token_key,low,2,14,False,True,True,,
C0550,Smithsonian Marine Station,12,delegates; delegates_raw; delegates_sanitized; geocode_cache; map_locations; speaker_profiles; speaker_profiles_cache; talks,Smithsonian Marine Station,Smithsonian Marine Station,smithsonian marine station,marine smithsonian station,Smithsonian Marine Station,token_key,low,2,14,False,True,True,,
C0550,"Smithsonian Marine Station, United States",2,delegates; delegates_raw,Smithsonian Marine Station,Smithsonian Marine Station,smithsonian marine station,marine smithsonian station,Smithsonian Marine Station,token_key,low,2,14,False,True,True,,
C0643,University of Dar Es Salaam,13,delegates; delegates_sanitized; emissions; geocode_cache; map_locations; speaker_profiles; speaker_profiles_cache; talks,University of Dar Es Salaam,University of Dar Es Salaam,university of dar es salaam,dar es salaam university,University of Dar Es Salaam,token_key,low,2,14,False,True,True,,
C0643,"University of Dar Es Salaam, Japan",1,delegates,University of Dar Es Salaam,University of Dar Es Salaam,university of dar es salaam,dar es salaam university,University of Dar Es Salaam,token_key,low,2,14,False,True,True,,
C0742,World Wildlife Fund - Indonesia,10,delegates; delegates_raw; delegates_sanitized; emissions; geocode_overrides,World Wildlife Fund - Indonesia,World Wildlife Fund - Indonesia,world wildlife fund - indonesia,fund indonesia wildlife world,World Wildlife Fund - Indonesia,token_key,low,2,14,False,True,True,,
C0742,"World Wildlife Fund - Indonesia, Indonesia",4,delegates; delegates_raw,World Wildlife Fund - Indonesia,World Wildlife Fund - Indonesia,world wildlife fund - indonesia,fund indonesia wildlife world,World Wildlife Fund - Indonesia,token_key,low,2,14,False,True,True,,
C0744,Yas Seaworld Research and Rescue Center,12,delegates; delegates_raw; delegates_sanitized; geocode_cache; map_locations; speaker_profiles; speaker_profiles_cache; talks,Yas Seaworld Research and Rescue Center,Yas Seaworld Research and Rescue Center,yas seaworld research and rescue center,center rescue research seaworld yas,Yas Seaworld Research and Rescue Center,token_key,low,2,14,False,True,True,,
C0744,"Yas Seaworld Research and Rescue Center, United Arab Emirates",2,delegates; delegates_raw,Yas Seaworld Research and Rescue Center,Yas Seaworld Research and Rescue Center,yas seaworld research and rescue center,center rescue research seaworld yas,Yas Seaworld Research and Rescue Center,token_key,low,2,14,False,True,True,,
C0061,C2o Consulting And James Cook University,6,delegates; delegates_raw; delegates_sanitized; geocode_cache; speaker_profiles; speaker_profiles_cache,James Cook University,James Cook University,c2o consulting and james cook university,c2o consulting cook james university,James Cook University,token_key,low,3,13,False,True,True,,
C0061,C2o Consulting and James Cook University,5,map_locations; talks,James Cook University,James Cook University,c2o consulting and james cook university,c2o consulting cook james university,James Cook University,token_key,low,3,13,False,True,True,,
C0061,"C2o Consulting And James Cook University, Australia",2,delegates; delegates_raw,James Cook University,James Cook University,c2o consulting and james cook university,c2o consulting cook james university,James Cook University,token_key,low,3,13,False,True,True,,
C0095,Posgrado en Ciencias del Mar y Limnología,6,delegates; delegates_raw; delegates_sanitized; geocode_cache; speaker_profiles; speaker_profiles_cache,Posgrado en Ciencias del Mar y Limnología,Posgrado en Ciencias del Mar y Limnología,posgrado en ciencias del mar y limnologia,ciencias del en limnologia mar posgrado y,Posgrado en Ciencias del Mar y Limnología,token_key,high,3,13,True,True,True,,
C0095,Posgrado en Ciencias del Mar y Limnologia,5,map_locations; talks,Posgrado en Ciencias del Mar y Limnologia,Posgrado en Ciencias del Mar y Limnologia,posgrado en ciencias del mar y limnologia,ciencias del en limnologia mar posgrado y,Posgrado en Ciencias del Mar y Limnología,token_key,high,3,13,True,True,True,,
C0095,"Posgrado en Ciencias del Mar y Limnología, Mexico",2,delegates; delegates_raw,Posgrado en Ciencias del Mar y Limnología,Posgrado en Ciencias del Mar y Limnología,posgrado en ciencias del mar y limnologia,ciencias del en limnologia mar posgrado y,Posgrado en Ciencias del Mar y Limnología,token_key,high,3,13,True,True,True,,
C0128,A*STAR Institute of High Performance Computing,11,delegates; delegates_raw; delegates_sanitized; geocode_cache; map_locations; speaker_profiles; speaker_profiles_cache; talks,A*STAR Institute of High Performance Computing,A*STAR Institute of High Performance Computing,a*star institute of high performance computing,a computing high institute performance star,A*STAR Institute of High Performance Computing,token_key,low,2,13,False,True,True,,
C0128,"A*STAR Institute of High Performance Computing, Singapore",2,delegates; delegates_raw,A*STAR Institute of High Performance Computing,A*STAR Institute of High Performance Computing,a*star institute of high performance computing,a computing high institute performance star,A*STAR Institute of High Performance Computing,token_key,low,2,13,False,True,True,,
C0160,Blue Corner Marine Research,11,delegates; delegates_raw; delegates_sanitized; geocode_cache; map_locations; speaker_profiles; speaker_profiles_cache; talks,Blue Corner Marine Research,Blue Corner Marine Research,blue corner marine research,blue corner marine research,Blue Corner Marine Research,token_key,low,2,13,False,True,True,,
C0160,"Blue Corner Marine Research, Indonesia",2,delegates; delegates_raw,Blue Corner Marine Research,Blue Corner Marine Research,blue corner marine research,blue corner marine research,Blue Corner Marine Research,token_key,low,2,13,False,True,True,,
C0167,BRANCH Applications BV / Foundation,9,delegates; delegates_raw; delegates_sanitized; emissions,BRANCH Applications BV / Foundation,BRANCH Applications BV / Foundation,branch applications bv / foundation,applications branch bv foundation,BRANCH Applications BV / Foundation,token_key,low,2,13,False,True,True,,
C0167,"BRANCH Applications BV / Foundation, Netherlands",4,delegates; delegates_raw,BRANCH Applications BV / Foundation,BRANCH Applications BV / Foundation,branch applications bv / foundation,applications branch bv foundation,BRANCH Applications BV / Foundation,token_key,low,2,13,False,True,True,,
C0189,Citizens of the Reef,11,delegates; delegates_raw; delegates_sanitized; geocode_cache; map_locations; speaker_profiles; speaker_profiles_cache; talks,Citizens of the Reef,Citizens of the Reef,citizens of the reef,citizens reef,Citizens of the Reef,token_key,low,2,13,False,True,True,,
C0189,"Citizens of the Reef, Australia",2,delegates; delegates_raw,Citizens of the Reef,Citizens of the Reef,citizens of the reef,citizens reef,Citizens of the Reef,token_key,low,2,13,False,True,True,,
C0193,CMOANA Consulting,11,delegates; delegates_raw; delegates_sanitized; geocode_cache; map_locations; speaker_profiles; speaker_profiles_cache; talks,CMOANA Consulting,CMOANA Consulting,cmoana consulting,cmoana consulting,CMOANA Consulting,token_key,low,2,13,False,True,True,,
C0193,"CMOANA Consulting, French Polynesia",2,delegates; delegates_raw,CMOANA Consulting,CMOANA Consulting,cmoana consulting,cmoana consulting,CMOANA Consulting,token_key,low,2,13,False,True,True,,
C0207,Coral Reef Initiative Northern Mariana Islands,11,delegates; delegates_sanitized; emissions; map_locations,Coral Reef Initiative Northern Mariana Islands,Coral Reef Initiative Northern Mariana Islands,coral reef initiative northern mariana islands,coral initiative islands mariana northern reef,Coral Reef Initiative Northern Mariana Islands,token_key,low,2,13,False,True,True,,
C0207,"Coral Reef Initiative Northern Mariana Islands, United States",2,delegates,Coral Reef Initiative Northern Mariana Islands,Coral Reef Initiative Northern Mariana Islands,coral reef initiative northern mariana islands,coral initiative islands mariana northern reef,Coral Reef Initiative Northern Mariana Islands,token_key,low,2,13,False,True,True,,
C0208,Coral Restoration Consortium,11,delegates; delegates_raw; delegates_sanitized; emissions; geocode_cache; map_locations; speaker_profiles; speaker_profiles_cache; talks,Coral Restoration Consortium,Coral Restoration Consortium,coral restoration consortium,consortium coral restoration,Coral Restoration Consortium,token_key,low,2,13,False,True,True,,
C0208,"Coral Restoration Consortium, United States",2,delegates; delegates_raw,Coral Restoration Consortium,Coral Restoration Consortium,coral restoration consortium,consortium coral restoration,Coral Restoration Consortium,token_key,low,2,13,False,True,True,,
C0392,"Maritime and Marine Science Centre of Excellence, Pattimura University",11,delegates; delegates_raw; delegates_sanitized; geocode_cache; map_locations; speaker_profiles; speaker_profiles_cache; talks,"Maritime and Marine Science Centre of Excellence, Pattimura University","Maritime and Marine Science Centre of Excellence, Pattimura University","maritime and marine science centre of excellence, pattimura university",centre excellence marine maritime pattimura science university,"Maritime and Marine Science Centre of Excellence, Pattimura University",token_key,low,2,13,False,True,True,,
C0392,"Maritime and Marine Science Centre of Excellence, Pattimura University, Indonesia",2,delegates; delegates_raw,"Maritime and Marine Science Centre of Excellence, Pattimura University","Maritime and Marine Science Centre of Excellence, Pattimura University","maritime and marine science centre of excellence, pattimura university",centre excellence marine maritime pattimura science university,"Maritime and Marine Science Centre of Excellence, Pattimura University",token_key,low,2,13,False,True,True,,
C0483,Pacific Blue Foundation,9,delegates; delegates_raw; delegates_sanitized; emissions; map_locations,Pacific Blue Foundation,Pacific Blue Foundation,pacific blue foundation,blue foundation pacific,Pacific Blue Foundation,token_key,low,2,13,False,True,True,,
C0483,"Pacific Blue Foundation, United States",4,delegates; delegates_raw,Pacific Blue Foundation,Pacific Blue Foundation,pacific blue foundation,blue foundation pacific,Pacific Blue Foundation,token_key,low,2,13,False,True,True,,
C0535,Sea Ventures Marine Response Unit,11,delegates; delegates_raw; delegates_sanitized; geocode_cache; map_locations; speaker_profiles; speaker_profiles_cache; talks,Sea Ventures Marine Response Unit,Sea Ventures Marine Response Unit,sea ventures marine response unit,marine response sea unit ventures,Sea Ventures Marine Response Unit,token_key,low,2,13,False,True,True,,
C0535,"Sea Ventures Marine Response Unit, Puerto Rico",2,delegates; delegates_raw,Sea Ventures Marine Response Unit,Sea Ventures Marine Response Unit,sea ventures marine response unit,marine response sea unit ventures,Sea Ventures Marine Response Unit,token_key,low,2,13,False,True,True,,
C0542,Shahid Beheshti University of Tehran,10,emissions; map_locations; talks,Shahid Beheshti University of Tehran,Shahid Beheshti University of Tehran,shahid beheshti university of tehran,beheshti shahid tehran university,Shahid Beheshti University of Tehran,token_key,low,2,13,True,True,True,,
C0542,Shahid Beheshti University Of Tehran,3,geocode_cache; speaker_profiles; speaker_profiles_cache,Shahid Beheshti University Of Tehran,Shahid Beheshti University Of Tehran,shahid beheshti university of tehran,beheshti shahid tehran university,Shahid Beheshti University of Tehran,token_key,low,2,13,True,True,True,,
C0570,Talanoa Consulting,11,delegates; delegates_raw; delegates_sanitized; geocode_cache; map_locations; speaker_profiles; speaker_profiles_cache; talks,Talanoa Consulting,Talanoa Consulting,talanoa consulting,consulting talanoa,Talanoa Consulting,token_key,low,2,13,False,True,True,,
C0570,"Talanoa Consulting, Fiji",2,delegates; delegates_raw,Talanoa Consulting,Talanoa Consulting,talanoa consulting,consulting talanoa,Talanoa Consulting,token_key,low,2,13,False,True,True,,
C0586,Tokyo Metroplolitan University,11,delegates; delegates_raw; delegates_sanitized; geocode_cache; map_locations; speaker_profiles; speaker_profiles_cache; talks,Tokyo Metroplolitan University,Tokyo Metroplolitan University,tokyo metroplolitan university,metroplolitan tokyo university,Tokyo Metroplolitan University,token_key,low,2,13,False,True,True,,
C0586,"Tokyo Metroplolitan University, Japan",2,delegates; delegates_raw,Tokyo Metroplolitan University,Tokyo Metroplolitan University,tokyo metroplolitan university,metroplolitan tokyo university,Tokyo Metroplolitan University,token_key,low,2,13,False,True,True,,
C0593,Turks and Caicos Reef Fund,11,delegates; delegates_raw; delegates_sanitized; geocode_cache; map_locations; speaker_profiles; speaker_profiles_cache; talks,Turks and Caicos Reef Fund,Turks and Caicos Reef Fund,turks and caicos reef fund,caicos fund reef turks,Turks and Caicos Reef Fund,token_key,low,2,13,False,True,True,,
C0593,"Turks and Caicos Reef Fund, United Kingdom",2,delegates; delegates_raw,Turks and Caicos Reef Fund,Turks and Caicos Reef Fund,turks and caicos reef fund,caicos fund reef turks,Turks and Caicos Reef Fund,token_key,low,2,13,False,True,True,,
C0730,Wilderlab,9,delegates; delegates_raw; delegates_sanitized; emissions,Wilderlab,Wilderlab,wilderlab,wilderlab,Wilderlab,token_key,low,2,13,False,True,True,,
C0730,"Wilderlab, Australia",4,delegates; delegates_raw,Wilderlab,Wilderlab,wilderlab,wilderlab,Wilderlab,token_key,low,2,13,False,True,True,,
C0056,Vava'u Environmental Protection Association,4,delegates; delegates_raw; delegates_sanitized; map_locations,Vava'u Environmental Protection Association,Vava'u Environmental Protection Association,vavau environmental protection association,association environmental protection vavau,Vavaʻu Environmental Protection Association,token_key,high,4,12,True,False,True,,
C0056,Vavau Environmental Protection Association,3,map_locations; talks,Vavau Environmental Protection Association,Vavau Environmental Protection Association,vavau environmental protection association,association environmental protection vavau,Vavaʻu Environmental Protection Association,token_key,high,4,12,True,False,True,,
C0056,Vavaʻu Environmental Protection Association,3,geocode_cache; speaker_profiles; speaker_profiles_cache,Vavaʻu Environmental Protection Association,Vavaʻu Environmental Protection Association,vavau environmental protection association,association environmental protection vavau,Vavaʻu Environmental Protection Association,token_key,high,4,12,True,False,True,,
C0056,"Vava'u Environmental Protection Association, Tonga",2,delegates; delegates_raw,Vava'u Environmental Protection Association,Vava'u Environmental Protection Association,vavau environmental protection association,association environmental protection vavau,Vavaʻu Environmental Protection Association,token_key,high,4,12,True,False,True,,
C0083,Koraï and IH.SM,6,delegates; delegates_raw; delegates_sanitized; geocode_cache; speaker_profiles; speaker_profiles_cache,Koraï and IH.SM,Koraï and IH.SM,korai and ih.sm,ih korai sm,Koraï and IH.SM,token_key,high,3,12,True,True,True,,
C0083,Korai and IH.SM,4,map_locations; talks,Korai and IH.SM,Korai and IH.SM,korai and ih.sm,ih korai sm,Koraï and IH.SM,token_key,high,3,12,True,True,True,,
C0083,"Koraï and IH.SM, Madagascar",2,delegates; delegates_raw,Koraï and IH.SM,Koraï and IH.SM,korai and ih.sm,ih korai sm,Koraï and IH.SM,token_key,high,3,12,True,True,True,,
C0098,The International Seakeepers Society,6,delegates; delegates_raw; delegates_sanitized; geocode_cache; speaker_profiles; speaker_profiles_cache,The International Seakeepers Society,The International Seakeepers Society,the international seakeepers society,international seakeepers society,the International Seakeepers Society,token_key,low,3,12,True,True,True,,
C0098,the International Seakeepers Society,4,map_locations; talks,the International Seakeepers Society,the International Seakeepers Society,the international seakeepers society,international seakeepers society,the International Seakeepers Society,token_key,low,3,12,True,True,True,,
C0098,"The International Seakeepers Society, New Zealand",2,delegates; delegates_raw,The International Seakeepers Society,The International Seakeepers Society,the international seakeepers society,international seakeepers society,the International Seakeepers Society,token_key,low,3,12,True,True,True,,
C0108,Universidad Autónoma Del Estado de Quintana Roo,6,delegates; delegates_raw; delegates_sanitized; geocode_cache; speaker_profiles; speaker_profiles_cache,Universidad Autónoma Del Estado de Quintana Roo,Universidad Autónoma Del Estado de Quintana Roo,universidad autonoma del estado de quintana roo,autonoma de del estado quintana roo universidad,Universidad Autónoma Del Estado de Quintana Roo,token_key,low,3,12,True,True,True,,
C0108,Universidad Autonoma Del Estado de Quintana Roo,4,map_locations; talks,Universidad Autonoma Del Estado de Quintana Roo,Universidad Autonoma Del Estado de Quintana Roo,universidad autonoma del estado de quintana roo,autonoma de del estado quintana roo universidad,Universidad Autónoma Del Estado de Quintana Roo,token_key,low,3,12,True,True,True,,
C0108,"Universidad Autónoma Del Estado de Quintana Roo, Mexico",2,delegates; delegates_raw,Universidad Autónoma Del Estado de Quintana Roo,Universidad Autónoma Del Estado de Quintana Roo,universidad autonoma del estado de quintana roo,autonoma de del estado quintana roo universidad,Universidad Autónoma Del Estado de Quintana Roo,token_key,low,3,12,True,True,True,,
C0131,ACIAR Coral Restoration Governance Project,10,delegates; delegates_raw; delegates_sanitized; geocode_cache; map_locations; speaker_profiles; speaker_profiles_cache; talks,ACIAR Coral Restoration Governance Project,ACIAR Coral Restoration Governance Project,aciar coral restoration governance project,aciar coral governance project restoration,ACIAR Coral Restoration Governance Project,token_key,low,2,12,False,True,True,,
C0131,"ACIAR Coral Restoration Governance Project, Philippines",2,delegates; delegates_raw,ACIAR Coral Restoration Governance Project,ACIAR Coral Restoration Governance Project,aciar coral restoration governance project,aciar coral governance project restoration,ACIAR Coral Restoration Governance Project,token_key,low,2,12,False,True,True,,
C0226,"Darla White - Marine Ecological Consulting, LLC",10,delegates; delegates_raw; delegates_sanitized; geocode_cache; map_locations; speaker_profiles; speaker_profiles_cache; talks,"Darla White - Marine Ecological Consulting, LLC","Darla White - Marine Ecological Consulting, LLC","darla white - marine ecological consulting, llc",consulting darla ecological llc marine white,"Darla White - Marine Ecological Consulting, LLC",token_key,low,2,12,False,True,True,,
C0226,"Darla White - Marine Ecological Consulting, LLC, United States",2,delegates; delegates_raw,"Darla White - Marine Ecological Consulting, LLC","Darla White - Marine Ecological Consulting, LLC","darla white - marine ecological consulting, llc",consulting darla ecological llc marine white,"Darla White - Marine Ecological Consulting, LLC",token_key,low,2,12,False,True,True,,
C0245,ECOH Corporation,10,delegates; delegates_raw; delegates_sanitized; geocode_cache; map_locations; speaker_profiles; speaker_profiles_cache; talks,ECOH Corporation,ECOH Corporation,ecoh corporation,corporation ecoh,ECOH Corporation,token_key,low,2,12,False,True,True,,
C0245,"ECOH Corporation, Japan",2,delegates; delegates_raw,ECOH Corporation,ECOH Corporation,ecoh corporation,corporation ecoh,ECOH Corporation,token_key,low,2,12,False,True,True,,
C0250,EPHE-Paris PSL-CRIOBE,10,delegates; delegates_raw; delegates_sanitized; geocode_cache; map_locations; speaker_profiles; speaker_profiles_cache; talks,EPHE-Paris PSL-CRIOBE,EPHE-Paris PSL-CRIOBE,ephe-paris psl-criobe,criobe ephe paris psl,EPHE-Paris PSL-CRIOBE,token_key,low,2,12,False,True,True,,
C0250,"EPHE-Paris PSL-CRIOBE, French Polynesia",2,delegates; delegates_raw,EPHE-Paris PSL-CRIOBE,EPHE-Paris PSL-CRIOBE,ephe-paris psl-criobe,criobe ephe paris psl,EPHE-Paris PSL-CRIOBE,token_key,low,2,12,False,True,True,,
C0253,Experimental Marine Ecology Lab,10,delegates; delegates_raw; delegates_sanitized; geocode_cache; map_locations; speaker_profiles; speaker_profiles_cache; talks,Experimental Marine Ecology Lab,Experimental Marine Ecology Lab,experimental marine ecology lab,ecology experimental lab marine,Experimental Marine Ecology Lab,token_key,low,2,12,False,True,True,,
C0253,"Experimental Marine Ecology Lab, Singapore",2,delegates; delegates_raw,Experimental Marine Ecology Lab,Experimental Marine Ecology Lab,experimental marine ecology lab,ecology experimental lab marine,Experimental Marine Ecology Lab,token_key,low,2,12,False,True,True,,
C0272,Fundacion Puntacana,10,delegates; delegates_raw; delegates_sanitized; geocode_cache; map_locations; speaker_profiles; speaker_profiles_cache; talks,Fundacion Puntacana,Fundacion Puntacana,fundacion puntacana,fundacion puntacana,Fundacion Puntacana,token_key,low,2,12,False,True,True,,
C0272,"Fundacion Puntacana, Dominican Republic",2,delegates; delegates_raw,Fundacion Puntacana,Fundacion Puntacana,fundacion puntacana,fundacion puntacana,Fundacion Puntacana,token_key,low,2,12,False,True,True,,
C0329,Instituto de Zoologia y Ecologia Tropical,9,emissions; map_locations; talks,Instituto de Zoologia y Ecologia Tropical,Instituto de Zoologia y Ecologia Tropical,instituto de zoologia y ecologia tropical,de ecologia instituto tropical y zoologia,Instituto de Zoología y Ecología Tropical,token_key,high,2,12,True,True,True,,
C0329,Instituto de Zoología y Ecología Tropical,3,geocode_cache; speaker_profiles; speaker_profiles_cache,Instituto de Zoología y Ecología Tropical,Instituto de Zoología y Ecología Tropical,instituto de zoologia y ecologia tropical,de ecologia instituto tropical y zoologia,Instituto de Zoología y Ecología Tropical,token_key,high,2,12,True,True,True,,
C0387,Marine Conservation Society Seychelles,10,delegates; delegates_raw; delegates_sanitized; geocode_cache; map_locations; speaker_profiles; speaker_profiles_cache; talks,Marine Conservation Society Seychelles,Marine Conservation Society Seychelles,marine conservation society seychelles,conservation marine seychelles society,Marine Conservation Society Seychelles,token_key,low,2,12,False,True,True,,
C0387,"Marine Conservation Society Seychelles, Seychelles",2,delegates; delegates_raw,Marine Conservation Society Seychelles,Marine Conservation Society Seychelles,marine conservation society seychelles,conservation marine seychelles society,Marine Conservation Society Seychelles,token_key,low,2,12,False,True,True,,
C0404,Mindanao State University,10,delegates; delegates_raw; delegates_sanitized; emissions; map_locations,Mindanao State University,Mindanao State University,mindanao state university,mindanao state university,Mindanao State University,token_key,low,2,12,False,True,True,,
C0404,"Mindanao State University, Philippines",2,delegates; delegates_raw,Mindanao State University,Mindanao State University,mindanao state university,mindanao state university,Mindanao State University,token_key,low,2,12,False,True,True,,
C0411,MIT-WHOI Joint Program in Oceanography,10,delegates; delegates_raw; delegates_sanitized; geocode_cache; map_locations; speaker_profiles; speaker_profiles_cache; talks,MIT-WHOI Joint Program in Oceanography,MIT-WHOI Joint Program in Oceanography,mit-whoi joint program in oceanography,joint mit oceanography program whoi,MIT-WHOI Joint Program in Oceanography,token_key,low,2,12,False,True,True,,
C0411,"MIT-WHOI Joint Program in Oceanography, United States",2,delegates; delegates_raw,MIT-WHOI Joint Program in Oceanography,MIT-WHOI Joint Program in Oceanography,mit-whoi joint program in oceanography,joint mit oceanography program whoi,MIT-WHOI Joint Program in Oceanography,token_key,low,2,12,False,True,True,,
C0412,MIT-Woods Hole Joint Program,10,delegates; delegates_raw; delegates_sanitized; geocode_cache; map_locations; speaker_profiles; speaker_profiles_cache; talks,MIT-Woods Hole Joint Program,MIT-Woods Hole Joint Program,mit-woods hole joint program,hole joint mit program woods,MIT-Woods Hole Joint Program,token_key,low,2,12,False,True,True,,
C0412,"MIT-Woods Hole Joint Program, United States",2,delegates; delegates_raw,MIT-Woods Hole Joint Program,MIT-Woods Hole Joint Program,mit-woods hole joint program,hole joint mit program woods,MIT-Woods Hole Joint Program,token_key,low,2,12,False,True,True,,
C0427,National Cheng Kung University,8,delegates; delegates_raw; delegates_sanitized; emissions,National Cheng Kung University,National Cheng Kung University,national cheng kung university,cheng kung national university,National Cheng Kung University,token_key,low,2,12,False,True,True,,
C0427,"National Cheng Kung University, Taiwan",4,delegates; delegates_raw,National Cheng Kung University,National Cheng Kung University,national cheng kung university,cheng kung national university,National Cheng Kung University,token_key,low,2,12,False,True,True,,
C0465,Observatoire Oceanologique De Banyuls-sur-mer,9,emissions; map_locations; talks,Observatoire Oceanologique De Banyuls-sur-mer,Observatoire Oceanologique De Banyuls-sur-mer,observatoire oceanologique de banyuls-sur-mer,banyuls de mer observatoire oceanologique sur,Observatoire Océanologique De Banyuls-sur-mer,token_key,low,2,12,True,True,True,,
C0465,Observatoire Océanologique De Banyuls-sur-mer,3,geocode_cache; speaker_profiles; speaker_profiles_cache,Observatoire Océanologique De Banyuls-sur-mer,Observatoire Océanologique De Banyuls-sur-mer,observatoire oceanologique de banyuls-sur-mer,banyuls de mer observatoire oceanologique sur,Observatoire Océanologique De Banyuls-sur-mer,token_key,low,2,12,True,True,True,,
C0481,OneReef Worldwide Stewardship,10,delegates; delegates_raw; delegates_sanitized; geocode_cache; map_locations; speaker_profiles; speaker_profiles_cache; talks,OneReef Worldwide Stewardship,OneReef Worldwide Stewardship,onereef worldwide stewardship,onereef stewardship worldwide,OneReef Worldwide Stewardship,token_key,low,2,12,False,True,True,,
C0481,"OneReef Worldwide Stewardship, United States",2,delegates; delegates_raw,OneReef Worldwide Stewardship,OneReef Worldwide Stewardship,onereef worldwide stewardship,onereef stewardship worldwide,OneReef Worldwide Stewardship,token_key,low,2,12,False,True,True,,
C0540,"Settide, LLC",10,delegates; delegates_raw; delegates_sanitized; geocode_cache; map_locations; speaker_profiles; speaker_profiles_cache; talks,"Settide, LLC","Settide, LLC","settide, llc",llc settide,"Settide, LLC",token_key,low,2,12,False,True,True,,
C0540,"Settide, LLC, United States",2,delegates; delegates_raw,"Settide, LLC","Settide, LLC","settide, llc",llc settide,"Settide, LLC",token_key,low,2,12,False,True,True,,
C0723,Waitt Institute,8,delegates; delegates_raw; delegates_sanitized; emissions,Waitt Institute,Waitt Institute,waitt institute,institute waitt,Waitt Institute,token_key,low,2,12,False,True,True,,
C0723,"Waitt Institute, United States",4,delegates; delegates_raw,Waitt Institute,Waitt Institute,waitt institute,institute waitt,Waitt Institute,token_key,low,2,12,False,True,True,,
C0155,Bigelow Laboratory for Ocean Sciences,9,delegates; delegates_raw; delegates_sanitized; geocode_cache; map_locations; speaker_profiles; speaker_profiles_cache; talks,Bigelow Laboratory for Ocean Sciences,Bigelow Laboratory for Ocean Sciences,bigelow laboratory for ocean sciences,bigelow laboratory ocean sciences,Bigelow Laboratory for Ocean Sciences,token_key,low,2,11,False,True,True,,
C0155,"Bigelow Laboratory for Ocean Sciences, United States",2,delegates; delegates_raw,Bigelow Laboratory for Ocean Sciences,Bigelow Laboratory for Ocean Sciences,bigelow laboratory for ocean sciences,bigelow laboratory ocean sciences,Bigelow Laboratory for Ocean Sciences,token_key,low,2,11,False,True,True,,
C0185,Charles Darwin Foundation,9,delegates; delegates_raw; delegates_sanitized; geocode_cache; map_locations; speaker_profiles; speaker_profiles_cache; talks,Charles Darwin Foundation,Charles Darwin Foundation,charles darwin foundation,charles darwin foundation,Charles Darwin Foundation,token_key,low,2,11,False,True,True,,
C0185,"Charles Darwin Foundation, Ecuador",2,delegates; delegates_raw,Charles Darwin Foundation,Charles Darwin Foundation,charles darwin foundation,charles darwin foundation,Charles Darwin Foundation,token_key,low,2,11,False,True,True,,
C0205,Coral Reef Conservation Restoration Network,9,delegates; delegates_raw; delegates_sanitized; geocode_cache; map_locations; speaker_profiles; speaker_profiles_cache; talks,Coral Reef Conservation Restoration Network,Coral Reef Conservation Restoration Network,coral reef conservation restoration network,conservation coral network reef restoration,Coral Reef Conservation Restoration Network,token_key,low,2,11,False,True,True,,
C0205,"Coral Reef Conservation Restoration Network, Philippines",2,delegates; delegates_raw,Coral Reef Conservation Restoration Network,Coral Reef Conservation Restoration Network,coral reef conservation restoration network,conservation coral network reef restoration,Coral Reef Conservation Restoration Network,token_key,low,2,11,False,True,True,,
C0221,CSIR National Institute of India,9,delegates; delegates_raw; delegates_sanitized; geocode_cache; map_locations; speaker_profiles; speaker_profiles_cache; talks,CSIR National Institute of India,CSIR National Institute of India,csir national institute of india,csir india institute national,CSIR National Institute of India,token_key,low,2,11,False,True,True,,
C0221,"CSIR National Institute of India, India",2,delegates; delegates_raw,CSIR National Institute of India,CSIR National Institute of India,csir national institute of india,csir india institute national,CSIR National Institute of India,token_key,low,2,11,False,True,True,,
C0233,DHI Water and Environment,9,delegates; delegates_raw; delegates_sanitized; geocode_cache; map_locations; speaker_profiles; speaker_profiles_cache; talks,DHI Water and Environment,DHI Water and Environment,dhi water and environment,dhi environment water,DHI Water and Environment,token_key,low,2,11,False,True,True,,
C0233,"DHI Water and Environment, Singapore",2,delegates; delegates_raw,DHI Water and Environment,DHI Water and Environment,dhi water and environment,dhi environment water,DHI Water and Environment,token_key,low,2,11,False,True,True,,
C0243,Eco Marine Consultants Ltd,9,delegates; delegates_raw; delegates_sanitized; geocode_cache; map_locations; speaker_profiles; speaker_profiles_cache; talks,Eco Marine Consultants Ltd,Eco Marine Consultants Ltd,eco marine consultants ltd,consultants eco ltd marine,Eco Marine Consultants Ltd,token_key,low,2,11,False,True,True,,
C0243,"Eco Marine Consultants Ltd, Mauritius",2,delegates; delegates_raw,Eco Marine Consultants Ltd,Eco Marine Consultants Ltd,eco marine consultants ltd,consultants eco ltd marine,Eco Marine Consultants Ltd,token_key,low,2,11,False,True,True,,
C0248,"ENTROPIE, Reunion",9,emissions; map_locations,"ENTROPIE, Reunion","ENTROPIE, Reunion","entropie, reunion",entropie reunion,"ENTROPIE, Réunion",token_key,high,2,11,True,True,True,,
C0248,"ENTROPIE, Réunion",2,delegates; delegates_raw,"ENTROPIE, Réunion","ENTROPIE, Réunion","entropie, reunion",entropie reunion,"ENTROPIE, Réunion",token_key,high,2,11,True,True,True,,
C0251,Eveline Kolijn Studio,9,delegates; delegates_raw; delegates_sanitized; geocode_cache; map_locations; speaker_profiles; speaker_profiles_cache; talks,Eveline Kolijn Studio,Eveline Kolijn Studio,eveline kolijn studio,eveline kolijn studio,Eveline Kolijn Studio,token_key,low,2,11,False,True,True,,
C0251,"Eveline Kolijn Studio, Canada",2,delegates; delegates_raw,Eveline Kolijn Studio,Eveline Kolijn Studio,eveline kolijn studio,eveline kolijn studio,Eveline Kolijn Studio,token_key,low,2,11,False,True,True,,
C0268,Fluoresci Research,9,delegates; delegates_raw; delegates_sanitized; geocode_cache; map_locations; speaker_profiles; speaker_profiles_cache; talks,Fluoresci Research,Fluoresci Research,fluoresci research,fluoresci research,Fluoresci Research,token_key,low,2,11,False,True,True,,
C0268,"Fluoresci Research, Australia",2,delegates; delegates_raw,Fluoresci Research,Fluoresci Research,fluoresci research,fluoresci research,Fluoresci Research,token_key,low,2,11,False,True,True,,
C0315,Indo Ocean Foundation,9,delegates; delegates_raw; delegates_sanitized; geocode_cache; map_locations; speaker_profiles; speaker_profiles_cache; talks,Indo Ocean Foundation,Indo Ocean Foundation,indo ocean foundation,foundation indo ocean,Indo Ocean Foundation,token_key,low,2,11,False,True,True,,
C0315,"Indo Ocean Foundation, Indonesia",2,delegates; delegates_raw,Indo Ocean Foundation,Indo Ocean Foundation,indo ocean foundation,foundation indo ocean,Indo Ocean Foundation,token_key,low,2,11,False,True,True,,
C0342,John G. Shedd Aquarium,9,delegates; delegates_raw; delegates_sanitized; geocode_cache; map_locations; speaker_profiles; speaker_profiles_cache; talks,John G. Shedd Aquarium,John G. Shedd Aquarium,john g. shedd aquarium,aquarium g john shedd,John G. Shedd Aquarium,token_key,low,2,11,False,True,True,,
C0342,"John G. Shedd Aquarium, United States",2,delegates; delegates_raw,John G. Shedd Aquarium,John G. Shedd Aquarium,john g. shedd aquarium,aquarium g john shedd,John G. Shedd Aquarium,token_key,low,2,11,False,True,True,,
C0426,National Centre for Sustainable Coastal Management,9,delegates; delegates_raw; delegates_sanitized; geocode_cache; map_locations; speaker_profiles; speaker_profiles_cache; talks,National Centre for Sustainable Coastal Management,National Centre for Sustainable Coastal Management,national centre for sustainable coastal management,centre coastal management national sustainable,National Centre for Sustainable Coastal Management,token_key,low,2,11,False,True,True,,
C0426,"National Centre for Sustainable Coastal Management, India",2,delegates; delegates_raw,National Centre for Sustainable Coastal Management,National Centre for Sustainable Coastal Management,national centre for sustainable coastal management,centre coastal management national sustainable,National Centre for Sustainable Coastal Management,token_key,low,2,11,False,True,True,,
C0454,NEOM Nature Reserve,9,delegates; delegates_raw; delegates_sanitized; geocode_cache; map_locations; speaker_profiles; speaker_profiles_cache; talks,NEOM Nature Reserve,NEOM Nature Reserve,neom nature reserve,nature neom reserve,NEOM Nature Reserve,token_key,low,2,11,False,True,True,,
C0454,"NEOM Nature Reserve, Saudi Arabia",2,delegates; delegates_raw,NEOM Nature Reserve,NEOM Nature Reserve,neom nature reserve,nature neom reserve,NEOM Nature Reserve,token_key,low,2,11,False,True,True,,
C0509,Rebuilding with Nature,9,delegates; delegates_raw; delegates_sanitized; geocode_cache; map_locations; speaker_profiles; speaker_profiles_cache; talks,Rebuilding with Nature,Rebuilding with Nature,rebuilding with nature,nature rebuilding with,Rebuilding with Nature,token_key,low,2,11,False,True,True,,
C0509,"Rebuilding with Nature, Japan",2,delegates; delegates_raw,Rebuilding with Nature,Rebuilding with Nature,rebuilding with nature,nature rebuilding with,Rebuilding with Nature,token_key,low,2,11,False,True,True,,
C0517,Reef Support,9,delegates; delegates_raw; delegates_sanitized; geocode_cache; map_locations; speaker_profiles; speaker_profiles_cache; talks,Reef Support,Reef Support,reef support,reef support,Reef Support,token_key,low,2,11,False,True,True,,
C0517,"Reef Support, Colombia",2,delegates; delegates_raw,Reef Support,Reef Support,reef support,reef support,Reef Support,token_key,low,2,11,False,True,True,,
C0523,Reva Atea,9,delegates; delegates_raw; delegates_sanitized; geocode_cache; map_locations; speaker_profiles; speaker_profiles_cache; talks,Reva Atea,Reva Atea,reva atea,atea reva,Reva Atea,token_key,low,2,11,False,True,True,,
C0523,"Reva Atea, French Polynesia",2,delegates; delegates_raw,Reva Atea,Reva Atea,reva atea,atea reva,Reva Atea,token_key,low,2,11,False,True,True,,
C0568,Sustainable Environment and Livelihood Solutions,9,delegates; delegates_raw; delegates_sanitized; geocode_cache; map_locations; speaker_profiles; speaker_profiles_cache; talks,Sustainable Environment and Livelihood Solutions,Sustainable Environment and Livelihood Solutions,sustainable environment and livelihood solutions,environment livelihood solutions sustainable,Sustainable Environment and Livelihood Solutions,token_key,low,2,11,False,True,True,,
C0568,"Sustainable Environment and Livelihood Solutions, Tuvalu",2,delegates; delegates_raw,Sustainable Environment and Livelihood Solutions,Sustainable Environment and Livelihood Solutions,sustainable environment and livelihood solutions,environment livelihood solutions sustainable,Sustainable Environment and Livelihood Solutions,token_key,low,2,11,False,True,True,,
C0607,Universidade Estadual Do Norte Fluminense,9,delegates; delegates_raw; delegates_sanitized; geocode_cache; map_locations; speaker_profiles; speaker_profiles_cache; talks,Universidade Estadual Do Norte Fluminense,Universidade Estadual Do Norte Fluminense,universidade estadual do norte fluminense,do estadual fluminense norte universidade,Universidade Estadual Do Norte Fluminense,token_key,low,2,11,False,True,True,,
C0607,"Universidade Estadual Do Norte Fluminense, Brazil",2,delegates; delegates_raw,Universidade Estadual Do Norte Fluminense,Universidade Estadual Do Norte Fluminense,universidade estadual do norte fluminense,do estadual fluminense norte universidade,Universidade Estadual Do Norte Fluminense,token_key,low,2,11,False,True,True,,
C0076,Hawai'i Cooperative Fishery Research Unit,6,delegates; delegates_raw; delegates_sanitized; emissions; map_locations,Hawai'i Cooperative Fishery Research Unit,Hawai'i Cooperative Fishery Research Unit,hawaii cooperative fishery research unit,cooperative fishery hawaii research unit,Hawai'i Cooperative Fishery Research Unit,token_key,low,3,10,True,False,True,,
C0076,"Hawai'i Cooperative Fishery Research Unit, United States",3,delegates; delegates_raw; geocode_cache,Hawai'i Cooperative Fishery Research Unit,Hawai'i Cooperative Fishery Research Unit,hawaii cooperative fishery research unit,cooperative fishery hawaii research unit,Hawai'i Cooperative Fishery Research Unit,token_key,low,3,10,True,False,True,,
C0076,Hawaiʻi Cooperative Fishery Research Unit,1,geocode_overrides,Hawaiʻi Cooperative Fishery Research Unit,Hawaiʻi Cooperative Fishery Research Unit,hawaii cooperative fishery research unit,cooperative fishery hawaii research unit,Hawai'i Cooperative Fishery Research Unit,token_key,low,3,10,True,False,True,,
C0111,Universite de Bretagne Occidentale,7,emissions; map_locations,Universite de Bretagne Occidentale,Universite de Bretagne Occidentale,universite de bretagne occidentale,bretagne de occidentale universite,Université de Bretagne Occidentale,token_key,high,3,10,True,True,True,,
C0111,Université de Bretagne Occidentale,2,delegates; delegates_sanitized,Université de Bretagne Occidentale,Université de Bretagne Occidentale,universite de bretagne occidentale,bretagne de occidentale universite,Université de Bretagne Occidentale,token_key,high,3,10,True,True,True,,
C0111,"Université de Bretagne Occidentale, France",1,delegates,Université de Bretagne Occidentale,Université de Bretagne Occidentale,universite de bretagne occidentale,bretagne de occidentale universite,Université de Bretagne Occidentale,token_key,high,3,10,True,True,True,,
C0172,California State Polytechnic University,8,delegates; delegates_raw; delegates_sanitized; emissions; map_locations,California State Polytechnic University,California State Polytechnic University,california state polytechnic university,california polytechnic state university,California State Polytechnic University,token_key,low,2,10,False,True,True,,
C0172,"California State Polytechnic University, United States",2,delegates; delegates_raw,California State Polytechnic University,California State Polytechnic University,california state polytechnic university,california polytechnic state university,California State Polytechnic University,token_key,low,2,10,False,True,True,,
C0203,Coral Reef Advisory Group,8,delegates; delegates_raw; delegates_sanitized; geocode_cache; map_locations; speaker_profiles; speaker_profiles_cache; talks,Coral Reef Advisory Group,Coral Reef Advisory Group,coral reef advisory group,advisory coral group reef,Coral Reef Advisory Group,token_key,low,2,10,False,True,True,,
C0203,"Coral Reef Advisory Group, American Samoa",2,delegates; delegates_raw,Coral Reef Advisory Group,Coral Reef Advisory Group,coral reef advisory group,advisory coral group reef,Coral Reef Advisory Group,token_key,low,2,10,False,True,True,,
C0206,Coral Reef Consulting,8,delegates; delegates_raw; delegates_sanitized; geocode_cache; map_locations; speaker_profiles; speaker_profiles_cache; talks,Coral Reef Consulting,Coral Reef Consulting,coral reef consulting,consulting coral reef,Coral Reef Consulting,token_key,low,2,10,False,True,True,,
C0206,"Coral Reef Consulting, American Samoa",2,delegates; delegates_raw,Coral Reef Consulting,Coral Reef Consulting,coral reef consulting,consulting coral reef,Coral Reef Consulting,token_key,low,2,10,False,True,True,,
C0279,Global Island Partnership,8,delegates; delegates_raw; delegates_sanitized; geocode_cache; map_locations; speaker_profiles; speaker_profiles_cache; talks,Global Island Partnership,Global Island Partnership,global island partnership,global island partnership,Global Island Partnership,token_key,low,2,10,False,True,True,,
C0279,"Global Island Partnership, New Zealand",2,delegates; delegates_raw,Global Island Partnership,Global Island Partnership,global island partnership,global island partnership,Global Island Partnership,token_key,low,2,10,False,True,True,,
C0303,Hopkins Marine Station of Stanford University,8,delegates; delegates_raw; delegates_sanitized; geocode_cache; map_locations; speaker_profiles; speaker_profiles_cache; talks,Hopkins Marine Station of Stanford University,Hopkins Marine Station of Stanford University,hopkins marine station of stanford university,hopkins marine stanford station university,Hopkins Marine Station of Stanford University,token_key,low,2,10,False,True,True,,
C0303,"Hopkins Marine Station of Stanford University, United States",2,delegates; delegates_raw,Hopkins Marine Station of Stanford University,Hopkins Marine Station of Stanford University,hopkins marine station of stanford university,hopkins marine stanford station university,Hopkins Marine Station of Stanford University,token_key,low,2,10,False,True,True,,
C0306,IATS/CSIC,8,delegates; delegates_raw; delegates_sanitized; geocode_cache; map_locations; speaker_profiles; speaker_profiles_cache; talks,IATS/CSIC,IATS/CSIC,iats/csic,csic iats,IATS/CSIC,token_key,low,2,10,False,True,True,,
C0306,"IATS/CSIC, Spain",2,delegates; delegates_raw,IATS/CSIC,IATS/CSIC,iats/csic,csic iats,IATS/CSIC,token_key,low,2,10,False,True,True,,
C0391,MarineGEO,8,delegates; delegates_raw; delegates_sanitized; geocode_cache; map_locations; speaker_profiles; speaker_profiles_cache; talks,MarineGEO,MarineGEO,marinegeo,marinegeo,MarineGEO,token_key,low,2,10,False,True,True,,
C0391,"MarineGEO, United States",2,delegates; delegates_raw,MarineGEO,MarineGEO,marinegeo,marinegeo,MarineGEO,token_key,low,2,10,False,True,True,,
C0413,"Moews-Asher Art, Imagery and Design",8,delegates; delegates_raw; delegates_sanitized; geocode_cache; map_locations; speaker_profiles; speaker_profiles_cache; talks,"Moews-Asher Art, Imagery and Design","Moews-Asher Art, Imagery and Design","moews-asher art, imagery and design",art asher design imagery moews,"Moews-Asher Art, Imagery and Design",token_key,low,2,10,False,True,True,,
C0413,"Moews-Asher Art, Imagery and Design, Saudi Arabia",2,delegates; delegates_raw,"Moews-Asher Art, Imagery and Design","Moews-Asher Art, Imagery and Design","moews-asher art, imagery and design",art asher design imagery moews,"Moews-Asher Art, Imagery and Design",token_key,low,2,10,False,True,True,,
C0419,MPAConnect,8,delegates; delegates_raw; delegates_sanitized; geocode_cache; map_locations; speaker_profiles; speaker_profiles_cache; talks,MPAConnect,MPAConnect,mpaconnect,mpaconnect,MPAConnect,token_key,low,2,10,False,True,True,,
C0419,"MPAConnect, Australia",2,delegates; delegates_raw,MPAConnect,MPAConnect,mpaconnect,mpaconnect,MPAConnect,token_key,low,2,10,False,True,True,,
C0429,National Coral Reef Institute,8,delegates; delegates_raw; delegates_sanitized; geocode_cache; map_locations; speaker_profiles; speaker_profiles_cache; talks,National Coral Reef Institute,National Coral Reef Institute,national coral reef institute,coral institute national reef,National Coral Reef Institute,token_key,low,2,10,False,True,True,,
C0429,"National Coral Reef Institute, United States",2,delegates; delegates_raw,National Coral Reef Institute,National Coral Reef Institute,national coral reef institute,coral institute national reef,National Coral Reef Institute,token_key,low,2,10,False,True,True,,
C0431,National Geographic Society Pristine Seas,8,delegates; delegates_raw; delegates_sanitized; geocode_cache; map_locations; speaker_profiles; speaker_profiles_cache; talks,National Geographic Society Pristine Seas,National Geographic Society Pristine Seas,national geographic society pristine seas,geographic national pristine seas society,National Geographic Society Pristine Seas,token_key,low,2,10,False,True,True,,
C0431,"National Geographic Society Pristine Seas, United States",2,delegates; delegates_raw,National Geographic Society Pristine Seas,National Geographic Society Pristine Seas,national geographic society pristine seas,geographic national pristine seas society,National Geographic Society Pristine Seas,token_key,low,2,10,False,True,True,,
C0487,Pauahi Bishop Museum,8,delegates; delegates_raw; delegates_sanitized; emissions; map_locations,Pauahi Bishop Museum,Pauahi Bishop Museum,pauahi bishop museum,bishop museum pauahi,Pauahi Bishop Museum,token_key,low,2,10,False,True,True,,
C0487,"Pauahi Bishop Museum, United States",2,delegates; delegates_raw,Pauahi Bishop Museum,Pauahi Bishop Museum,pauahi bishop museum,bishop museum pauahi,Pauahi Bishop Museum,token_key,low,2,10,False,True,True,,
C0519,Research Center for Biota System,8,delegates; delegates_raw; delegates_sanitized; geocode_cache; map_locations; speaker_profiles; speaker_profiles_cache; talks,Research Center for Biota System,Research Center for Biota System,research center for biota system,biota center research system,Research Center for Biota System,token_key,low,2,10,False,True,True,,
C0519,"Research Center for Biota System, Indonesia",2,delegates; delegates_raw,Research Center for Biota System,Research Center for Biota System,research center for biota system,biota center research system,Research Center for Biota System,token_key,low,2,10,False,True,True,,
C0520,Resiliensea Immersive,8,delegates; delegates_raw; delegates_sanitized; geocode_cache; map_locations; speaker_profiles; speaker_profiles_cache; talks,Resiliensea Immersive,Resiliensea Immersive,resiliensea immersive,immersive resiliensea,Resiliensea Immersive,token_key,low,2,10,False,True,True,,
C0520,"Resiliensea Immersive, United States",2,delegates; delegates_raw,Resiliensea Immersive,Resiliensea Immersive,resiliensea immersive,immersive resiliensea,Resiliensea Immersive,token_key,low,2,10,False,True,True,,
C0546,Silliiman University,8,delegates; delegates_raw; delegates_sanitized; geocode_cache; map_locations; speaker_profiles; speaker_profiles_cache; talks,Silliiman University,Silliiman University,silliiman university,silliiman university,Silliiman University,token_key,low,2,10,False,True,True,,
C0546,"Silliiman University, Philippines",2,delegates; delegates_raw,Silliiman University,Silliiman University,silliiman university,silliiman university,Silliiman University,token_key,low,2,10,False,True,True,,
C0589,Transformations Community,8,delegates; delegates_raw; delegates_sanitized; geocode_cache; map_locations; speaker_profiles; speaker_profiles_cache; talks,Transformations Community,Transformations Community,transformations community,community transformations,Transformations Community,token_key,low,2,10,False,True,True,,
C0589,"Transformations Community, United States",2,delegates; delegates_raw,Transformations Community,Transformations Community,transformations community,community transformations,Transformations Community,token_key,low,2,10,False,True,True,,
C0616,University at Buffalo,7,delegates; delegates_raw; delegates_sanitized; emissions; geocode_overrides; map_locations,University at Buffalo,University at Buffalo,university - buffalo,buffalo university,University at Buffalo,token_key,low,2,10,False,True,True,,
C0616,"University at Buffalo, United States",3,delegates; delegates_raw; geocode_cache,University at Buffalo,University at Buffalo,university - buffalo,buffalo university,University at Buffalo,token_key,low,2,10,False,True,True,,
C0071,Conservation Society of Pohnpei Micronesia (the Federated States of),7,delegates; delegates_sanitized; emissions; map_locations,Conservation Society of Pohnpei Micronesia (the Federated States of),Conservation Society of Pohnpei Micronesia (the Federated States of),conservation society of pohnpei micronesia (the federated states of),conservation federated micronesia pohnpei society states,Conservation Society of Pohnpei Micronesia (the Federated States of),token_key,low,3,9,False,True,True,,
C0071,"Conservation Society of Pohnpei Micronesia (the Federated States of), Brazil",1,delegates,Conservation Society of Pohnpei Micronesia (the Federated States of),Conservation Society of Pohnpei Micronesia (the Federated States of),conservation society of pohnpei micronesia (the federated states of),conservation federated micronesia pohnpei society states,Conservation Society of Pohnpei Micronesia (the Federated States of),token_key,low,3,9,False,True,True,,
C0071,"Conservation Society of Pohnpei Micronesia (the Federated States of), Germany",1,delegates,Conservation Society of Pohnpei Micronesia (the Federated States of),Conservation Society of Pohnpei Micronesia (the Federated States of),conservation society of pohnpei micronesia (the federated states of),conservation federated micronesia pohnpei society states,Conservation Society of Pohnpei Micronesia (the Federated States of),token_key,low,3,9,False,True,True,,
C0112,Universite Laval,4,emissions; geocode_overrides; map_locations,Universite Laval,Universite Laval,universite laval,laval universite,Université Laval,token_key,high,3,9,True,True,True,,
C0112,Université Laval,3,delegates; delegates_raw; delegates_sanitized,Université Laval,Université Laval,universite laval,laval universite,Université Laval,token_key,high,3,9,True,True,True,,
C0112,"Université Laval, Canada",2,delegates; delegates_raw,Université Laval,Université Laval,universite laval,laval universite,Université Laval,token_key,high,3,9,True,True,True,,
C0211,Coral Restoration Foundation / Coral Restoration Consortium,7,delegates; delegates_raw; delegates_sanitized; emissions; geocode_overrides; map_locations,Coral Restoration Foundation,Coral Restoration Foundation / Coral Restoration Consortium,coral restoration foundation / coral restoration consortium,consortium coral coral foundation restoration restoration,Coral Restoration Foundation / Coral Restoration Consortium,token_key,low,2,9,False,True,True,,
C0211,"Coral Restoration Foundation / Coral Restoration Consortium, United States",2,delegates; delegates_raw,Coral Restoration Foundation,Coral Restoration Foundation / Coral Restoration Consortium,coral restoration foundation / coral restoration consortium,consortium coral coral foundation restoration restoration,Coral Restoration Foundation / Coral Restoration Consortium,token_key,low,2,9,False,True,True,,
C0313,Indiana University,6,delegates; delegates_raw; delegates_sanitized; emissions; geocode_overrides,Indiana University,Indiana University,indiana university,indiana university,Indiana University,token_key,low,2,9,False,True,True,,
C0313,"Indiana University, United States",3,delegates; delegates_raw; geocode_cache,Indiana University,Indiana University,indiana university,indiana university,Indiana University,token_key,low,2,9,False,True,True,,
C0631,University of California - Irvine,6,delegates; delegates_raw; delegates_sanitized; emissions; geocode_overrides,University of California - Irvine,University of California - Irvine,university of california - irvine,california irvine university,University of California - Irvine,token_key,low,2,9,False,True,True,,
C0631,"University of California - Irvine, United States",3,delegates; delegates_raw; geocode_cache,University of California - Irvine,University of California - Irvine,university of california - irvine,california irvine university,University of California - Irvine,token_key,low,2,9,False,True,True,,
C0734,Wofford College,7,delegates; delegates_raw; delegates_sanitized; emissions; geocode_cache; geocode_overrides,Wofford College,Wofford College,wofford college,college wofford,Wofford College,token_key,low,2,9,False,True,True,,
C0734,"Wofford College, United States",2,delegates; delegates_raw,Wofford College,Wofford College,wofford college,college wofford,Wofford College,token_key,low,2,9,False,True,True,,
C0741,World Wildlife Fund - Australia,7,delegates; delegates_raw; delegates_sanitized; emissions; geocode_overrides,World Wildlife Fund - Australia,World Wildlife Fund - Australia,world wildlife fund - australia,australia fund wildlife world,World Wildlife Fund - Australia,token_key,low,2,9,False,True,True,,
C0741,"World Wildlife Fund - Australia, Australia",2,delegates; delegates_raw,World Wildlife Fund - Australia,World Wildlife Fund - Australia,world wildlife fund - australia,australia fund wildlife world,World Wildlife Fund - Australia,token_key,low,2,9,False,True,True,,
C0086,KUPA - Hoala Kealakekua Nui,3,emissions; map_locations,KUPA - Hoala Kealakekua Nui,KUPA - Hoala Kealakekua Nui,kupa - hoala kealakekua nui,hoala kealakekua kupa nui,KUPA - Ho’āla Kealakekua Nui,token_key,high,3,8,True,True,True,,
C0086,KUPA - Ho’āla Kealakekua Nui,3,delegates; delegates_raw; delegates_sanitized,KUPA - Ho’āla Kealakekua Nui,KUPA - Ho’āla Kealakekua Nui,kupa - hoala kealakekua nui,hoala kealakekua kupa nui,KUPA - Ho’āla Kealakekua Nui,token_key,high,3,8,True,True,True,,
C0086,"KUPA - Ho’āla Kealakekua Nui, United States",2,delegates; delegates_raw,KUPA - Ho’āla Kealakekua Nui,KUPA - Ho’āla Kealakekua Nui,kupa - hoala kealakekua nui,hoala kealakekua kupa nui,KUPA - Ho’āla Kealakekua Nui,token_key,high,3,8,True,True,True,,
C0103,the Nature Conservancy Virgin Islands (U.S.),5,emissions; map_locations,the Nature Conservancy Virgin Islands (U.S.),the Nature Conservancy Virgin Islands (U.S.),the nature conservancy virgin islands (u.s.),conservancy islands nature s u virgin,the Nature Conservancy Virgin Islands (U.S.),token_key,low,3,8,True,True,True,,
C0103,The Nature Conservancy Virgin Islands (U.S.),2,delegates; delegates_sanitized,The Nature Conservancy Virgin Islands (U.S.),The Nature Conservancy Virgin Islands (U.S.),the nature conservancy virgin islands (u.s.),conservancy islands nature s u virgin,the Nature Conservancy Virgin Islands (U.S.),token_key,low,3,8,True,True,True,,
C0103,"The Nature Conservancy Virgin Islands (U.S.), Hong Kong",1,delegates,The Nature Conservancy Virgin Islands (U.S.),The Nature Conservancy Virgin Islands (U.S.),the nature conservancy virgin islands (u.s.),conservancy islands nature s u virgin,the Nature Conservancy Virgin Islands (U.S.),token_key,low,3,8,True,True,True,,
C0119,University of Hawai'i - Maui College,5,delegates; delegates_raw; delegates_sanitized; emissions,University of Hawai'i - Maui College,University of Hawai'i - Maui College,university of hawaii - maui college,college hawaii maui university,University of Hawaiʻi - Maui College,token_key,high,3,8,True,False,True,,
C0119,"University of Hawai'i - Maui College, United States",2,delegates; delegates_raw,University of Hawai'i - Maui College,University of Hawai'i - Maui College,university of hawaii - maui college,college hawaii maui university,University of Hawaiʻi - Maui College,token_key,high,3,8,True,False,True,,
C0119,University of Hawaiʻi - Maui College,1,geocode_overrides,University of Hawaiʻi - Maui College,University of Hawaiʻi - Maui College,university of hawaii - maui college,college hawaii maui university,University of Hawaiʻi - Maui College,token_key,high,3,8,True,False,True,,
C0157,"Biodiversity Research Center, Academia Sinica",5,map_locations; talks,"Biodiversity Research Center, Academia Sinica","Biodiversity Research Center, Academia Sinica","biodiversity research center, academia sinica",academia biodiversity center research sinica,"Biodiversity Research Center, Academia Sinica",token_key,low,2,8,False,True,True,,
C0157,"Biodiversity Research Center,  Academia Sinica",3,geocode_cache; speaker_profiles; speaker_profiles_cache,"Biodiversity Research Center, Academia Sinica","Biodiversity Research Center, Academia Sinica","biodiversity research center, academia sinica",academia biodiversity center research sinica,"Biodiversity Research Center, Academia Sinica",token_key,low,2,8,False,True,True,,
C0209,Coral Restoration Consortium Sint Maarten,7,delegates; delegates_sanitized; emissions; map_locations,Coral Restoration Consortium Sint Maarten,Coral Restoration Consortium Sint Maarten,coral restoration consortium sint maarten,consortium coral maarten restoration sint,Coral Restoration Consortium Sint Maarten,token_key,low,2,8,False,True,True,,
C0209,"Coral Restoration Consortium Sint Maarten, Saudi Arabia",1,delegates,Coral Restoration Consortium Sint Maarten,Coral Restoration Consortium Sint Maarten,coral restoration consortium sint maarten,consortium coral maarten restoration sint,Coral Restoration Consortium Sint Maarten,token_key,low,2,8,False,True,True,,
C0239,Early Careers,6,delegates; delegates_raw; delegates_sanitized; emissions; map_locations,Early Careers,Early Careers,early careers,careers early,Early Careers,token_key,low,2,8,False,True,True,,
C0239,"Early Careers, United Kingdom",2,delegates; delegates_raw,Early Careers,Early Careers,early careers,careers early,Early Careers,token_key,low,2,8,False,True,True,,
C0336,Israel Oceanographic and Limnological Research,7,delegates; delegates_sanitized; emissions; map_locations,Israel Oceanographic and Limnological Research,Israel Oceanographic and Limnological Research,israel oceanographic and limnological research,israel limnological oceanographic research,Israel Oceanographic and Limnological Research,token_key,low,2,8,False,True,True,,
C0336,"Israel Oceanographic and Limnological Research, Israel",1,delegates,Israel Oceanographic and Limnological Research,Israel Oceanographic and Limnological Research,israel oceanographic and limnological research,israel limnological oceanographic research,Israel Oceanographic and Limnological Research,token_key,low,2,8,False,True,True,,
C0345,Johnston Applied Marine Sciences/University of Northern Mariana Amsterdam Islands,7,delegates; delegates_sanitized; emissions; map_locations,Johnston Applied Marine Sciences/University of Northern Mariana Amsterdam Islands,Johnston Applied Marine Sciences/University of Northern Mariana Amsterdam Islands,johnston applied marine sciences/university of northern mariana amsterdam islands,amsterdam applied islands johnston mariana marine northern sciences university,Johnston Applied Marine Sciences/University of Northern Mariana Amsterdam Islands,token_key,low,2,8,False,True,True,,
C0345,"Johnston Applied Marine Sciences/University of Northern Mariana Amsterdam Islands, United States",1,delegates,Johnston Applied Marine Sciences/University of Northern Mariana Amsterdam Islands,Johnston Applied Marine Sciences/University of Northern Mariana Amsterdam Islands,johnston applied marine sciences/university of northern mariana amsterdam islands,amsterdam applied islands johnston mariana marine northern sciences university,Johnston Applied Marine Sciences/University of Northern Mariana Amsterdam Islands,token_key,low,2,8,False,True,True,,
C0365,Land and Sea Advisory,6,delegates; delegates_raw; delegates_sanitized; emissions; map_locations,Land and Sea Advisory,Land and Sea Advisory,land and sea advisory,advisory land sea,Land and Sea Advisory,token_key,low,2,8,False,True,True,,
C0365,"Land and Sea Advisory, Australia",2,delegates; delegates_raw,Land and Sea Advisory,Land and Sea Advisory,land and sea advisory,advisory land sea,Land and Sea Advisory,token_key,low,2,8,False,True,True,,
C0393,Mars Sustainable Solutions,6,delegates; delegates_raw; delegates_sanitized; emissions; map_locations,Mars Sustainable Solutions,Mars Sustainable Solutions,mars sustainable solutions,mars solutions sustainable,Mars Sustainable Solutions,token_key,low,2,8,False,True,True,,
C0393,"Mars Sustainable Solutions, Australia",2,delegates; delegates_raw,Mars Sustainable Solutions,Mars Sustainable Solutions,mars sustainable solutions,mars solutions sustainable,Mars Sustainable Solutions,token_key,low,2,8,False,True,True,,
C0408,Ministry of Environment and Natural Resources - Dominican Republic,6,delegates; delegates_raw; delegates_sanitized; emissions; map_locations,Ministry of Environment and Natural Resources - Dominican Republic,Ministry of Environment and Natural Resources - Dominican Republic,ministry of environment and natural resources - dominican republic,dominican environment ministry natural republic resources,Ministry of Environment and Natural Resources - Dominican Republic,token_key,low,2,8,False,True,True,,
C0408,"Ministry of Environment and Natural Resources - Dominican Republic, Dominican Republic",2,delegates; delegates_raw,Ministry of Environment and Natural Resources - Dominican Republic,Ministry of Environment and Natural Resources - Dominican Republic,ministry of environment and natural resources - dominican republic,dominican environment ministry natural republic resources,Ministry of Environment and Natural Resources - Dominican Republic,token_key,low,2,8,False,True,True,,
C0430,National Geographic Pristine Seas,6,delegates; delegates_raw; delegates_sanitized; emissions; map_locations,National Geographic Pristine Seas,National Geographic Pristine Seas,national geographic pristine seas,geographic national pristine seas,National Geographic Pristine Seas,token_key,low,2,8,False,True,True,,
C0430,"National Geographic Pristine Seas, United States",2,delegates; delegates_raw,National Geographic Pristine Seas,National Geographic Pristine Seas,national geographic pristine seas,geographic national pristine seas,National Geographic Pristine Seas,token_key,low,2,8,False,True,True,,
C0433,National Marine Biodiversity Institute of Korea South Korea,7,delegates; delegates_sanitized; emissions; map_locations,National Marine Biodiversity Institute of Korea South Korea,National Marine Biodiversity Institute of Korea South Korea,national marine biodiversity institute of korea south korea,biodiversity institute korea korea marine national south,National Marine Biodiversity Institute of Korea South Korea,token_key,low,2,8,False,True,True,,
C0433,"National Marine Biodiversity Institute of Korea South Korea, Italy",1,delegates,National Marine Biodiversity Institute of Korea South Korea,National Marine Biodiversity Institute of Korea South Korea,national marine biodiversity institute of korea south korea,biodiversity institute korea korea marine national south,National Marine Biodiversity Institute of Korea South Korea,token_key,low,2,8,False,True,True,,
C0466,Ocean Futures Group,6,delegates; delegates_raw; delegates_sanitized; emissions; map_locations,Ocean Futures Group,Ocean Futures Group,ocean futures group,futures group ocean,Ocean Futures Group,token_key,low,2,8,False,True,True,,
C0466,"Ocean Futures Group, Australia",2,delegates; delegates_raw,Ocean Futures Group,Ocean Futures Group,ocean futures group,futures group ocean,Ocean Futures Group,token_key,low,2,8,False,True,True,,
C0497,Puipikak Malu Indigenous Corporation,6,delegates; delegates_raw; delegates_sanitized; emissions; map_locations,Puipikak Malu Indigenous Corporation,Puipikak Malu Indigenous Corporation,puipikak malu indigenous corporation,corporation indigenous malu puipikak,Puipikak Malu Indigenous Corporation,token_key,low,2,8,False,True,True,,
C0497,"Puipikak Malu Indigenous Corporation, Australia",2,delegates; delegates_raw,Puipikak Malu Indigenous Corporation,Puipikak Malu Indigenous Corporation,puipikak malu indigenous corporation,corporation indigenous malu puipikak,Puipikak Malu Indigenous Corporation,token_key,low,2,8,False,True,True,,
C0516,Reef Song,6,delegates; delegates_raw; delegates_sanitized; emissions; map_locations,Reef Song,Reef Song,reef song,reef song,Reef Song,token_key,low,2,8,False,True,True,,
C0516,"Reef Song, Australia",2,delegates; delegates_raw,Reef Song,Reef Song,reef song,reef song,Reef Song,token_key,low,2,8,False,True,True,,
C0588,Tonga Ministry of Fisheries,6,delegates; delegates_raw; delegates_sanitized; emissions; map_locations,Tonga Ministry of Fisheries,Tonga Ministry of Fisheries,tonga ministry of fisheries,fisheries ministry tonga,Tonga Ministry of Fisheries,token_key,low,2,8,False,True,True,,
C0588,"Tonga Ministry of Fisheries, Tonga",2,delegates; delegates_raw,Tonga Ministry of Fisheries,Tonga Ministry of Fisheries,tonga ministry of fisheries,fisheries ministry tonga,Tonga Ministry of Fisheries,token_key,low,2,8,False,True,True,,
C0685,University of Salzburg,7,delegates; delegates_sanitized; emissions; map_locations,University of Salzburg,University of Salzburg,university of salzburg,salzburg university,University of Salzburg,token_key,low,2,8,False,True,True,,
C0685,"University of Salzburg, Denmark",1,delegates,University of Salzburg,University of Salzburg,university of salzburg,salzburg university,University of Salzburg,token_key,low,2,8,False,True,True,,
C0733,Windward Community College,6,delegates; delegates_raw; delegates_sanitized; emissions; geocode_overrides,Windward Community College,Windward Community College,windward community college,college community windward,Windward Community College,token_key,low,2,8,False,True,True,,
C0733,"Windward Community College, United States",2,delegates; delegates_raw,Windward Community College,Windward Community College,windward community college,college community windward,Windward Community College,token_key,low,2,8,False,True,True,,
C0084,Kōrero O Te 'Ōrau,3,delegates; delegates_raw; delegates_sanitized,Kōrero O Te 'Ōrau,Kōrero O Te 'Ōrau,korero o te orau,korero o orau te,Kōrero O Te 'Ōrau,token_key,high,3,7,True,True,True,,
C0084,Korero O Te 'Orau,2,emissions,Korero O Te 'Orau,Korero O Te 'Orau,korero o te orau,korero o orau te,Kōrero O Te 'Ōrau,token_key,high,3,7,True,True,True,,
C0084,"Kōrero O Te 'Ōrau, Cook Islands",2,delegates; delegates_raw,Kōrero O Te 'Ōrau,Kōrero O Te 'Ōrau,korero o te orau,korero o orau te,Kōrero O Te 'Ōrau,token_key,high,3,7,True,True,True,,
C0093,Paepae o Heʻeia,3,delegates; delegates_raw; delegates_sanitized,Paepae o Heʻeia,Paepae o Heʻeia,paepae o heeia,heeia o paepae,Paepae o Heʻeia,token_key,high,3,7,True,True,True,,
C0093,Paepae o Heeia,2,emissions,Paepae o Heeia,Paepae o Heeia,paepae o heeia,heeia o paepae,Paepae o Heʻeia,token_key,high,3,7,True,True,True,,
C0093,"Paepae o Heʻeia, United States",2,delegates; delegates_raw,Paepae o Heʻeia,Paepae o Heʻeia,paepae o heeia,heeia o paepae,Paepae o Heʻeia,token_key,high,3,7,True,True,True,,
C0100,The Nature Conservancy - Reef Resilience Network,3,delegates; delegates_raw; delegates_sanitized,The Nature Conservancy - Reef Resilience Network,The Nature Conservancy - Reef Resilience Network,the nature conservancy - reef resilience network,conservancy nature network reef resilience,The Nature Conservancy - Reef Resilience Network,token_key,high,3,7,True,True,True,,
C0100,"The Nature Conservancy - Reef Resilience Network, United States",2,delegates; delegates_raw,The Nature Conservancy - Reef Resilience Network,The Nature Conservancy - Reef Resilience Network,the nature conservancy - reef resilience network,conservancy nature network reef resilience,The Nature Conservancy - Reef Resilience Network,token_key,high,3,7,True,True,True,,
C0100,the Nature Conservancy - Reef Resilience Network,2,emissions,the Nature Conservancy - Reef Resilience Network,the Nature Conservancy - Reef Resilience Network,the nature conservancy - reef resilience network,conservancy nature network reef resilience,The Nature Conservancy - Reef Resilience Network,token_key,high,3,7,True,True,True,,
C0102,The Nature Conservancy Papua New,3,delegates; delegates_raw; delegates_sanitized,The Nature Conservancy Papua New,The Nature Conservancy Papua New,the nature conservancy papua new,conservancy nature new papua,The Nature Conservancy Papua New,token_key,low,3,7,True,True,True,,
C0102,"The Nature Conservancy Papua New, Guinea",2,delegates; delegates_raw,The Nature Conservancy Papua New,The Nature Conservancy Papua New,the nature conservancy papua new,conservancy nature new papua,The Nature Conservancy Papua New,token_key,low,3,7,True,True,True,,
C0102,the Nature Conservancy Papua New,2,emissions,the Nature Conservancy Papua New,the Nature Conservancy Papua New,the nature conservancy papua new,conservancy nature new papua,The Nature Conservancy Papua New,token_key,low,3,7,True,True,True,,
C0127,.,5,delegates; delegates_raw; delegates_sanitized; emissions,.,.,.,,.,token_key,low,2,7,False,True,True,,
C0127,"., New Zealand",2,delegates; delegates_raw,.,.,.,,.,token_key,low,2,7,False,True,True,,
C0129,"A*Star-Agency for Science, Technology and Research",5,delegates; delegates_raw; delegates_sanitized; emissions,"A*Star-Agency for Science, Technology and Research","A*Star-Agency for Science, Technology and Research","a*star-agency for science, technology and research",a agency research science star technology,"A*Star-Agency for Science, Technology and Research",token_key,low,2,7,False,True,True,,
C0129,"A*Star-Agency for Science, Technology and Research, Singapore",2,delegates; delegates_raw,"A*Star-Agency for Science, Technology and Research","A*Star-Agency for Science, Technology and Research","a*star-agency for science, technology and research",a agency research science star technology,"A*Star-Agency for Science, Technology and Research",token_key,low,2,7,False,True,True,,
C0132,Adam Mickiewicz University,5,delegates; delegates_raw; delegates_sanitized; emissions,Adam Mickiewicz University,Adam Mickiewicz University,adam mickiewicz university,adam mickiewicz university,Adam Mickiewicz University,token_key,low,2,7,False,True,True,,
C0132,"Adam Mickiewicz University, Poland",2,delegates; delegates_raw,Adam Mickiewicz University,Adam Mickiewicz University,adam mickiewicz university,adam mickiewicz university,Adam Mickiewicz University,token_key,low,2,7,False,True,True,,
C0135,Africa Ocean Alliance,5,delegates; delegates_raw; delegates_sanitized; emissions,Africa Ocean Alliance,Africa Ocean Alliance,africa ocean alliance,africa alliance ocean,Africa Ocean Alliance,token_key,low,2,7,False,True,True,,
C0135,"Africa Ocean Alliance, Ghana",2,delegates; delegates_raw,Africa Ocean Alliance,Africa Ocean Alliance,africa ocean alliance,africa alliance ocean,Africa Ocean Alliance,token_key,low,2,7,False,True,True,,
C0137,Altasea,5,delegates; delegates_raw; delegates_sanitized; emissions,Altasea,Altasea,altasea,altasea,Altasea,token_key,low,2,7,False,True,True,,
C0137,"Altasea, United States",2,delegates; delegates_raw,Altasea,Altasea,altasea,altasea,Altasea,token_key,low,2,7,False,True,True,,
C0139,American Samoa Government,5,delegates; delegates_raw; delegates_sanitized; emissions,American Samoa Government,American Samoa Government,american samoa government,american government samoa,American Samoa Government,token_key,low,2,7,False,True,True,,
C0139,"American Samoa Government, American Samoa",2,delegates; delegates_raw,American Samoa Government,American Samoa Government,american samoa government,american government samoa,American Samoa Government,token_key,low,2,7,False,True,True,,
C0140,American University,5,delegates; delegates_raw; delegates_sanitized; emissions,American University,American University,american university,american university,American University,token_key,low,2,7,False,True,True,,
C0140,"American University, United States",2,delegates; delegates_raw,American University,American University,american university,american university,American University,token_key,low,2,7,False,True,True,,
C0158,Bloomberg Ocean Fund,5,delegates; delegates_raw; delegates_sanitized; emissions,Bloomberg Ocean Fund,Bloomberg Ocean Fund,bloomberg ocean fund,bloomberg fund ocean,Bloomberg Ocean Fund,token_key,low,2,7,False,True,True,,
C0158,"Bloomberg Ocean Fund, United States",2,delegates; delegates_raw,Bloomberg Ocean Fund,Bloomberg Ocean Fund,bloomberg ocean fund,bloomberg fund ocean,Bloomberg Ocean Fund,token_key,low,2,7,False,True,True,,
C0166,Bpp,5,delegates; delegates_raw; delegates_sanitized; emissions,Bpp,Bpp,bpp,bpp,Bpp,token_key,low,2,7,False,True,True,,
C0166,"Bpp, United Kingdom",2,delegates; delegates_raw,Bpp,Bpp,bpp,bpp,Bpp,token_key,low,2,7,False,True,True,,
C0171,Byoguides,5,delegates; delegates_raw; delegates_sanitized; emissions,Byoguides,Byoguides,byoguides,byoguides,Byoguides,token_key,low,2,7,False,True,True,,
C0171,"Byoguides, Australia",2,delegates; delegates_raw,Byoguides,Byoguides,byoguides,byoguides,Byoguides,token_key,low,2,7,False,True,True,,
C0181,Central Provincial Administrations Papua New,5,delegates; delegates_raw; delegates_sanitized; emissions,Central Provincial Administrations Papua New,Central Provincial Administrations Papua New,central provincial administrations papua new,administrations central new papua provincial,Central Provincial Administrations Papua New,token_key,low,2,7,False,True,True,,
C0181,"Central Provincial Administrations Papua New, Guinea",2,delegates; delegates_raw,Central Provincial Administrations Papua New,Central Provincial Administrations Papua New,central provincial administrations papua new,administrations central new papua provincial,Central Provincial Administrations Papua New,token_key,low,2,7,False,True,True,,
C0191,Civil Society Forum of Tonga,5,delegates; delegates_raw; delegates_sanitized; emissions,Civil Society Forum of Tonga,Civil Society Forum of Tonga,civil society forum of tonga,civil forum society tonga,Civil Society Forum of Tonga,token_key,low,2,7,False,True,True,,
C0191,"Civil Society Forum of Tonga, Tonga",2,delegates; delegates_raw,Civil Society Forum of Tonga,Civil Society Forum of Tonga,civil society forum of tonga,civil forum society tonga,Civil Society Forum of Tonga,token_key,low,2,7,False,True,True,,
C0195,Coastal and Marine Resource Development,5,delegates; delegates_raw; delegates_sanitized; emissions,Coastal and Marine Resource Development,Coastal and Marine Resource Development,coastal and marine resource development,coastal development marine resource,Coastal and Marine Resource Development,token_key,low,2,7,False,True,True,,
C0195,"Coastal and Marine Resource Development, Kenya",2,delegates; delegates_raw,Coastal and Marine Resource Development,Coastal and Marine Resource Development,coastal and marine resource development,coastal development marine resource,Coastal and Marine Resource Development,token_key,low,2,7,False,True,True,,
C0215,Coralition for Concerned Polyps,5,delegates; delegates_raw; delegates_sanitized; emissions,Coralition for Concerned Polyps,Coralition for Concerned Polyps,coralition for concerned polyps,concerned coralition polyps,Coralition for Concerned Polyps,token_key,low,2,7,False,True,True,,
C0215,"Coralition for Concerned Polyps, United States",2,delegates; delegates_raw,Coralition for Concerned Polyps,Coralition for Concerned Polyps,coralition for concerned polyps,concerned coralition polyps,Coralition for Concerned Polyps,token_key,low,2,7,False,True,True,,
C0225,Cut the Mustard Ltd.,5,delegates; delegates_raw; delegates_sanitized; emissions,Cut the Mustard Ltd.,Cut the Mustard Ltd.,cut the mustard ltd.,cut ltd mustard,Cut the Mustard Ltd.,token_key,low,2,7,False,True,True,,
C0225,"Cut the Mustard Ltd., New Zealand",2,delegates; delegates_raw,Cut the Mustard Ltd.,Cut the Mustard Ltd.,cut the mustard ltd.,cut ltd mustard,Cut the Mustard Ltd.,token_key,low,2,7,False,True,True,,
C0234,Disaster Risk Reduction Center Universitas Indonesia,5,delegates; delegates_raw; delegates_sanitized; emissions,Disaster Risk Reduction Center Universitas Indonesia,Disaster Risk Reduction Center Universitas Indonesia,disaster risk reduction center universitas indonesia,center disaster indonesia reduction risk universitas,Disaster Risk Reduction Center Universitas Indonesia,token_key,low,2,7,False,True,True,,
C0234,"Disaster Risk Reduction Center Universitas Indonesia, Indonesia",2,delegates; delegates_raw,Disaster Risk Reduction Center Universitas Indonesia,Disaster Risk Reduction Center Universitas Indonesia,disaster risk reduction center universitas indonesia,center disaster indonesia reduction risk universitas,Disaster Risk Reduction Center Universitas Indonesia,token_key,low,2,7,False,True,True,,
C0236,Drawaqa Marine Conservation Trust,5,delegates; delegates_raw; delegates_sanitized; emissions,Drawaqa Marine Conservation Trust,Drawaqa Marine Conservation Trust,drawaqa marine conservation trust,conservation drawaqa marine trust,Drawaqa Marine Conservation Trust,token_key,low,2,7,False,True,True,,
C0236,"Drawaqa Marine Conservation Trust, Fiji",2,delegates; delegates_raw,Drawaqa Marine Conservation Trust,Drawaqa Marine Conservation Trust,drawaqa marine conservation trust,conservation drawaqa marine trust,Drawaqa Marine Conservation Trust,token_key,low,2,7,False,True,True,,
C0271,Foreign Commonwealth Development Office,5,delegates; delegates_raw; delegates_sanitized; emissions,Foreign Commonwealth Development Office,Foreign Commonwealth Development Office,foreign commonwealth development office,commonwealth development foreign office,Foreign Commonwealth Development Office,token_key,low,2,7,False,True,True,,
C0271,"Foreign Commonwealth Development Office, Fiji",2,delegates; delegates_raw,Foreign Commonwealth Development Office,Foreign Commonwealth Development Office,foreign commonwealth development office,commonwealth development foreign office,Foreign Commonwealth Development Office,token_key,low,2,7,False,True,True,,
C0278,GIS and Spatial Ecology Lab,5,delegates; delegates_raw; delegates_sanitized; emissions,GIS and Spatial Ecology Lab,GIS and Spatial Ecology Lab,gis and spatial ecology lab,ecology gis lab spatial,GIS and Spatial Ecology Lab,token_key,low,2,7,False,True,True,,
C0278,"GIS and Spatial Ecology Lab, United States",2,delegates; delegates_raw,GIS and Spatial Ecology Lab,GIS and Spatial Ecology Lab,gis and spatial ecology lab,ecology gis lab spatial,GIS and Spatial Ecology Lab,token_key,low,2,7,False,True,True,,
C0286,Grow Reefs,5,delegates; delegates_raw; delegates_sanitized; emissions,Grow Reefs,Grow Reefs,grow reefs,grow reefs,Grow Reefs,token_key,low,2,7,False,True,True,,
C0286,"Grow Reefs, United States",2,delegates; delegates_raw,Grow Reefs,Grow Reefs,grow reefs,grow reefs,Grow Reefs,token_key,low,2,7,False,True,True,,
C0332,International Coral Reef Society,5,delegates; delegates_raw; delegates_sanitized; emissions,International Coral Reef Society,International Coral Reef Society,international coral reef society,coral international reef society,International Coral Reef Society,token_key,low,2,7,False,True,True,,
C0332,"International Coral Reef Society, United States",2,delegates; delegates_raw,International Coral Reef Society,International Coral Reef Society,international coral reef society,coral international reef society,International Coral Reef Society,token_key,low,2,7,False,True,True,,
C0350,Kanaloa,5,delegates; delegates_raw; delegates_sanitized; emissions,Kanaloa,Kanaloa,kanaloa,kanaloa,Kanaloa,token_key,low,2,7,False,True,True,,
C0350,"Kanaloa, United Kingdom",2,delegates; delegates_raw,Kanaloa,Kanaloa,kanaloa,kanaloa,Kanaloa,token_key,low,2,7,False,True,True,,
C0362,Kuleana Coral Restoration,5,delegates; delegates_raw; delegates_sanitized; emissions,Kuleana Coral Restoration,Kuleana Coral Restoration,kuleana coral restoration,coral kuleana restoration,Kuleana Coral Restoration,token_key,low,2,7,False,True,True,,
C0362,"Kuleana Coral Restoration, United States",2,delegates; delegates_raw,Kuleana Coral Restoration,Kuleana Coral Restoration,kuleana coral restoration,coral kuleana restoration,Kuleana Coral Restoration,token_key,low,2,7,False,True,True,,
C0366,Leclercq,5,delegates; delegates_raw; delegates_sanitized; emissions,Leclercq,Leclercq,leclercq,leclercq,Leclercq,token_key,low,2,7,False,True,True,,
C0366,"Leclercq, Canada",2,delegates; delegates_raw,Leclercq,Leclercq,leclercq,leclercq,Leclercq,token_key,low,2,7,False,True,True,,
C0370,LMMA Network,5,delegates; delegates_raw; delegates_sanitized; emissions,LMMA Network,LMMA Network,lmma network,lmma network,LMMA Network,token_key,low,2,7,False,True,True,,
C0370,"LMMA Network, Fiji",2,delegates; delegates_raw,LMMA Network,LMMA Network,lmma network,lmma network,LMMA Network,token_key,low,2,7,False,True,True,,
C0378,Madagascar National Parks,5,delegates; delegates_raw; delegates_sanitized; emissions,Madagascar National Parks,Madagascar National Parks,madagascar national parks,madagascar national parks,Madagascar National Parks,token_key,low,2,7,False,True,True,,
C0378,"Madagascar National Parks, Madagascar",2,delegates; delegates_raw,Madagascar National Parks,Madagascar National Parks,madagascar national parks,madagascar national parks,Madagascar National Parks,token_key,low,2,7,False,True,True,,
C0382,Mana Island Resort Fiji,5,delegates; delegates_raw; delegates_sanitized; emissions,Mana Island Resort Fiji,Mana Island Resort Fiji,mana island resort fiji,fiji island mana resort,Mana Island Resort Fiji,token_key,low,2,7,False,True,True,,
C0382,"Mana Island Resort Fiji, Fiji",2,delegates; delegates_raw,Mana Island Resort Fiji,Mana Island Resort Fiji,mana island resort fiji,fiji island mana resort,Mana Island Resort Fiji,token_key,low,2,7,False,True,True,,
C0388,Marine Ecology Consulting,5,delegates; delegates_raw; delegates_sanitized; emissions,Marine Ecology Consulting,Marine Ecology Consulting,marine ecology consulting,consulting ecology marine,Marine Ecology Consulting,token_key,low,2,7,False,True,True,,
C0388,"Marine Ecology Consulting, Fiji",2,delegates; delegates_raw,Marine Ecology Consulting,Marine Ecology Consulting,marine ecology consulting,consulting ecology marine,Marine Ecology Consulting,token_key,low,2,7,False,True,True,,
C0394,Marshall Islands Conservation Society,5,delegates; delegates_raw; delegates_sanitized; emissions,Marshall Islands Conservation Society,Marshall Islands Conservation Society,marshall islands conservation society,conservation islands marshall society,Marshall Islands Conservation Society,token_key,low,2,7,False,True,True,,
C0394,"Marshall Islands Conservation Society, Marshall Islands",2,delegates; delegates_raw,Marshall Islands Conservation Society,Marshall Islands Conservation Society,marshall islands conservation society,conservation islands marshall society,Marshall Islands Conservation Society,token_key,low,2,7,False,True,True,,
C0407,"Ministry of Agriculture, Fisheries and Environment - Palau",5,delegates; delegates_raw; delegates_sanitized; emissions,"Ministry of Agriculture, Fisheries and Environment - Palau","Ministry of Agriculture, Fisheries and Environment - Palau","ministry of agriculture, fisheries and environment - palau",agriculture environment fisheries ministry palau,"Ministry of Agriculture, Fisheries and Environment - Palau",token_key,low,2,7,False,True,True,,
C0407,"Ministry of Agriculture, Fisheries and Environment - Palau, Palau",2,delegates; delegates_raw,"Ministry of Agriculture, Fisheries and Environment - Palau","Ministry of Agriculture, Fisheries and Environment - Palau","ministry of agriculture, fisheries and environment - palau",agriculture environment fisheries ministry palau,"Ministry of Agriculture, Fisheries and Environment - Palau",token_key,low,2,7,False,True,True,,
C0410,Ministry of MEIDECC,5,delegates; delegates_raw; delegates_sanitized; emissions,Ministry of MEIDECC,Ministry of MEIDECC,ministry of meidecc,meidecc ministry,Ministry of MEIDECC,token_key,low,2,7,False,True,True,,
C0410,"Ministry of MEIDECC, Tonga",2,delegates; delegates_raw,Ministry of MEIDECC,Ministry of MEIDECC,ministry of meidecc,meidecc ministry,Ministry of MEIDECC,token_key,low,2,7,False,True,True,,
C0423,National Academy of Marine Research,5,delegates; delegates_raw; delegates_sanitized; emissions,National Academy of Marine Research,National Academy of Marine Research,national academy of marine research,academy marine national research,National Academy of Marine Research,token_key,low,2,7,False,True,True,,
C0423,"National Academy of Marine Research, Taiwan",2,delegates; delegates_raw,National Academy of Marine Research,National Academy of Marine Research,national academy of marine research,academy marine national research,National Academy of Marine Research,token_key,low,2,7,False,True,True,,
C0469,Ocean Toa,5,delegates; delegates_raw; delegates_sanitized; emissions,Ocean Toa,Ocean Toa,ocean toa,ocean toa,Ocean Toa,token_key,low,2,7,False,True,True,,
C0469,"Ocean Toa, Cook Islands",2,delegates; delegates_raw,Ocean Toa,Ocean Toa,ocean toa,ocean toa,Ocean Toa,token_key,low,2,7,False,True,True,,
C0485,Palau Governors Association,5,delegates; delegates_raw; delegates_sanitized; emissions,Palau Governors Association,Palau Governors Association,palau governors association,association governors palau,Palau Governors Association,token_key,low,2,7,False,True,True,,
C0485,"Palau Governors Association, Palau",2,delegates; delegates_raw,Palau Governors Association,Palau Governors Association,palau governors association,association governors palau,Palau Governors Association,token_key,low,2,7,False,True,True,,
C0499,Qubit Systems Inc.,5,delegates; delegates_raw; delegates_sanitized; emissions,Qubit Systems Inc.,Qubit Systems Inc.,qubit systems inc.,inc qubit systems,Qubit Systems Inc.,token_key,low,2,7,False,True,True,,
C0499,"Qubit Systems Inc., Canada",2,delegates; delegates_raw,Qubit Systems Inc.,Qubit Systems Inc.,qubit systems inc.,inc qubit systems,Qubit Systems Inc.,token_key,low,2,7,False,True,True,,
C0534,Sea Grant American,5,delegates; delegates_raw; delegates_sanitized; emissions,Sea Grant American,Sea Grant American,sea grant american,american grant sea,Sea Grant American,token_key,low,2,7,False,True,True,,
C0534,"Sea Grant American, Samoa",2,delegates; delegates_raw,Sea Grant American,Sea Grant American,sea grant american,american grant sea,Sea Grant American,token_key,low,2,7,False,True,True,,
C0556,Southern Cross University & Lizard Isalnd Research Station,4,map_locations; talks,Southern Cross University & Lizard Isalnd Research Station,Southern Cross University & Lizard Isalnd Research Station,southern cross university & lizard isalnd research station,cross isalnd lizard research southern station university,Southern Cross University & Lizard Isalnd Research Station,token_key,low,2,7,False,True,True,,
C0556,Southern Cross University &  Lizard Isalnd Research Station,3,geocode_cache; speaker_profiles; speaker_profiles_cache,Southern Cross University & Lizard Isalnd Research Station,Southern Cross University & Lizard Isalnd Research Station,southern cross university & lizard isalnd research station,cross isalnd lizard research southern station university,Southern Cross University & Lizard Isalnd Research Station,token_key,low,2,7,False,True,True,,
C0557,Southern Environmental Association,5,delegates; delegates_raw; delegates_sanitized; emissions,Southern Environmental Association,Southern Environmental Association,southern environmental association,association environmental southern,Southern Environmental Association,token_key,low,2,7,False,True,True,,
C0557,"Southern Environmental Association, Belize",2,delegates; delegates_raw,Southern Environmental Association,Southern Environmental Association,southern environmental association,association environmental southern,Southern Environmental Association,token_key,low,2,7,False,True,True,,
C0573,Taupulega Fakaofo,5,delegates; delegates_raw; delegates_sanitized; emissions,Taupulega Fakaofo,Taupulega Fakaofo,taupulega fakaofo,fakaofo taupulega,Taupulega Fakaofo,token_key,low,2,7,False,True,True,,
C0573,"Taupulega Fakaofo, Tokelau",2,delegates; delegates_raw,Taupulega Fakaofo,Taupulega Fakaofo,taupulega fakaofo,fakaofo taupulega,Taupulega Fakaofo,token_key,low,2,7,False,True,True,,
C0576,TerraCarbon LLC,5,delegates; delegates_raw; delegates_sanitized; emissions,TerraCarbon LLC,TerraCarbon LLC,terracarbon llc,llc terracarbon,TerraCarbon LLC,token_key,low,2,7,False,True,True,,
C0576,"TerraCarbon LLC, United States",2,delegates; delegates_raw,TerraCarbon LLC,TerraCarbon LLC,terracarbon llc,llc terracarbon,TerraCarbon LLC,token_key,low,2,7,False,True,True,,
C0585,"Tokelau Ministry of Climate, Ocean and Resilience",5,delegates; delegates_raw; delegates_sanitized; emissions,"Tokelau Ministry of Climate, Ocean and Resilience","Tokelau Ministry of Climate, Ocean and Resilience","tokelau ministry of climate, ocean and resilience",climate ministry ocean resilience tokelau,"Tokelau Ministry of Climate, Ocean and Resilience",token_key,low,2,7,False,True,True,,
C0585,"Tokelau Ministry of Climate, Ocean and Resilience, Tokelau",2,delegates; delegates_raw,"Tokelau Ministry of Climate, Ocean and Resilience","Tokelau Ministry of Climate, Ocean and Resilience","tokelau ministry of climate, ocean and resilience",climate ministry ocean resilience tokelau,"Tokelau Ministry of Climate, Ocean and Resilience",token_key,low,2,7,False,True,True,,
C0590,Tubbataha Reefs Natural Park and World Heritage Site,5,delegates; delegates_raw; delegates_sanitized; emissions,Tubbataha Reefs Natural Park and World Heritage Site,Tubbataha Reefs Natural Park and World Heritage Site,tubbataha reefs natural park and world heritage site,heritage natural park reefs site tubbataha world,Tubbataha Reefs Natural Park and World Heritage Site,token_key,low,2,7,False,True,True,,
C0590,"Tubbataha Reefs Natural Park and World Heritage Site, Philippines",2,delegates; delegates_raw,Tubbataha Reefs Natural Park and World Heritage Site,Tubbataha Reefs Natural Park and World Heritage Site,tubbataha reefs natural park and world heritage site,heritage natural park reefs site tubbataha world,Tubbataha Reefs Natural Park and World Heritage Site,token_key,low,2,7,False,True,True,,
C0612,Universitas Indonesia,5,delegates; delegates_raw; delegates_sanitized; emissions,Universitas Indonesia,Universitas Indonesia,universitas indonesia,indonesia universitas,Universitas Indonesia,token_key,low,2,7,False,True,True,,
C0612,"Universitas Indonesia, Indonesia",2,delegates; delegates_raw,Universitas Indonesia,Universitas Indonesia,universitas indonesia,indonesia universitas,Universitas Indonesia,token_key,low,2,7,False,True,True,,
C0713,University of Wellington,4,delegates; delegates_raw; delegates_sanitized; geocode_overrides,Victoria University of Wellington,Victoria University of Wellington,university of wellington,university wellington,Victoria University of Wellington,token_key,low,2,7,False,True,True,,
C0713,"University of Wellington, New Zealand",3,delegates; delegates_raw; geocode_cache,Victoria University of Wellington,Victoria University of Wellington,university of wellington,university wellington,Victoria University of Wellington,token_key,low,2,7,False,True,True,,
C0724,Waseda University,5,delegates; delegates_raw; delegates_sanitized; emissions,Waseda University,Waseda University,waseda university,university waseda,Waseda University,token_key,low,2,7,False,True,True,,
C0724,"Waseda University, Japan",2,delegates; delegates_raw,Waseda University,Waseda University,waseda university,university waseda,Waseda University,token_key,low,2,7,False,True,True,,
C0728,Wholome,5,delegates; delegates_raw; delegates_sanitized; emissions,Wholome,Wholome,wholome,wholome,Wholome,token_key,low,2,7,False,True,True,,
C0728,"Wholome, United States",2,delegates; delegates_raw,Wholome,Wholome,wholome,wholome,Wholome,token_key,low,2,7,False,True,True,,
C0745,Yayasan Almanustra,5,delegates; delegates_raw; delegates_sanitized; emissions,Yayasan Almanustra,Yayasan Almanustra,yayasan almanustra,almanustra yayasan,Yayasan Almanustra,token_key,low,2,7,False,True,True,,
C0745,"Yayasan Almanustra, Indonesia",2,delegates; delegates_raw,Yayasan Almanustra,Yayasan Almanustra,yayasan almanustra,almanustra yayasan,Yayasan Almanustra,token_key,low,2,7,False,True,True,,
C0078,Institut de Recherche pour le Développement/Université de Bretagne Occidentale,4,delegates_raw; geocode_cache; speaker_profiles; speaker_profiles_cache,Institut de Recherche pour le Développement/Université de Bretagne Occidentale,Institut de Recherche pour le Développement/Université de Bretagne Occidentale,institut de recherche pour le developpement/universite de bretagne occidentale,bretagne de de developpement institut le occidentale pour recherche universite,Institut de Recherche pour le Développement/Université de Bretagne Occidentale,token_key,high,3,6,True,True,True,,
C0078,Institut de Recherche pour le Developpement/Universite de Bretagne Occidentale,1,talks,Institut de Recherche pour le Developpement/Universite de Bretagne Occidentale,Institut de Recherche pour le Developpement/Universite de Bretagne Occidentale,institut de recherche pour le developpement/universite de bretagne occidentale,bretagne de de developpement institut le occidentale pour recherche universite,Institut de Recherche pour le Développement/Université de Bretagne Occidentale,token_key,high,3,6,True,True,True,,
C0078,"Institut de Recherche pour le Développement/Université de Bretagne Occidentale, France",1,delegates_raw,Institut de Recherche pour le Développement/Université de Bretagne Occidentale,Institut de Recherche pour le Développement/Université de Bretagne Occidentale,institut de recherche pour le developpement/universite de bretagne occidentale,bretagne de de developpement institut le occidentale pour recherche universite,Institut de Recherche pour le Développement/Université de Bretagne Occidentale,token_key,high,3,6,True,True,True,,
C0148,Australian Museum,4,delegates; delegates_raw; delegates_sanitized; map_locations,Australian Museum,Australian Museum,australian museum,australian museum,Australian Museum,token_key,low,2,6,False,True,True,,
C0148,"Australian Museum, Australia",2,delegates; delegates_raw,Australian Museum,Australian Museum,australian museum,australian museum,Australian Museum,token_key,low,2,6,False,True,True,,
C0190,Citizens of the Sea,4,delegates; delegates_raw; delegates_sanitized; map_locations,Citizens of the Sea,Citizens of the Sea,citizens of the sea,citizens sea,Citizens of the Sea,token_key,low,2,6,False,True,True,,
C0190,"Citizens of the Sea, New Zealand",2,delegates; delegates_raw,Citizens of the Sea,Citizens of the Sea,citizens of the sea,citizens sea,Citizens of the Sea,token_key,low,2,6,False,True,True,,
C0204,Coral Reef Conservation Program,4,delegates; delegates_raw; delegates_sanitized; map_locations,Coral Reef Conservation Program,Coral Reef Conservation Program,coral reef conservation program,conservation coral program reef,Coral Reef Conservation Program,token_key,low,2,6,False,True,True,,
C0204,"Coral Reef Conservation Program, United States",2,delegates; delegates_raw,Coral Reef Conservation Program,Coral Reef Conservation Program,coral reef conservation program,conservation coral program reef,Coral Reef Conservation Program,token_key,low,2,6,False,True,True,,
C0324,Institute of Paleobiology,4,delegates; delegates_raw; delegates_sanitized; map_locations,Institute of Paleobiology,Institute of Paleobiology,institute of paleobiology,institute paleobiology,Institute of Paleobiology,token_key,low,2,6,False,True,True,,
C0324,"Institute of Paleobiology, Poland",2,delegates; delegates_raw,Institute of Paleobiology,Institute of Paleobiology,institute of paleobiology,institute paleobiology,Institute of Paleobiology,token_key,low,2,6,False,True,True,,
C0344,Johnston Applied Marine Sciences Northern Mariana Islands,5,delegates; delegates_sanitized; emissions; map_locations,Johnston Applied Marine Sciences Northern Mariana Islands,Johnston Applied Marine Sciences Northern Mariana Islands,johnston applied marine sciences northern mariana islands,applied islands johnston mariana marine northern sciences,Johnston Applied Marine Sciences Northern Mariana Islands,token_key,low,2,6,False,True,True,,
C0344,"Johnston Applied Marine Sciences Northern Mariana Islands, United States",1,delegates,Johnston Applied Marine Sciences Northern Mariana Islands,Johnston Applied Marine Sciences Northern Mariana Islands,johnston applied marine sciences northern mariana islands,applied islands johnston mariana marine northern sciences,Johnston Applied Marine Sciences Northern Mariana Islands,token_key,low,2,6,False,True,True,,
C0346,Joseph Nekaifes Johnston Applied Marine Sciences Northern Mariana Islands,5,delegates; delegates_sanitized; emissions; map_locations,Joseph Nekaifes Johnston Applied Marine Sciences Northern Mariana Islands,Joseph Nekaifes Johnston Applied Marine Sciences Northern Mariana Islands,joseph nekaifes johnston applied marine sciences northern mariana islands,applied islands johnston joseph mariana marine nekaifes northern sciences,Joseph Nekaifes Johnston Applied Marine Sciences Northern Mariana Islands,token_key,low,2,6,False,True,True,,
C0346,"Joseph Nekaifes Johnston Applied Marine Sciences Northern Mariana Islands, United States",1,delegates,Joseph Nekaifes Johnston Applied Marine Sciences Northern Mariana Islands,Joseph Nekaifes Johnston Applied Marine Sciences Northern Mariana Islands,joseph nekaifes johnston applied marine sciences northern mariana islands,applied islands johnston joseph mariana marine nekaifes northern sciences,Joseph Nekaifes Johnston Applied Marine Sciences Northern Mariana Islands,token_key,low,2,6,False,True,True,,
C0435,National Marine Sanctuary of American Samoa American,4,delegates; delegates_raw; delegates_sanitized; map_locations,National Marine Sanctuary of American Samoa American,National Marine Sanctuary of American Samoa American,national marine sanctuary of american samoa american,american american marine national samoa sanctuary,National Marine Sanctuary of American Samoa American,token_key,low,2,6,False,True,True,,
C0435,"National Marine Sanctuary of American Samoa American, Samoa",2,delegates; delegates_raw,National Marine Sanctuary of American Samoa American,National Marine Sanctuary of American Samoa American,national marine sanctuary of american samoa american,american american marine national samoa sanctuary,National Marine Sanctuary of American Samoa American,token_key,low,2,6,False,True,True,,
C0440,National Oceanic and Atmospheric Administration - Sea Grant,4,delegates; delegates_raw; delegates_sanitized; map_locations,National Oceanic and Atmospheric Administration - Sea Grant,National Oceanic and Atmospheric Administration - Sea Grant,national oceanic and atmospheric administration - sea grant,administration atmospheric grant national oceanic sea,National Oceanic and Atmospheric Administration - Sea Grant,token_key,low,2,6,False,True,True,,
C0440,"National Oceanic and Atmospheric Administration - Sea Grant, United States",2,delegates; delegates_raw,National Oceanic and Atmospheric Administration - Sea Grant,National Oceanic and Atmospheric Administration - Sea Grant,national oceanic and atmospheric administration - sea grant,administration atmospheric grant national oceanic sea,National Oceanic and Atmospheric Administration - Sea Grant,token_key,low,2,6,False,True,True,,
C0467,Ocean Gardener,4,delegates; delegates_raw; delegates_sanitized; map_locations,Ocean Gardener,Ocean Gardener,ocean gardener,gardener ocean,Ocean Gardener,token_key,low,2,6,False,True,True,,
C0467,"Ocean Gardener, Indonesia",2,delegates; delegates_raw,Ocean Gardener,Ocean Gardener,ocean gardener,gardener ocean,Ocean Gardener,token_key,low,2,6,False,True,True,,
C0507,Rare,4,delegates; delegates_raw; delegates_sanitized; map_locations,Rare,Rare,rare,rare,Rare,token_key,low,2,6,False,True,True,,
C0507,"Rare, Australia",2,delegates; delegates_raw,Rare,Rare,rare,rare,Rare,token_key,low,2,6,False,True,True,,
C0528,Saba Conservation Foundation,4,delegates; delegates_raw; delegates_sanitized; map_locations,Saba Conservation Foundation,Saba Conservation Foundation,saba conservation foundation,conservation foundation saba,Saba Conservation Foundation,token_key,low,2,6,False,True,True,,
C0528,"Saba Conservation Foundation, Netherlands",2,delegates; delegates_raw,Saba Conservation Foundation,Saba Conservation Foundation,saba conservation foundation,conservation foundation saba,Saba Conservation Foundation,token_key,low,2,6,False,True,True,,
C0597,United Nations Development Programme,4,delegates; delegates_raw; delegates_sanitized; map_locations,United Nations Development Programme,United Nations Development Programme,united nations development programme,development nations programme united,United Nations Development Programme,token_key,low,2,6,False,True,True,,
C0597,"United Nations Development Programme, Seychelles",2,delegates; delegates_raw,United Nations Development Programme,United Nations Development Programme,united nations development programme,development nations programme united,United Nations Development Programme,token_key,low,2,6,False,True,True,,
C0740,World Wildlife Fund,4,delegates; delegates_raw; delegates_sanitized; geocode_overrides,World Wildlife Fund,World Wildlife Fund,world wildlife fund,fund wildlife world,World Wildlife Fund,token_key,high,2,6,True,True,True,,
C0740,"World Wildlife Fund, Australia",2,delegates; delegates_raw,World Wildlife Fund - Australia,World Wildlife Fund - Australia,world wildlife fund,fund wildlife world,World Wildlife Fund,token_key,high,2,6,True,True,True,,
C0748,Yirrganydji Gurabana Aboriginal Corporation,4,delegates; delegates_raw; delegates_sanitized; map_locations,Yirrganydji Gurabana Aboriginal Corporation,Yirrganydji Gurabana Aboriginal Corporation,yirrganydji gurabana aboriginal corporation,aboriginal corporation gurabana yirrganydji,Yirrganydji Gurabana Aboriginal Corporation,token_key,low,2,6,False,True,True,,
C0748,"Yirrganydji Gurabana Aboriginal Corporation, Australia",2,delegates; delegates_raw,Yirrganydji Gurabana Aboriginal Corporation,Yirrganydji Gurabana Aboriginal Corporation,yirrganydji gurabana aboriginal corporation,aboriginal corporation gurabana yirrganydji,Yirrganydji Gurabana Aboriginal Corporation,token_key,low,2,6,False,True,True,,
C0101,The Nature Conservancy Micronesia (the Federated States of),2,delegates; delegates_sanitized,The Nature Conservancy Micronesia (the Federated States of),The Nature Conservancy Micronesia (the Federated States of),the nature conservancy micronesia (the federated states of),conservancy federated micronesia nature states,the Nature Conservancy Micronesia (the Federated States of),token_key,low,3,5,True,True,True,,
C0101,the Nature Conservancy Micronesia (the Federated States of),2,emissions,the Nature Conservancy Micronesia (the Federated States of),the Nature Conservancy Micronesia (the Federated States of),the nature conservancy micronesia (the federated states of),conservancy federated micronesia nature states,the Nature Conservancy Micronesia (the Federated States of),token_key,low,3,5,True,True,True,,
C0101,"The Nature Conservancy Micronesia (the Federated States of), United States",1,delegates,The Nature Conservancy Micronesia (the Federated States of),The Nature Conservancy Micronesia (the Federated States of),the nature conservancy micronesia (the federated states of),conservancy federated micronesia nature states,the Nature Conservancy Micronesia (the Federated States of),token_key,low,3,5,True,True,True,,
C0138,American Samoa Community College & University of Hawaii,3,delegates; delegates_raw; delegates_sanitized,American Samoa Community College & University of Hawaii,American Samoa Community College & University of Hawaii,american samoa community college & university of hawaii,american college community hawaii samoa university,American Samoa Community College & University of Hawaii,token_key,low,2,5,False,True,True,,
C0138,"American Samoa Community College & University of Hawaii, American Samoa",2,delegates; delegates_raw,American Samoa Community College & University of Hawaii,American Samoa Community College & University of Hawaii,american samoa community college & university of hawaii,american college community hawaii samoa university,American Samoa Community College & University of Hawaii,token_key,low,2,5,False,True,True,,
C0150,Auxilia,3,delegates; delegates_raw; delegates_sanitized,Auxilia,Auxilia,auxilia,auxilia,Auxilia,token_key,low,2,5,False,True,True,,
C0150,"Auxilia, Italy",2,delegates; delegates_raw,Auxilia,Auxilia,auxilia,auxilia,Auxilia,token_key,low,2,5,False,True,True,,
C0164,Boxfish Robotics,3,delegates; delegates_raw; delegates_sanitized,Boxfish Robotics,Boxfish Robotics,boxfish robotics,boxfish robotics,Boxfish Robotics,token_key,low,2,5,False,True,True,,
C0164,"Boxfish Robotics, New Zealand",2,delegates; delegates_raw,Boxfish Robotics,Boxfish Robotics,boxfish robotics,boxfish robotics,Boxfish Robotics,token_key,low,2,5,False,True,True,,
C0165,Boxfish Robotics Limited,3,delegates; delegates_raw; delegates_sanitized,Boxfish Robotics Limited,Boxfish Robotics Limited,boxfish robotics limited,boxfish limited robotics,Boxfish Robotics Limited,token_key,low,2,5,False,True,True,,
C0165,"Boxfish Robotics Limited, New Zealand",2,delegates; delegates_raw,Boxfish Robotics Limited,Boxfish Robotics Limited,boxfish robotics limited,boxfish limited robotics,Boxfish Robotics Limited,token_key,low,2,5,False,True,True,,
C0168,BRANCH Foundation,3,delegates; delegates_raw; delegates_sanitized,BRANCH Foundation,BRANCH Foundation,branch foundation,branch foundation,BRANCH Foundation,token_key,low,2,5,False,True,True,,
C0168,"BRANCH Foundation, Netherlands",2,delegates; delegates_raw,BRANCH Foundation,BRANCH Foundation,branch foundation,branch foundation,BRANCH Foundation,token_key,low,2,5,False,True,True,,
C0231,Department of Fisheries - Malaysia,3,delegates; delegates_raw; delegates_sanitized,Department of Fisheries - Malaysia,Department of Fisheries - Malaysia,department of fisheries - malaysia,department fisheries malaysia,Department of Fisheries - Malaysia,token_key,low,2,5,False,True,True,,
C0231,"Department of Fisheries - Malaysia, Malaysia",2,delegates; delegates_raw,Department of Fisheries - Malaysia,Department of Fisheries - Malaysia,department of fisheries - malaysia,department fisheries malaysia,Department of Fisheries - Malaysia,token_key,low,2,5,False,True,True,,
C0232,Department of Natural and Environmental Resources of Puerto Rico (DNER),3,delegates; delegates_raw; delegates_sanitized,Department of Natural and Environmental Resources of Puerto Rico (DNER),Department of Natural and Environmental Resources of Puerto Rico (DNER),department of natural and environmental resources of puerto rico (dner),department dner environmental natural puerto resources rico,Department of Natural and Environmental Resources of Puerto Rico (DNER),token_key,low,2,5,False,True,True,,
C0232,"Department of Natural and Environmental Resources of Puerto Rico (DNER), Puerto Rico",2,delegates; delegates_raw,Department of Natural and Environmental Resources of Puerto Rico (DNER),Department of Natural and Environmental Resources of Puerto Rico (DNER),department of natural and environmental resources of puerto rico (dner),department dner environmental natural puerto resources rico,Department of Natural and Environmental Resources of Puerto Rico (DNER),token_key,low,2,5,False,True,True,,
C0270,Fondo Acción,3,delegates; delegates_raw; delegates_sanitized,Fondo Acción,Fondo Acción,fondo accion,accion fondo,Fondo Acción,token_key,low,2,5,False,True,True,,
C0270,"Fondo Acción, Colombia",2,delegates; delegates_raw,Fondo Acción,Fondo Acción,fondo accion,accion fondo,Fondo Acción,token_key,low,2,5,False,True,True,,
C0316,Inland Ocean Coalition,3,delegates; delegates_raw; delegates_sanitized,Inland Ocean Coalition,Inland Ocean Coalition,inland ocean coalition,coalition inland ocean,Inland Ocean Coalition,token_key,low,2,5,False,True,True,,
C0316,"Inland Ocean Coalition, United States",2,delegates; delegates_raw,Inland Ocean Coalition,Inland Ocean Coalition,inland ocean coalition,coalition inland ocean,Inland Ocean Coalition,token_key,low,2,5,False,True,True,,
C0384,Marepolis,3,delegates; delegates_raw; delegates_sanitized,Marepolis,Marepolis,marepolis,marepolis,Marepolis,token_key,low,2,5,False,True,True,,
C0384,"Marepolis, French Polynesia",2,delegates; delegates_raw,Marepolis,Marepolis,marepolis,marepolis,Marepolis,token_key,low,2,5,False,True,True,,
C0424,National Center for Scientific Research - Rāhui Center,3,geocode_cache; speaker_profiles; speaker_profiles_cache,National Center for Scientific Research - Rāhui Center,National Center for Scientific Research - Rāhui Center,national center for scientific research - rahui center,center center national rahui research scientific,National Center for Scientific Research - Rāhui Center,token_key,high,2,5,True,True,True,,
C0424,National Center for Scientific Research - Rahui Center,2,map_locations; talks,National Center for Scientific Research - Rahui Center,National Center for Scientific Research - Rahui Center,national center for scientific research - rahui center,center center national rahui research scientific,National Center for Scientific Research - Rāhui Center,token_key,high,2,5,True,True,True,,
C0457,Nortek Instruments Australia Pty Ltd,3,delegates; delegates_raw; delegates_sanitized,Nortek Instruments Australia Pty Ltd,Nortek Instruments Australia Pty Ltd,nortek instruments australia pty ltd,australia instruments ltd nortek pty,Nortek Instruments Australia Pty Ltd,token_key,low,2,5,False,True,True,,
C0457,"Nortek Instruments Australia Pty Ltd, Australia",2,delegates; delegates_raw,Nortek Instruments Australia Pty Ltd,Nortek Instruments Australia Pty Ltd,nortek instruments australia pty ltd,australia instruments ltd nortek pty,Nortek Instruments Australia Pty Ltd,token_key,low,2,5,False,True,True,,
C0471,Oceanis International,3,delegates; delegates_raw; delegates_sanitized,Oceanis International,Oceanis International,oceanis international,international oceanis,Oceanis International,token_key,low,2,5,False,True,True,,
C0471,"Oceanis International, Australia",2,delegates; delegates_raw,Oceanis International,Oceanis International,oceanis international,international oceanis,Oceanis International,token_key,low,2,5,False,True,True,,
C0524,Rockefeller University,3,delegates; delegates_raw; delegates_sanitized,Rockefeller University,Rockefeller University,rockefeller university,rockefeller university,Rockefeller University,token_key,low,2,5,False,True,True,,
C0524,"Rockefeller University, United States",2,delegates; delegates_raw,Rockefeller University,Rockefeller University,rockefeller university,rockefeller university,Rockefeller University,token_key,low,2,5,False,True,True,,
C0538,Secretariat of the Pacific Regional Environment Programme,3,delegates; delegates_raw; delegates_sanitized,Secretariat of the Pacific Regional Environment Programme,Secretariat of the Pacific Regional Environment Programme,secretariat of the pacific regional environment programme,environment pacific programme regional secretariat,Secretariat of the Pacific Regional Environment Programme,token_key,low,2,5,False,True,True,,
C0538,"Secretariat of the Pacific Regional Environment Programme, Samoa",2,delegates; delegates_raw,Secretariat of the Pacific Regional Environment Programme,Secretariat of the Pacific Regional Environment Programme,secretariat of the pacific regional environment programme,environment pacific programme regional secretariat,Secretariat of the Pacific Regional Environment Programme,token_key,low,2,5,False,True,True,,
C0558,Southern University of Science and Technology,3,delegates; delegates_raw; delegates_sanitized,Southern University of Science and Technology,Southern University of Science and Technology,southern university of science and technology,science southern technology university,Southern University of Science and Technology,token_key,low,2,5,False,True,True,,
C0558,"Southern University of Science and Technology, China",2,delegates; delegates_raw,Southern University of Science and Technology,Southern University of Science and Technology,southern university of science and technology,science southern technology university,Southern University of Science and Technology,token_key,low,2,5,False,True,True,,
C0577,Tetra Tech Coffey,3,delegates; delegates_raw; delegates_sanitized,Tetra Tech Coffey,Tetra Tech Coffey,tetra tech coffey,coffey tech tetra,Tetra Tech Coffey,token_key,low,2,5,False,True,True,,
C0577,"Tetra Tech Coffey, New Zealand",2,delegates; delegates_raw,Tetra Tech Coffey,Tetra Tech Coffey,tetra tech coffey,coffey tech tetra,Tetra Tech Coffey,token_key,low,2,5,False,True,True,,
C0596,United Nations Capital Development Funds,3,delegates; delegates_raw; delegates_sanitized,United Nations Capital Development Funds,United Nations Capital Development Funds,united nations capital development funds,capital development funds nations united,United Nations Capital Development Funds,token_key,low,2,5,False,True,True,,
C0596,"United Nations Capital Development Funds, Switzerland",2,delegates; delegates_raw,United Nations Capital Development Funds,United Nations Capital Development Funds,united nations capital development funds,capital development funds nations united,United Nations Capital Development Funds,token_key,low,2,5,False,True,True,,
C0599,United Nations Environment Programme,3,delegates; delegates_raw; delegates_sanitized,United Nations Environment Programme,United Nations Environment Programme,united nations environment programme,environment nations programme united,United Nations Environment Programme,token_key,low,2,5,False,True,True,,
C0599,"United Nations Environment Programme, Kenya",2,delegates; delegates_raw,United Nations Environment Programme,United Nations Environment Programme,united nations environment programme,environment nations programme united,United Nations Environment Programme,token_key,low,2,5,False,True,True,,
C0729,Wholome Arks,3,delegates; delegates_raw; delegates_sanitized,Wholome Arks,Wholome Arks,wholome arks,arks wholome,Wholome Arks,token_key,low,2,5,False,True,True,,
C0729,"Wholome Arks, United States",2,delegates; delegates_raw,Wholome Arks,Wholome Arks,wholome arks,arks wholome,Wholome Arks,token_key,low,2,5,False,True,True,,
C0219,Criobe Moorea,3,delegates; delegates_sanitized; map_locations,Criobe Moorea,Criobe Moorea,criobe moorea,criobe moorea,Criobe Moorea,token_key,low,2,4,False,True,True,,
C0219,"Criobe Moorea, United States",1,delegates,Criobe Moorea,Criobe Moorea,criobe moorea,criobe moorea,Criobe Moorea,token_key,low,2,4,False,True,True,,
C0493,Projeto Costão Rochoso,3,geocode_cache; speaker_profiles; speaker_profiles_cache,Projeto Costão Rochoso,Projeto Costão Rochoso,projeto costao rochoso,costao projeto rochoso,Projeto Costão Rochoso,token_key,high,2,4,True,True,True,,
C0493,Projeto Costao Rochoso,1,talks,Projeto Costao Rochoso,Projeto Costao Rochoso,projeto costao rochoso,costao projeto rochoso,Projeto Costão Rochoso,token_key,high,2,4,True,True,True,,
C0515,"Reef Renewal Foundation - Curacao, Curacao",2,emissions,"Reef Renewal Foundation - Curacao, Curacao","Reef Renewal Foundation - Curacao, Curacao","reef renewal foundation - curacao, curacao",curacao curacao foundation reef renewal,"Reef Renewal Foundation - Curacao, Curaçao",token_key,high,2,4,True,True,True,,
C0515,"Reef Renewal Foundation - Curacao, Curaçao",2,delegates; delegates_raw,"Reef Renewal Foundation - Curacao, Curaçao","Reef Renewal Foundation - Curacao, Curaçao","reef renewal foundation - curacao, curacao",curacao curacao foundation reef renewal,"Reef Renewal Foundation - Curacao, Curaçao",token_key,high,2,4,True,True,True,,
C0096,State of Hawai'i Joseph                      Nekaifes        Johnston Applied Marine Sciences                       Northern Mariana Islands,1,delegates_raw,State of Hawai'i Joseph Nekaifes Johnston Applied Marine Sciences Northern Mariana Islands,State of Hawai'i Joseph Nekaifes Johnston Applied Marine Sciences Northern Mariana Islands,state of hawaii joseph nekaifes johnston applied marine sciences northern mariana islands,applied hawaii islands johnston joseph mariana marine nekaifes northern sciences state,State of Hawai'i Joseph Nekaifes Johnston Applied Marine Sciences Northern Mariana Islands,token_key,low,3,3,True,False,True,,
C0096,"State of Hawai'i Joseph                      Nekaifes        Johnston Applied Marine Sciences                       Northern Mariana Islands, United States",1,delegates_raw,State of Hawai'i Joseph Nekaifes Johnston Applied Marine Sciences Northern Mariana Islands,State of Hawai'i Joseph Nekaifes Johnston Applied Marine Sciences Northern Mariana Islands,state of hawaii joseph nekaifes johnston applied marine sciences northern mariana islands,applied hawaii islands johnston joseph mariana marine nekaifes northern sciences state,State of Hawai'i Joseph Nekaifes Johnston Applied Marine Sciences Northern Mariana Islands,token_key,low,3,3,True,False,True,,
C0096,State of Hawaiʻi Joseph Nekaifes Johnston Applied Marine Sciences Northern Mariana Islands,1,geocode_overrides,State of Hawaiʻi Joseph Nekaifes Johnston Applied Marine Sciences Northern Mariana Islands,State of Hawaiʻi Joseph Nekaifes Johnston Applied Marine Sciences Northern Mariana Islands,state of hawaii joseph nekaifes johnston applied marine sciences northern mariana islands,applied hawaii islands johnston joseph mariana marine nekaifes northern sciences state,State of Hawai'i Joseph Nekaifes Johnston Applied Marine Sciences Northern Mariana Islands,token_key,low,3,3,True,False,True,,
C0159,"Blue Alliance Tanzania, United Republic of",2,delegates; delegates_sanitized,"Blue Alliance Tanzania, United Republic of","Blue Alliance Tanzania, United Republic of","blue alliance tanzania, united republic of",alliance blue republic tanzania united,"Blue Alliance Tanzania, United Republic of",token_key,low,2,3,False,True,True,,
C0159,"Blue Alliance Tanzania, United Republic of, United States",1,delegates,"Blue Alliance Tanzania, United Republic of","Blue Alliance Tanzania, United Republic of","blue alliance tanzania, united republic of",alliance blue republic tanzania united,"Blue Alliance Tanzania, United Republic of",token_key,low,2,3,False,True,True,,
C0478,Olohana Foundation,2,delegates; delegates_sanitized,Olohana Foundation,Olohana Foundation,olohana foundation,foundation olohana,Olohana Foundation,token_key,low,2,3,False,True,True,,
C0478,"Olohana Foundation, United States",1,delegates,Olohana Foundation,Olohana Foundation,olohana foundation,foundation olohana,Olohana Foundation,token_key,low,2,3,False,True,True,,
C0572,"Tanzania Marine Parks and Reserves Unit Tanzania, United Republic of",2,delegates; delegates_sanitized,"Tanzania Marine Parks and Reserves Unit Tanzania, United Republic of","Tanzania Marine Parks and Reserves Unit Tanzania, United Republic of","tanzania marine parks and reserves unit tanzania, united republic of",marine parks republic reserves tanzania tanzania unit united,"Tanzania Marine Parks and Reserves Unit Tanzania, United Republic of",token_key,low,2,3,False,True,True,,
C0572,"Tanzania Marine Parks and Reserves Unit Tanzania, United Republic of, Australia",1,delegates,"Tanzania Marine Parks and Reserves Unit Tanzania, United Republic of","Tanzania Marine Parks and Reserves Unit Tanzania, United Republic of","tanzania marine parks and reserves unit tanzania, united republic of",marine parks republic reserves tanzania tanzania unit united,"Tanzania Marine Parks and Reserves Unit Tanzania, United Republic of",token_key,low,2,3,False,True,True,,
C0583,"The Nature Conservancy Venezuela, Bolivarian Republic of",2,delegates; delegates_sanitized,"The Nature Conservancy Venezuela, Bolivarian Republic of","The Nature Conservancy Venezuela, Bolivarian Republic of","the nature conservancy venezuela, bolivarian republic of",bolivarian conservancy nature republic venezuela,"The Nature Conservancy Venezuela, Bolivarian Republic of",token_key,low,2,3,False,True,True,,
C0583,"The Nature Conservancy Venezuela, Bolivarian Republic of, Portugal",1,delegates,"The Nature Conservancy Venezuela, Bolivarian Republic of","The Nature Conservancy Venezuela, Bolivarian Republic of","the nature conservancy venezuela, bolivarian republic of",bolivarian conservancy nature republic venezuela,"The Nature Conservancy Venezuela, Bolivarian Republic of",token_key,low,2,3,False,True,True,,
C0601,"Universidad Central de Venezuela Venezuela, Bolivarian Republic of",2,delegates; delegates_sanitized,"Universidad Central de Venezuela Venezuela, Bolivarian Republic of","Universidad Central de Venezuela Venezuela, Bolivarian Republic of","universidad central de venezuela venezuela, bolivarian republic of",bolivarian central de republic universidad venezuela venezuela,"Universidad Central de Venezuela Venezuela, Bolivarian Republic of",token_key,low,2,3,False,True,True,,
C0601,"Universidad Central de Venezuela Venezuela, Bolivarian Republic of, Australia",1,delegates,"Universidad Central de Venezuela Venezuela, Bolivarian Republic of","Universidad Central de Venezuela Venezuela, Bolivarian Republic of","universidad central de venezuela venezuela, bolivarian republic of",bolivarian central de republic universidad venezuela venezuela,"Universidad Central de Venezuela Venezuela, Bolivarian Republic of",token_key,low,2,3,False,True,True,,
C0143,Arizona State University Dr Tyler                    Smith            University of the Virgin Islands                       Virgin Islands (U.S.),1,delegates_raw,Arizona State University Dr Tyler Smith University of the Virgin Islands Virgin Islands (U.S.),Arizona State University Dr Tyler Smith University of the Virgin Islands Virgin Islands (U.S.),arizona state university dr tyler smith university of the virgin islands virgin islands (u.s.),arizona dr islands islands s smith state tyler u university university virgin virgin,Arizona State University Dr Tyler Smith University of the Virgin Islands Virgin Islands (U.S.),token_key,low,2,2,False,True,True,,
C0143,"Arizona State University Dr Tyler                    Smith            University of the Virgin Islands                       Virgin Islands (U.S.), United States",1,delegates_raw,Arizona State University Dr Tyler Smith University of the Virgin Islands Virgin Islands (U.S.),Arizona State University Dr Tyler Smith University of the Virgin Islands Virgin Islands (U.S.),arizona state university dr tyler smith university of the virgin islands virgin islands (u.s.),arizona dr islands islands s smith state tyler u university university virgin virgin,Arizona State University Dr Tyler Smith University of the Virgin Islands Virgin Islands (U.S.),token_key,low,2,2,False,True,True,,
C0146,Australian Institute of Marine Science Dr Lyza                     Johnston          Johnston Applied Marine Sciences                      Northern Mariana Islands,1,delegates_raw,Australian Institute of Marine Science Dr Lyza Johnston Johnston Applied Marine Sciences Northern Mariana Islands,Australian Institute of Marine Science Dr Lyza Johnston Johnston Applied Marine Sciences Northern Mariana Islands,australian institute of marine science dr lyza johnston johnston applied marine sciences northern mariana islands,applied australian dr institute islands johnston johnston lyza mariana marine marine northern science sciences,Australian Institute of Marine Science Dr Lyza Johnston Johnston Applied Marine Sciences Northern Mariana Islands,token_key,low,2,2,False,True,True,,
C0146,"Australian Institute of Marine Science Dr Lyza                     Johnston          Johnston Applied Marine Sciences                      Northern Mariana Islands, Australia",1,delegates_raw,Australian Institute of Marine Science Dr Lyza Johnston Johnston Applied Marine Sciences Northern Mariana Islands,Australian Institute of Marine Science Dr Lyza Johnston Johnston Applied Marine Sciences Northern Mariana Islands,australian institute of marine science dr lyza johnston johnston applied marine sciences northern mariana islands,applied australian dr institute islands johnston johnston lyza mariana marine marine northern science sciences,Australian Institute of Marine Science Dr Lyza Johnston Johnston Applied Marine Sciences Northern Mariana Islands,token_key,low,2,2,False,True,True,,
C0147,Australian Institute of Marine Science Simon                       Ellis               Marine and Environmental Research Institute Of         Micronesia (the Pohnpei                                                Federated States of),1,delegates_raw,Australian Institute of Marine Science Simon Ellis Marine and Environmental Research Institute Of Micronesia (the Pohnpei Federated States of),Australian Institute of Marine Science Simon Ellis Marine and Environmental Research Institute Of Micronesia (the Pohnpei Federated States of),australian institute of marine science simon ellis marine and environmental research institute of micronesia (the pohnpei federated states of),australian ellis environmental federated institute institute marine marine micronesia pohnpei research science simon states,Australian Institute of Marine Science Simon Ellis Marine and Environmental Research Institute Of Micronesia (the Pohnpei Federated States of),token_key,low,2,2,False,True,True,,
C0147,"Australian Institute of Marine Science Simon                       Ellis               Marine and Environmental Research Institute Of         Micronesia (the Pohnpei                                                Federated States of), Australia",1,delegates_raw,Australian Institute of Marine Science Simon Ellis Marine and Environmental Research Institute Of Micronesia (the Pohnpei Federated States of),Australian Institute of Marine Science Simon Ellis Marine and Environmental Research Institute Of Micronesia (the Pohnpei Federated States of),australian institute of marine science simon ellis marine and environmental research institute of micronesia (the pohnpei federated states of),australian ellis environmental federated institute institute marine marine micronesia pohnpei research science simon states,Australian Institute of Marine Science Simon Ellis Marine and Environmental Research Institute Of Micronesia (the Pohnpei Federated States of),token_key,low,2,2,False,True,True,,
C0151,Backpacker Marissa                     Boylan         The Nature Conservancy                             Micronesia (the Federated States of),1,delegates_raw,Backpacker Marissa Boylan The Nature Conservancy Micronesia (the Federated States of),Backpacker Marissa Boylan The Nature Conservancy Micronesia (the Federated States of),backpacker marissa boylan the nature conservancy micronesia (the federated states of),backpacker boylan conservancy federated marissa micronesia nature states,Backpacker Marissa Boylan The Nature Conservancy Micronesia (the Federated States of),token_key,low,2,2,False,True,True,,
C0151,"Backpacker Marissa                     Boylan         The Nature Conservancy                             Micronesia (the Federated States of), United States",1,delegates_raw,Backpacker Marissa Boylan The Nature Conservancy Micronesia (the Federated States of),Backpacker Marissa Boylan The Nature Conservancy Micronesia (the Federated States of),backpacker marissa boylan the nature conservancy micronesia (the federated states of),backpacker boylan conservancy federated marissa micronesia nature states,Backpacker Marissa Boylan The Nature Conservancy Micronesia (the Federated States of),token_key,low,2,2,False,True,True,,
C0156,Bigelow Laboratory for Ocean Sciences Ally                        Swan                University of the Virgin Islands                        Virgin Islands (U.S.),1,delegates_raw,Bigelow Laboratory for Ocean Sciences Ally Swan University of the Virgin Islands Virgin Islands (U.S.),Bigelow Laboratory for Ocean Sciences Ally Swan University of the Virgin Islands Virgin Islands (U.S.),bigelow laboratory for ocean sciences ally swan university of the virgin islands virgin islands (u.s.),ally bigelow islands islands laboratory ocean s sciences swan u university virgin virgin,Bigelow Laboratory for Ocean Sciences Ally Swan University of the Virgin Islands Virgin Islands (U.S.),token_key,low,2,2,False,True,True,,
C0156,"Bigelow Laboratory for Ocean Sciences Ally                        Swan                University of the Virgin Islands                        Virgin Islands (U.S.), United States",1,delegates_raw,Bigelow Laboratory for Ocean Sciences Ally Swan University of the Virgin Islands Virgin Islands (U.S.),Bigelow Laboratory for Ocean Sciences Ally Swan University of the Virgin Islands Virgin Islands (U.S.),bigelow laboratory for ocean sciences ally swan university of the virgin islands virgin islands (u.s.),ally bigelow islands islands laboratory ocean s sciences swan u university virgin virgin,Bigelow Laboratory for Ocean Sciences Ally Swan University of the Virgin Islands Virgin Islands (U.S.),token_key,low,2,2,False,True,True,,
C0180,Cefas Dr Petra                    Visser             University of Amsterdam                                   Nederland,1,delegates_raw,Cefas Dr Petra Visser University of Amsterdam Nederland,Cefas Dr Petra Visser University of Amsterdam Nederland,cefas dr petra visser university of amsterdam nederland,amsterdam cefas dr nederland petra university visser,Cefas Dr Petra Visser University of Amsterdam Nederland,token_key,low,2,2,False,True,True,,
C0180,"Cefas Dr Petra                    Visser             University of Amsterdam                                   Nederland, United Kingdom",1,delegates_raw,Cefas Dr Petra Visser University of Amsterdam Nederland,Cefas Dr Petra Visser University of Amsterdam Nederland,cefas dr petra visser university of amsterdam nederland,amsterdam cefas dr nederland petra university visser,Cefas Dr Petra Visser University of Amsterdam Nederland,token_key,low,2,2,False,True,True,,
C0187,Chinese University of Hong Kong Caitlin                     Lustic       The Nature Conservancy                                     Virgin Islands (U.S.),1,delegates_raw,Chinese University of Hong Kong,Chinese University of Hong Kong,chinese university of hong kong caitlin lustic the nature conservancy virgin islands (u.s.),caitlin chinese conservancy hong islands kong lustic nature s u university virgin,Chinese University of Hong Kong,token_key,low,2,2,False,True,True,,
C0187,"Chinese University of Hong Kong Caitlin                     Lustic       The Nature Conservancy                                     Virgin Islands (U.S.), Hong Kong",1,delegates_raw,Chinese University of Hong Kong,Chinese University of Hong Kong,chinese university of hong kong caitlin lustic the nature conservancy virgin islands (u.s.),caitlin chinese conservancy hong islands kong lustic nature s u university virgin,Chinese University of Hong Kong,token_key,low,2,2,False,True,True,,
C0230,Department of Conservation - New Zealand Erin                        Hollander        University of the Virgin Islands                         Virgin Islands (U.S.),1,delegates_raw,Department of Conservation - New Zealand Erin Hollander University of the Virgin Islands Virgin Islands (U.S.),Department of Conservation - New Zealand Erin Hollander University of the Virgin Islands Virgin Islands (U.S.),department of conservation - new zealand erin hollander university of the virgin islands virgin islands (u.s.),conservation department erin hollander islands islands new s u university virgin virgin zealand,Department of Conservation - New Zealand Erin Hollander University of the Virgin Islands Virgin Islands (U.S.),token_key,low,2,2,False,True,True,,
C0230,"Department of Conservation - New Zealand Erin                        Hollander        University of the Virgin Islands                         Virgin Islands (U.S.), New Zealand",1,delegates_raw,Department of Conservation - New Zealand Erin Hollander University of the Virgin Islands Virgin Islands (U.S.),Department of Conservation - New Zealand Erin Hollander University of the Virgin Islands Virgin Islands (U.S.),department of conservation - new zealand erin hollander university of the virgin islands virgin islands (u.s.),conservation department erin hollander islands islands new s u university virgin virgin zealand,Department of Conservation - New Zealand Erin Hollander University of the Virgin Islands Virgin Islands (U.S.),token_key,low,2,2,False,True,True,,
C0264,Florida International University Allie                       Durdall             University of the Virgin Islands                       Virgin Islands (U.S.) Nicholas                    Durgadeen           University of the Virgin Islands                       Virgin Islands (U.S.),1,delegates_raw,Florida International University Allie Durdall University of the Virgin Islands Virgin Islands (U.S.) Nicholas Durgadeen University of the Virgin Islands Virgin Islands (U.S.),Florida International University Allie Durdall University of the Virgin Islands Virgin Islands (U.S.) Nicholas Durgadeen University of the Virgin Islands Virgin Islands (U.S.),florida international university allie durdall university of the virgin islands virgin islands (u.s.) nicholas durgadeen university of the virgin islands virgin islands (u.s.),allie durdall durgadeen florida international islands islands islands islands nicholas s s u u university university university virgin virgin virgin virgin,Florida International University Allie Durdall University of the Virgin Islands Virgin Islands (U.S.) Nicholas Durgadeen University of the Virgin Islands Virgin Islands (U.S.),token_key,low,2,2,False,True,True,,
C0264,"Florida International University Allie                       Durdall             University of the Virgin Islands                       Virgin Islands (U.S.) Nicholas                    Durgadeen           University of the Virgin Islands                       Virgin Islands (U.S.), United States",1,delegates_raw,Florida International University Allie Durdall University of the Virgin Islands Virgin Islands (U.S.) Nicholas Durgadeen University of the Virgin Islands Virgin Islands (U.S.),Florida International University Allie Durdall University of the Virgin Islands Virgin Islands (U.S.) Nicholas Durgadeen University of the Virgin Islands Virgin Islands (U.S.),florida international university allie durdall university of the virgin islands virgin islands (u.s.) nicholas durgadeen university of the virgin islands virgin islands (u.s.),allie durdall durgadeen florida international islands islands islands islands nicholas s s u u university university university virgin virgin virgin virgin,Florida International University Allie Durdall University of the Virgin Islands Virgin Islands (U.S.) Nicholas Durgadeen University of the Virgin Islands Virgin Islands (U.S.),token_key,low,2,2,False,True,True,,
C0296,Hawaiʻi Division of Aquatic Resources Avery                       Coble             University of the Virgin Islands                     Virgin Islands (U.S.),1,delegates_raw,Hawaiʻi Division of Aquatic Resources Avery Coble University of the Virgin Islands Virgin Islands (U.S.),Hawaiʻi Division of Aquatic Resources Avery Coble University of the Virgin Islands Virgin Islands (U.S.),hawaii division of aquatic resources avery coble university of the virgin islands virgin islands (u.s.),aquatic avery coble division hawaii islands islands resources s u university virgin virgin,Hawaiʻi Division of Aquatic Resources Avery Coble University of the Virgin Islands Virgin Islands (U.S.),token_key,low,2,2,False,True,True,,
C0296,"Hawaiʻi Division of Aquatic Resources Avery                       Coble             University of the Virgin Islands                     Virgin Islands (U.S.), United States",1,delegates_raw,Hawaiʻi Division of Aquatic Resources Avery Coble University of the Virgin Islands Virgin Islands (U.S.),Hawaiʻi Division of Aquatic Resources Avery Coble University of the Virgin Islands Virgin Islands (U.S.),hawaii division of aquatic resources avery coble university of the virgin islands virgin islands (u.s.),aquatic avery coble division hawaii islands islands resources s u university virgin virgin,Hawaiʻi Division of Aquatic Resources Avery Coble University of the Virgin Islands Virgin Islands (U.S.),token_key,low,2,2,False,True,True,,
C0297,Hawai‘i Institute of Marine Biology Alyssa                      Hobbs            Johnston Applied Marine Sciences                         Northern Mariana Islands,1,delegates_raw,Hawai‘i Institute of Marine Biology Alyssa Hobbs Johnston Applied Marine Sciences Northern Mariana Islands,Hawai‘i Institute of Marine Biology Alyssa Hobbs Johnston Applied Marine Sciences Northern Mariana Islands,hawaii institute of marine biology alyssa hobbs johnston applied marine sciences northern mariana islands,alyssa applied biology hawaii hobbs institute islands johnston mariana marine marine northern sciences,Hawai‘i Institute of Marine Biology Alyssa Hobbs Johnston Applied Marine Sciences Northern Mariana Islands,token_key,low,2,2,False,True,True,,
C0297,"Hawai‘i Institute of Marine Biology Alyssa                      Hobbs            Johnston Applied Marine Sciences                         Northern Mariana Islands, United States",1,delegates_raw,Hawai‘i Institute of Marine Biology Alyssa Hobbs Johnston Applied Marine Sciences Northern Mariana Islands,Hawai‘i Institute of Marine Biology Alyssa Hobbs Johnston Applied Marine Sciences Northern Mariana Islands,hawaii institute of marine biology alyssa hobbs johnston applied marine sciences northern mariana islands,alyssa applied biology hawaii hobbs institute islands johnston mariana marine marine northern sciences,Hawai‘i Institute of Marine Biology Alyssa Hobbs Johnston Applied Marine Sciences Northern Mariana Islands,token_key,low,2,2,False,True,True,,
C0318,Institut Halieutique et des Sciences Marines/University of Toliara of Toliara,1,delegates_raw,Institut Halieutique et des Sciences Marines/University of Toliara of Toliara,Institut Halieutique et des Sciences Marines/University of Toliara of Toliara,institut halieutique et des sciences marines/university of toliara of toliara,des et halieutique institut marines sciences toliara toliara university,Institut Halieutique et des Sciences Marines/University of Toliara of Toliara,token_key,low,2,2,False,True,True,,
C0318,"Institut Halieutique et des Sciences Marines/University of Toliara of Toliara, Madagascar",1,delegates_raw,Institut Halieutique et des Sciences Marines/University of Toliara of Toliara,Institut Halieutique et des Sciences Marines/University of Toliara of Toliara,institut halieutique et des sciences marines/university of toliara of toliara,des et halieutique institut marines sciences toliara toliara university,Institut Halieutique et des Sciences Marines/University of Toliara of Toliara,token_key,low,2,2,False,True,True,,
C0326,Institute of Science - Tokyo Lindsay                     Dade                 University of the Virgin Islands                         Virgin Islands (U.S.),1,delegates_raw,Institute of Science - Tokyo Lindsay Dade University of the Virgin Islands Virgin Islands (U.S.),Institute of Science - Tokyo Lindsay Dade University of the Virgin Islands Virgin Islands (U.S.),institute of science - tokyo lindsay dade university of the virgin islands virgin islands (u.s.),dade institute islands islands lindsay s science tokyo u university virgin virgin,Institute of Science - Tokyo Lindsay Dade University of the Virgin Islands Virgin Islands (U.S.),token_key,low,2,2,False,True,True,,
C0326,"Institute of Science - Tokyo Lindsay                     Dade                 University of the Virgin Islands                         Virgin Islands (U.S.), Brazil",1,delegates_raw,Institute of Science - Tokyo Lindsay Dade University of the Virgin Islands Virgin Islands (U.S.),Institute of Science - Tokyo Lindsay Dade University of the Virgin Islands Virgin Islands (U.S.),institute of science - tokyo lindsay dade university of the virgin islands virgin islands (u.s.),dade institute islands islands lindsay s science tokyo u university virgin virgin,Institute of Science - Tokyo Lindsay Dade University of the Virgin Islands Virgin Islands (U.S.),token_key,low,2,2,False,True,True,,
C0337,Israel Oceanographic and Limnological Research Adeline                     Shelby              University of the Virgin Islands                      Virgin Islands (U.S.),1,delegates_raw,Israel Oceanographic and Limnological Research Adeline Shelby University of the Virgin Islands Virgin Islands (U.S.),Israel Oceanographic and Limnological Research Adeline Shelby University of the Virgin Islands Virgin Islands (U.S.),israel oceanographic and limnological research adeline shelby university of the virgin islands virgin islands (u.s.),adeline islands islands israel limnological oceanographic research s shelby u university virgin virgin,Israel Oceanographic and Limnological Research Adeline Shelby University of the Virgin Islands Virgin Islands (U.S.),token_key,low,2,2,False,True,True,,
C0337,"Israel Oceanographic and Limnological Research Adeline                     Shelby              University of the Virgin Islands                      Virgin Islands (U.S.), Israel",1,delegates_raw,Israel Oceanographic and Limnological Research Adeline Shelby University of the Virgin Islands Virgin Islands (U.S.),Israel Oceanographic and Limnological Research Adeline Shelby University of the Virgin Islands Virgin Islands (U.S.),israel oceanographic and limnological research adeline shelby university of the virgin islands virgin islands (u.s.),adeline islands islands israel limnological oceanographic research s shelby u university virgin virgin,Israel Oceanographic and Limnological Research Adeline Shelby University of the Virgin Islands Virgin Islands (U.S.),token_key,low,2,2,False,True,True,,
C0339,James Cook University Cynthia                     Riginos             Australian Institute of Marine Science,1,delegates_raw,James Cook University,James Cook University,james cook university cynthia riginos australian institute of marine science,australian cook cynthia institute james marine riginos science university,James Cook University,token_key,low,2,2,False,True,True,,
C0339,"James Cook University Cynthia                     Riginos             Australian Institute of Marine Science, United States",1,delegates_raw,James Cook University,James Cook University,james cook university cynthia riginos australian institute of marine science,australian cook cynthia institute james marine riginos science university,James Cook University,token_key,low,2,2,False,True,True,,
C0340,"James Cook University Dr Ana                      Herrera Reveles   Universidad Central de Venezuela                      Venezuela, Bolivarian Republic of",1,delegates_raw,James Cook University,James Cook University,"james cook university dr ana herrera reveles universidad central de venezuela venezuela, bolivarian republic of",ana bolivarian central cook de dr herrera james republic reveles universidad university venezuela venezuela,James Cook University,token_key,low,2,2,False,True,True,,
C0340,"James Cook University Dr Ana                      Herrera Reveles   Universidad Central de Venezuela                      Venezuela, Bolivarian Republic of, Australia",1,delegates_raw,James Cook University,James Cook University,"james cook university dr ana herrera reveles universidad central de venezuela venezuela, bolivarian republic of",ana bolivarian central cook de dr herrera james republic reveles universidad university venezuela venezuela,James Cook University,token_key,low,2,2,False,True,True,,
C0341,"James Cook University Godfrey                     Ngupula         Tanzania Marine Parks and Reserves Unit                Tanzania, United Republic of",1,delegates_raw,James Cook University,James Cook University,"james cook university godfrey ngupula tanzania marine parks and reserves unit tanzania, united republic of",cook godfrey james marine ngupula parks republic reserves tanzania tanzania unit united university,James Cook University,token_key,low,2,2,False,True,True,,
C0341,"James Cook University Godfrey                     Ngupula         Tanzania Marine Parks and Reserves Unit                Tanzania, United Republic of, Australia",1,delegates_raw,James Cook University,James Cook University,"james cook university godfrey ngupula tanzania marine parks and reserves unit tanzania, united republic of",cook godfrey james marine ngupula parks republic reserves tanzania tanzania unit united university,James Cook University,token_key,low,2,2,False,True,True,,
C0354,KAUST Tadzio                      Bervoets           Coral Restoration Consortium                     Sint Maarten,1,delegates_raw,KAUST Tadzio Bervoets Coral Restoration Consortium Sint Maarten,KAUST Tadzio Bervoets Coral Restoration Consortium Sint Maarten,kaust tadzio bervoets coral restoration consortium sint maarten,bervoets consortium coral kaust maarten restoration sint tadzio,KAUST Tadzio Bervoets Coral Restoration Consortium Sint Maarten,token_key,low,2,2,False,True,True,,
C0354,"KAUST Tadzio                      Bervoets           Coral Restoration Consortium                     Sint Maarten, Saudi Arabia",1,delegates_raw,KAUST Tadzio Bervoets Coral Restoration Consortium Sint Maarten,KAUST Tadzio Bervoets Coral Restoration Consortium Sint Maarten,kaust tadzio bervoets coral restoration consortium sint maarten,bervoets consortium coral kaust maarten restoration sint tadzio,KAUST Tadzio Bervoets Coral Restoration Consortium Sint Maarten,token_key,low,2,2,False,True,True,,
C0368,Leibniz Centre for Tropical Marine Research Dr Jae Kyu                  Lim          KIOST                                                      South Korea,1,delegates_raw,Leibniz Centre for Tropical Marine Research Dr Jae Kyu Lim KIOST South Korea,Leibniz Centre for Tropical Marine Research Dr Jae Kyu Lim KIOST South Korea,leibniz centre for tropical marine research dr jae kyu lim kiost south korea,centre dr jae kiost korea kyu leibniz lim marine research south tropical,Leibniz Centre for Tropical Marine Research Dr Jae Kyu Lim KIOST South Korea,token_key,low,2,2,False,True,True,,
C0368,"Leibniz Centre for Tropical Marine Research Dr Jae Kyu                  Lim          KIOST                                                      South Korea, New Zealand",1,delegates_raw,Leibniz Centre for Tropical Marine Research Dr Jae Kyu Lim KIOST South Korea,Leibniz Centre for Tropical Marine Research Dr Jae Kyu Lim KIOST South Korea,leibniz centre for tropical marine research dr jae kyu lim kiost south korea,centre dr jae kiost korea kyu leibniz lim marine research south tropical,Leibniz Centre for Tropical Marine Research Dr Jae Kyu Lim KIOST South Korea,token_key,low,2,2,False,True,True,,
C0374,Lumpkin,1,delegates_raw,Lumpkin,Lumpkin,lumpkin,lumpkin,Lumpkin,token_key,low,2,2,False,True,True,,
C0374,"Lumpkin, United States",1,delegates_raw,Lumpkin,Lumpkin,lumpkin,lumpkin,Lumpkin,token_key,low,2,2,False,True,True,,
C0414,"Molecular Invertebrate Systematics & Ecology Laboratory Dr Ophery                   Ilomo             University of Dar Es Salaam                           Tanzania, United Republic of",1,delegates_raw,"Molecular Invertebrate Systematics & Ecology Laboratory Dr Ophery Ilomo University of Dar Es Salaam Tanzania, United Republic of","Molecular Invertebrate Systematics & Ecology Laboratory Dr Ophery Ilomo University of Dar Es Salaam Tanzania, United Republic of","molecular invertebrate systematics & ecology laboratory dr ophery ilomo university of dar es salaam tanzania, united republic of",dar dr ecology es ilomo invertebrate laboratory molecular ophery republic salaam systematics tanzania united university,"Molecular Invertebrate Systematics & Ecology Laboratory Dr Ophery Ilomo University of Dar Es Salaam Tanzania, United Republic of",token_key,low,2,2,False,True,True,,
C0414,"Molecular Invertebrate Systematics & Ecology Laboratory Dr Ophery                   Ilomo             University of Dar Es Salaam                           Tanzania, United Republic of, Japan",1,delegates_raw,"Molecular Invertebrate Systematics & Ecology Laboratory Dr Ophery Ilomo University of Dar Es Salaam Tanzania, United Republic of","Molecular Invertebrate Systematics & Ecology Laboratory Dr Ophery Ilomo University of Dar Es Salaam Tanzania, United Republic of","molecular invertebrate systematics & ecology laboratory dr ophery ilomo university of dar es salaam tanzania, united republic of",dar dr ecology es ilomo invertebrate laboratory molecular ophery republic salaam systematics tanzania united university,"Molecular Invertebrate Systematics & Ecology Laboratory Dr Ophery Ilomo University of Dar Es Salaam Tanzania, United Republic of",token_key,low,2,2,False,True,True,,
C0417,Mote Marine Laboratory Dr Akacia                   Halliday-Isaac    Center for Marine and Environmental Studies           Virgin Islands (U.S.),1,delegates_raw,Mote Marine Laboratory Dr Akacia Halliday-Isaac Center for Marine and Environmental Studies Virgin Islands (U.S.),Mote Marine Laboratory Dr Akacia Halliday-Isaac Center for Marine and Environmental Studies Virgin Islands (U.S.),mote marine laboratory dr akacia halliday-isaac center for marine and environmental studies virgin islands (u.s.),akacia center dr environmental halliday isaac islands laboratory marine marine mote s studies u virgin,Mote Marine Laboratory Dr Akacia Halliday-Isaac Center for Marine and Environmental Studies Virgin Islands (U.S.),token_key,low,2,2,False,True,True,,
C0417,"Mote Marine Laboratory Dr Akacia                   Halliday-Isaac    Center for Marine and Environmental Studies           Virgin Islands (U.S.), United States",1,delegates_raw,Mote Marine Laboratory Dr Akacia Halliday-Isaac Center for Marine and Environmental Studies Virgin Islands (U.S.),Mote Marine Laboratory Dr Akacia Halliday-Isaac Center for Marine and Environmental Studies Virgin Islands (U.S.),mote marine laboratory dr akacia halliday-isaac center for marine and environmental studies virgin islands (u.s.),akacia center dr environmental halliday isaac islands laboratory marine marine mote s studies u virgin,Mote Marine Laboratory Dr Akacia Halliday-Isaac Center for Marine and Environmental Studies Virgin Islands (U.S.),token_key,low,2,2,False,True,True,,
C0441,National Oceanic and Atmospheric Administration Christina                   Jayne             State of Hawai'i,1,delegates_raw,National Oceanic and Atmospheric Administration Christina Jayne State of Hawai'i,National Oceanic and Atmospheric Administration Christina Jayne State of Hawai'i,national oceanic and atmospheric administration christina jayne state of hawaii,administration atmospheric christina hawaii jayne national oceanic state,National Oceanic and Atmospheric Administration Christina Jayne State of Hawai'i,token_key,low,2,2,False,True,True,,
C0441,"National Oceanic and Atmospheric Administration Christina                   Jayne             State of Hawai'i, United States",1,delegates_raw,National Oceanic and Atmospheric Administration Christina Jayne State of Hawai'i,National Oceanic and Atmospheric Administration Christina Jayne State of Hawai'i,national oceanic and atmospheric administration christina jayne state of hawaii,administration atmospheric christina hawaii jayne national oceanic state,National Oceanic and Atmospheric Administration Christina Jayne State of Hawai'i,token_key,low,2,2,False,True,True,,
C0442,National Oceanic and Atmospheric Administration Dr Casey                    Whalen          University of the Virgin Islands                         Virgin Islands (U.S.),1,delegates_raw,National Oceanic and Atmospheric Administration Dr Casey Whalen University of the Virgin Islands Virgin Islands (U.S.),National Oceanic and Atmospheric Administration Dr Casey Whalen University of the Virgin Islands Virgin Islands (U.S.),national oceanic and atmospheric administration dr casey whalen university of the virgin islands virgin islands (u.s.),administration atmospheric casey dr islands islands national oceanic s u university virgin virgin whalen,National Oceanic and Atmospheric Administration Dr Casey Whalen University of the Virgin Islands Virgin Islands (U.S.),token_key,low,2,2,False,True,True,,
C0442,"National Oceanic and Atmospheric Administration Dr Casey                    Whalen          University of the Virgin Islands                         Virgin Islands (U.S.), United States",1,delegates_raw,National Oceanic and Atmospheric Administration Dr Casey Whalen University of the Virgin Islands Virgin Islands (U.S.),National Oceanic and Atmospheric Administration Dr Casey Whalen University of the Virgin Islands Virgin Islands (U.S.),national oceanic and atmospheric administration dr casey whalen university of the virgin islands virgin islands (u.s.),administration atmospheric casey dr islands islands national oceanic s u university virgin virgin whalen,National Oceanic and Atmospheric Administration Dr Casey Whalen University of the Virgin Islands Virgin Islands (U.S.),token_key,low,2,2,False,True,True,,
C0449,National University of Singapore Gaby                        Lee             Catholic University of Korea                       South Korea Prof Jeong-Hyun             Lee             Chungnam National University                       South Korea Dr Jimin                    Lee             KIOST                                              South Korea,1,delegates_raw,National University of Singapore Gaby Lee Catholic University of Korea South Korea Prof Jeong-Hyun Lee Chungnam National University South Korea Dr Jimin Lee KIOST South Korea,National University of Singapore Gaby Lee Catholic University of Korea South Korea Prof Jeong-Hyun Lee Chungnam National University South Korea Dr Jimin Lee KIOST South Korea,national university of singapore gaby lee catholic university of korea south korea prof jeong-hyun lee chungnam national university south korea dr jimin lee kiost south korea,catholic chungnam dr gaby hyun jeong jimin kiost korea korea korea korea lee lee lee national national prof singapore south south south university university university,National University of Singapore Gaby Lee Catholic University of Korea South Korea Prof Jeong-Hyun Lee Chungnam National University South Korea Dr Jimin Lee KIOST South Korea,token_key,low,2,2,False,True,True,,
C0449,"National University of Singapore Gaby                        Lee             Catholic University of Korea                       South Korea Prof Jeong-Hyun             Lee             Chungnam National University                       South Korea Dr Jimin                    Lee             KIOST                                              South Korea, Singapore",1,delegates_raw,National University of Singapore Gaby Lee Catholic University of Korea South Korea Prof Jeong-Hyun Lee Chungnam National University South Korea Dr Jimin Lee KIOST South Korea,National University of Singapore Gaby Lee Catholic University of Korea South Korea Prof Jeong-Hyun Lee Chungnam National University South Korea Dr Jimin Lee KIOST South Korea,national university of singapore gaby lee catholic university of korea south korea prof jeong-hyun lee chungnam national university south korea dr jimin lee kiost south korea,catholic chungnam dr gaby hyun jeong jimin kiost korea korea korea korea lee lee lee national national prof singapore south south south university university university,National University of Singapore Gaby Lee Catholic University of Korea South Korea Prof Jeong-Hyun Lee Chungnam National University South Korea Dr Jimin Lee KIOST South Korea,token_key,low,2,2,False,True,True,,
C0450,National University of Singapore Prof Moo Joon               Lee             Seokyeong University                               South Korea,1,delegates_raw,National University of Singapore Prof Moo Joon Lee Seokyeong University South Korea,National University of Singapore Prof Moo Joon Lee Seokyeong University South Korea,national university of singapore prof moo joon lee seokyeong university south korea,joon korea lee moo national prof seokyeong singapore south university university,National University of Singapore Prof Moo Joon Lee Seokyeong University South Korea,token_key,low,2,2,False,True,True,,
C0450,"National University of Singapore Prof Moo Joon               Lee             Seokyeong University                               South Korea, Singapore",1,delegates_raw,National University of Singapore Prof Moo Joon Lee Seokyeong University South Korea,National University of Singapore Prof Moo Joon Lee Seokyeong University South Korea,national university of singapore prof moo joon lee seokyeong university south korea,joon korea lee moo national prof seokyeong singapore south university university,National University of Singapore Prof Moo Joon Lee Seokyeong University South Korea,token_key,low,2,2,False,True,True,,
C0456,Newcastle University Eugene                      Joseph             Conservation Society of Pohnpei               Micronesia (the Federated States of),1,delegates_raw,Newcastle University Eugene Joseph Conservation Society of Pohnpei Micronesia (the Federated States of),Newcastle University Eugene Joseph Conservation Society of Pohnpei Micronesia (the Federated States of),newcastle university eugene joseph conservation society of pohnpei micronesia (the federated states of),conservation eugene federated joseph micronesia newcastle pohnpei society states university,Newcastle University Eugene Joseph Conservation Society of Pohnpei Micronesia (the Federated States of),token_key,low,2,2,False,True,True,,
C0456,"Newcastle University Eugene                      Joseph             Conservation Society of Pohnpei               Micronesia (the Federated States of), Germany",1,delegates_raw,Newcastle University Eugene Joseph Conservation Society of Pohnpei Micronesia (the Federated States of),Newcastle University Eugene Joseph Conservation Society of Pohnpei Micronesia (the Federated States of),newcastle university eugene joseph conservation society of pohnpei micronesia (the federated states of),conservation eugene federated joseph micronesia newcastle pohnpei society states university,Newcastle University Eugene Joseph Conservation Society of Pohnpei Micronesia (the Federated States of),token_key,low,2,2,False,True,True,,
C0463,Nova Southeastern University Dan                         Hikuroa           University of Auckland,1,delegates_raw,University of Auckland,University of Auckland,nova southeastern university dan hikuroa university of auckland,auckland dan hikuroa nova southeastern university university,University of Auckland,token_key,low,2,2,False,True,True,,
C0463,"Nova Southeastern University Dan                         Hikuroa           University of Auckland, United States",1,delegates_raw,University of Auckland,University of Auckland,nova southeastern university dan hikuroa university of auckland,auckland dan hikuroa nova southeastern university university,University of Auckland,token_key,low,2,2,False,True,True,,
C0464,Nova Southeastern University Maria                       Angst               Division of Aquatic Resources - Hawai'i,1,delegates_raw,Nova Southeastern University Maria Angst Division of Aquatic Resources - Hawai'i,Nova Southeastern University Maria Angst Division of Aquatic Resources - Hawai'i,nova southeastern university maria angst division of aquatic resources - hawaii,angst aquatic division hawaii maria nova resources southeastern university,Nova Southeastern University Maria Angst Division of Aquatic Resources - Hawai'i,token_key,low,2,2,False,True,True,,
C0464,"Nova Southeastern University Maria                       Angst               Division of Aquatic Resources - Hawai'i, United States",1,delegates_raw,Nova Southeastern University Maria Angst Division of Aquatic Resources - Hawai'i,Nova Southeastern University Maria Angst Division of Aquatic Resources - Hawai'i,nova southeastern university maria angst division of aquatic resources - hawaii,angst aquatic division hawaii maria nova resources southeastern university,Nova Southeastern University Maria Angst Division of Aquatic Resources - Hawai'i,token_key,low,2,2,False,True,True,,
C0475,Ohio State University Moriah                      Sevier              University of the Virgin Islands                         Virgin Islands (U.S.),1,delegates_raw,Ohio State University Moriah Sevier University of the Virgin Islands Virgin Islands (U.S.),Ohio State University Moriah Sevier University of the Virgin Islands Virgin Islands (U.S.),ohio state university moriah sevier university of the virgin islands virgin islands (u.s.),islands islands moriah ohio s sevier state u university university virgin virgin,Ohio State University Moriah Sevier University of the Virgin Islands Virgin Islands (U.S.),token_key,low,2,2,False,True,True,,
C0475,"Ohio State University Moriah                      Sevier              University of the Virgin Islands                         Virgin Islands (U.S.), United States",1,delegates_raw,Ohio State University Moriah Sevier University of the Virgin Islands Virgin Islands (U.S.),Ohio State University Moriah Sevier University of the Virgin Islands Virgin Islands (U.S.),ohio state university moriah sevier university of the virgin islands virgin islands (u.s.),islands islands moriah ohio s sevier state u university university virgin virgin,Ohio State University Moriah Sevier University of the Virgin Islands Virgin Islands (U.S.),token_key,low,2,2,False,True,True,,
C0479,Olohana Foundation Bailey                      Thomasson             Coral Restoration Foundation                             Virgin Islands (U.S.),1,delegates_raw,Coral Restoration Foundation,Coral Restoration Foundation,olohana foundation bailey thomasson coral restoration foundation virgin islands (u.s.),bailey coral foundation foundation islands olohana restoration s thomasson u virgin,Coral Restoration Foundation,token_key,low,2,2,False,True,True,,
C0479,"Olohana Foundation Bailey                      Thomasson             Coral Restoration Foundation                             Virgin Islands (U.S.), United States",1,delegates_raw,Coral Restoration Foundation,Coral Restoration Foundation,olohana foundation bailey thomasson coral restoration foundation virgin islands (u.s.),bailey coral foundation foundation islands olohana restoration s thomasson u virgin,Coral Restoration Foundation,token_key,low,2,2,False,True,True,,
C0494,Projeto Costão Rochoso Jasmine                     Mendiola         Conservation Society of Pohnpei              Micronesia (the Federated States of),1,delegates_raw,Projeto Costão Rochoso Jasmine Mendiola Conservation Society of Pohnpei Micronesia (the Federated States of),Projeto Costão Rochoso Jasmine Mendiola Conservation Society of Pohnpei Micronesia (the Federated States of),projeto costao rochoso jasmine mendiola conservation society of pohnpei micronesia (the federated states of),conservation costao federated jasmine mendiola micronesia pohnpei projeto rochoso society states,Projeto Costão Rochoso Jasmine Mendiola Conservation Society of Pohnpei Micronesia (the Federated States of),token_key,low,2,2,False,True,True,,
C0494,"Projeto Costão Rochoso Jasmine                     Mendiola         Conservation Society of Pohnpei              Micronesia (the Federated States of), Brazil",1,delegates_raw,Projeto Costão Rochoso Jasmine Mendiola Conservation Society of Pohnpei Micronesia (the Federated States of),Projeto Costão Rochoso Jasmine Mendiola Conservation Society of Pohnpei Micronesia (the Federated States of),projeto costao rochoso jasmine mendiola conservation society of pohnpei micronesia (the federated states of),conservation costao federated jasmine mendiola micronesia pohnpei projeto rochoso society states,Projeto Costão Rochoso Jasmine Mendiola Conservation Society of Pohnpei Micronesia (the Federated States of),token_key,low,2,2,False,True,True,,
C0502,Queensland University of Technology Jaehyeon                    Kim              KIOST                                                   South Korea,1,delegates_raw,Queensland University of Technology Jaehyeon Kim KIOST South Korea,Queensland University of Technology Jaehyeon Kim KIOST South Korea,queensland university of technology jaehyeon kim kiost south korea,jaehyeon kim kiost korea queensland south technology university,Queensland University of Technology Jaehyeon Kim KIOST South Korea,token_key,low,2,2,False,True,True,,
C0502,"Queensland University of Technology Jaehyeon                    Kim              KIOST                                                   South Korea, Australia",1,delegates_raw,Queensland University of Technology Jaehyeon Kim KIOST South Korea,Queensland University of Technology Jaehyeon Kim KIOST South Korea,queensland university of technology jaehyeon kim kiost south korea,jaehyeon kim kiost korea queensland south technology university,Queensland University of Technology Jaehyeon Kim KIOST South Korea,token_key,low,2,2,False,True,True,,
C0505,Ramkhamhaeng University David                       Suggett             KAUST,1,delegates_raw,Ramkhamhaeng University David Suggett KAUST,Ramkhamhaeng University David Suggett KAUST,ramkhamhaeng university david suggett kaust,david kaust ramkhamhaeng suggett university,Ramkhamhaeng University David Suggett KAUST,token_key,low,2,2,False,True,True,,
C0505,"Ramkhamhaeng University David                       Suggett             KAUST, Thailand",1,delegates_raw,Ramkhamhaeng University David Suggett KAUST,Ramkhamhaeng University David Suggett KAUST,ramkhamhaeng university david suggett kaust,david kaust ramkhamhaeng suggett university,Ramkhamhaeng University David Suggett KAUST,token_key,low,2,2,False,True,True,,
C0521,Resource and Ecosystem Management Tamatoa                     Bambridge           National Center for Scientific Research - Rāhui Center,1,delegates_raw,Resource and Ecosystem Management Tamatoa Bambridge National Center for Scientific Research - Rāhui Center,Resource and Ecosystem Management Tamatoa Bambridge National Center for Scientific Research - Rāhui Center,resource and ecosystem management tamatoa bambridge national center for scientific research - rahui center,bambridge center center ecosystem management national rahui research resource scientific tamatoa,Resource and Ecosystem Management Tamatoa Bambridge National Center for Scientific Research - Rāhui Center,token_key,low,2,2,False,True,True,,
C0521,"Resource and Ecosystem Management Tamatoa                     Bambridge           National Center for Scientific Research - Rāhui Center, United States",1,delegates_raw,Resource and Ecosystem Management Tamatoa Bambridge National Center for Scientific Research - Rāhui Center,Resource and Ecosystem Management Tamatoa Bambridge National Center for Scientific Research - Rāhui Center,resource and ecosystem management tamatoa bambridge national center for scientific research - rahui center,bambridge center center ecosystem management national rahui research resource scientific tamatoa,Resource and Ecosystem Management Tamatoa Bambridge National Center for Scientific Research - Rāhui Center,token_key,low,2,2,False,True,True,,
C0579,Texas A&M University - Corpus Christi Bradley                     Arrington           University of the Virgin Islands                   Virgin Islands (U.S.),1,delegates_raw,Texas A&M University - Corpus Christi Bradley Arrington University of the Virgin Islands Virgin Islands (U.S.),Texas A&M University - Corpus Christi Bradley Arrington University of the Virgin Islands Virgin Islands (U.S.),texas a&m university - corpus christi bradley arrington university of the virgin islands virgin islands (u.s.),a arrington bradley christi corpus islands islands m s texas u university university virgin virgin,Texas A&M University - Corpus Christi Bradley Arrington University of the Virgin Islands Virgin Islands (U.S.),token_key,low,2,2,False,True,True,,
C0579,"Texas A&M University - Corpus Christi Bradley                     Arrington           University of the Virgin Islands                   Virgin Islands (U.S.), United States",1,delegates_raw,Texas A&M University - Corpus Christi Bradley Arrington University of the Virgin Islands Virgin Islands (U.S.),Texas A&M University - Corpus Christi Bradley Arrington University of the Virgin Islands Virgin Islands (U.S.),texas a&m university - corpus christi bradley arrington university of the virgin islands virgin islands (u.s.),a arrington bradley christi corpus islands islands m s texas u university university virgin virgin,Texas A&M University - Corpus Christi Bradley Arrington University of the Virgin Islands Virgin Islands (U.S.),token_key,low,2,2,False,True,True,,
C0581,Texas A&M University Dr Won-Gi                   Min              KIOST (korea Institute Of Ocean Science &               South Korea Technology),1,delegates_raw,Texas A&M University Dr Won-Gi Min KIOST (korea Institute Of Ocean Science & South Korea Technology),Texas A&M University Dr Won-Gi Min KIOST (korea Institute Of Ocean Science & South Korea Technology),texas a&m university dr won-gi min kiost (korea institute of ocean science & south korea technology),a dr gi institute kiost korea korea m min ocean science south technology texas university won,Texas A&M University Dr Won-Gi Min KIOST (korea Institute Of Ocean Science & South Korea Technology),token_key,low,2,2,False,True,True,,
C0581,"Texas A&M University Dr Won-Gi                   Min              KIOST (korea Institute Of Ocean Science &               South Korea Technology), United States",1,delegates_raw,Texas A&M University Dr Won-Gi Min KIOST (korea Institute Of Ocean Science & South Korea Technology),Texas A&M University Dr Won-Gi Min KIOST (korea Institute Of Ocean Science & South Korea Technology),texas a&m university dr won-gi min kiost (korea institute of ocean science & south korea technology),a dr gi institute kiost korea korea m min ocean science south technology texas university won,Texas A&M University Dr Won-Gi Min KIOST (korea Institute Of Ocean Science & South Korea Technology),token_key,low,2,2,False,True,True,,
C0598,United Nations Development Programme - Mauritius & Seychelles Jaeseok                     Chung             KIOST                                                South Korea,1,delegates_raw,United Nations Development Programme - Mauritius & Seychelles Jaeseok Chung KIOST South Korea,United Nations Development Programme - Mauritius & Seychelles Jaeseok Chung KIOST South Korea,united nations development programme - mauritius & seychelles jaeseok chung kiost south korea,chung development jaeseok kiost korea mauritius nations programme seychelles south united,United Nations Development Programme - Mauritius & Seychelles Jaeseok Chung KIOST South Korea,token_key,low,2,2,False,True,True,,
C0598,"United Nations Development Programme - Mauritius & Seychelles Jaeseok                     Chung             KIOST                                                South Korea, Mauritius",1,delegates_raw,United Nations Development Programme - Mauritius & Seychelles Jaeseok Chung KIOST South Korea,United Nations Development Programme - Mauritius & Seychelles Jaeseok Chung KIOST South Korea,united nations development programme - mauritius & seychelles jaeseok chung kiost south korea,chung development jaeseok kiost korea mauritius nations programme seychelles south united,United Nations Development Programme - Mauritius & Seychelles Jaeseok Chung KIOST South Korea,token_key,low,2,2,False,True,True,,
C0605,Universidad San Francisco de Quito Dr Marilyn                  Brandt         University of the Virgin Islands                   Virgin Islands (U.S.),1,delegates_raw,Universidad San Francisco de Quito Dr Marilyn Brandt University of the Virgin Islands Virgin Islands (U.S.),Universidad San Francisco de Quito Dr Marilyn Brandt University of the Virgin Islands Virgin Islands (U.S.),universidad san francisco de quito dr marilyn brandt university of the virgin islands virgin islands (u.s.),brandt de dr francisco islands islands marilyn quito s san u universidad university virgin virgin,Universidad San Francisco de Quito Dr Marilyn Brandt University of the Virgin Islands Virgin Islands (U.S.),token_key,low,2,2,False,True,True,,
C0605,"Universidad San Francisco de Quito Dr Marilyn                  Brandt         University of the Virgin Islands                   Virgin Islands (U.S.), Ecuador",1,delegates_raw,Universidad San Francisco de Quito Dr Marilyn Brandt University of the Virgin Islands Virgin Islands (U.S.),Universidad San Francisco de Quito Dr Marilyn Brandt University of the Virgin Islands Virgin Islands (U.S.),universidad san francisco de quito dr marilyn brandt university of the virgin islands virgin islands (u.s.),brandt de dr francisco islands islands marilyn quito s san u universidad university virgin virgin,Universidad San Francisco de Quito Dr Marilyn Brandt University of the Virgin Islands Virgin Islands (U.S.),token_key,low,2,2,False,True,True,,
C0620,University of Alabama - Birmingham Prof Paul                   Kench              University of Waikato,1,delegates_raw,University of Alabama - Birmingham Prof Paul Kench University of Waikato,University of Alabama - Birmingham Prof Paul Kench University of Waikato,university of alabama - birmingham prof paul kench university of waikato,alabama birmingham kench paul prof university university waikato,University of Alabama - Birmingham Prof Paul Kench University of Waikato,token_key,low,2,2,False,True,True,,
C0620,"University of Alabama - Birmingham Prof Paul                   Kench              University of Waikato, United States",1,delegates_raw,University of Alabama - Birmingham Prof Paul Kench University of Waikato,University of Alabama - Birmingham Prof Paul Kench University of Waikato,university of alabama - birmingham prof paul kench university of waikato,alabama birmingham kench paul prof university university waikato,University of Alabama - Birmingham Prof Paul Kench University of Waikato,token_key,low,2,2,False,True,True,,
C0621,University of Alabama Dr Seonock                  Woo                 KIOST                                                     South Korea,1,delegates_raw,University of Alabama Dr Seonock Woo KIOST South Korea,University of Alabama Dr Seonock Woo KIOST South Korea,university of alabama dr seonock woo kiost south korea,alabama dr kiost korea seonock south university woo,University of Alabama Dr Seonock Woo KIOST South Korea,token_key,low,2,2,False,True,True,,
C0621,"University of Alabama Dr Seonock                  Woo                 KIOST                                                     South Korea, United States",1,delegates_raw,University of Alabama Dr Seonock Woo KIOST South Korea,University of Alabama Dr Seonock Woo KIOST South Korea,university of alabama dr seonock woo kiost south korea,alabama dr kiost korea seonock south university woo,University of Alabama Dr Seonock Woo KIOST South Korea,token_key,low,2,2,False,True,True,,
C0633,University of California - Los Angeles Dr Greg                     Asner               Global Discovery and Conservation Science,1,delegates_raw,University of California - Los Angeles Dr Greg Asner Global Discovery and Conservation Science,University of California - Los Angeles Dr Greg Asner Global Discovery and Conservation Science,university of california - los angeles dr greg asner global discovery and conservation science,angeles asner california conservation discovery dr global greg los science university,University of California - Los Angeles Dr Greg Asner Global Discovery and Conservation Science,token_key,low,2,2,False,True,True,,
C0633,"University of California - Los Angeles Dr Greg                     Asner               Global Discovery and Conservation Science, United States",1,delegates_raw,University of California - Los Angeles Dr Greg Asner Global Discovery and Conservation Science,University of California - Los Angeles Dr Greg Asner Global Discovery and Conservation Science,university of california - los angeles dr greg asner global discovery and conservation science,angeles asner california conservation discovery dr global greg los science university,University of California - Los Angeles Dr Greg Asner Global Discovery and Conservation Science,token_key,low,2,2,False,True,True,,
C0638,University of California - Santa Barbara Ilan                        Bubb           Johnston Applied Marine Sciences/University of     Northern Mariana Amsterdam                                          Islands,1,delegates_raw,University of California - Santa Barbara Ilan Bubb Johnston Applied Marine Sciences/University of Northern Mariana Amsterdam Islands,University of California - Santa Barbara Ilan Bubb Johnston Applied Marine Sciences/University of Northern Mariana Amsterdam Islands,university of california - santa barbara ilan bubb johnston applied marine sciences/university of northern mariana amsterdam islands,amsterdam applied barbara bubb california ilan islands johnston mariana marine northern santa sciences university university,University of California - Santa Barbara Ilan Bubb Johnston Applied Marine Sciences/University of Northern Mariana Amsterdam Islands,token_key,low,2,2,False,True,True,,
C0638,"University of California - Santa Barbara Ilan                        Bubb           Johnston Applied Marine Sciences/University of     Northern Mariana Amsterdam                                          Islands, United States",1,delegates_raw,University of California - Santa Barbara Ilan Bubb Johnston Applied Marine Sciences/University of Northern Mariana Amsterdam Islands,University of California - Santa Barbara Ilan Bubb Johnston Applied Marine Sciences/University of Northern Mariana Amsterdam Islands,university of california - santa barbara ilan bubb johnston applied marine sciences/university of northern mariana amsterdam islands,amsterdam applied barbara bubb california ilan islands johnston mariana marine northern santa sciences university university,University of California - Santa Barbara Ilan Bubb Johnston Applied Marine Sciences/University of Northern Mariana Amsterdam Islands,token_key,low,2,2,False,True,True,,
C0642,"University of Copenhagen Jörg-Dieter                 Seifert-Granzin   University of Salzburg                                Bolivia, Plurinational State of",1,delegates_raw,"University of Copenhagen Jörg-Dieter Seifert-Granzin University of Salzburg Bolivia, Plurinational State of","University of Copenhagen Jörg-Dieter Seifert-Granzin University of Salzburg Bolivia, Plurinational State of","university of copenhagen jorg-dieter seifert-granzin university of salzburg bolivia, plurinational state of",bolivia copenhagen dieter granzin jorg plurinational salzburg seifert state university university,"University of Copenhagen Jörg-Dieter Seifert-Granzin University of Salzburg Bolivia, Plurinational State of",token_key,low,2,2,False,True,True,,
C0642,"University of Copenhagen Jörg-Dieter                 Seifert-Granzin   University of Salzburg                                Bolivia, Plurinational State of, Denmark",1,delegates_raw,"University of Copenhagen Jörg-Dieter Seifert-Granzin University of Salzburg Bolivia, Plurinational State of","University of Copenhagen Jörg-Dieter Seifert-Granzin University of Salzburg Bolivia, Plurinational State of","university of copenhagen jorg-dieter seifert-granzin university of salzburg bolivia, plurinational state of",bolivia copenhagen dieter granzin jorg plurinational salzburg seifert state university university,"University of Copenhagen Jörg-Dieter Seifert-Granzin University of Salzburg Bolivia, Plurinational State of",token_key,low,2,2,False,True,True,,
C0645,University of Delaware Bailey                      Warren          Coral Reef Initiative                                    Northern Mariana Islands,1,delegates_raw,University of Delaware Bailey Warren Coral Reef Initiative Northern Mariana Islands,University of Delaware Bailey Warren Coral Reef Initiative Northern Mariana Islands,university of delaware bailey warren coral reef initiative northern mariana islands,bailey coral delaware initiative islands mariana northern reef university warren,University of Delaware Bailey Warren Coral Reef Initiative Northern Mariana Islands,token_key,low,2,2,False,True,True,,
C0645,"University of Delaware Bailey                      Warren          Coral Reef Initiative                                    Northern Mariana Islands, United States",1,delegates_raw,University of Delaware Bailey Warren Coral Reef Initiative Northern Mariana Islands,University of Delaware Bailey Warren Coral Reef Initiative Northern Mariana Islands,university of delaware bailey warren coral reef initiative northern mariana islands,bailey coral delaware initiative islands mariana northern reef university warren,University of Delaware Bailey Warren Coral Reef Initiative Northern Mariana Islands,token_key,low,2,2,False,True,True,,
C0651,University of Guam Virginia                    Weis            Oregon State University,1,delegates_raw,University of Guam Virginia Weis Oregon State University,University of Guam Virginia Weis Oregon State University,university of guam virginia weis oregon state university,guam oregon state university university virginia weis,University of Guam Virginia Weis Oregon State University,token_key,low,2,2,False,True,True,,
C0651,"University of Guam Virginia                    Weis            Oregon State University, Guam",1,delegates_raw,University of Guam Virginia Weis Oregon State University,University of Guam Virginia Weis Oregon State University,university of guam virginia weis oregon state university,guam oregon state university university virginia weis,University of Guam Virginia Weis Oregon State University,token_key,low,2,2,False,True,True,,
C0653,University of Hawai'i - Mānoa Cole                        Sheeley             University of the Virgin Islands                      Virgin Islands (U.S.),1,delegates_raw,University of Hawai'i - Mānoa Cole Sheeley University of the Virgin Islands Virgin Islands (U.S.),University of Hawai'i - Mānoa Cole Sheeley University of the Virgin Islands Virgin Islands (U.S.),university of hawaii - manoa cole sheeley university of the virgin islands virgin islands (u.s.),cole hawaii islands islands manoa s sheeley u university university virgin virgin,University of Hawai'i - Mānoa Cole Sheeley University of the Virgin Islands Virgin Islands (U.S.),token_key,low,2,2,False,True,True,,
C0653,"University of Hawai'i - Mānoa Cole                        Sheeley             University of the Virgin Islands                      Virgin Islands (U.S.), United States",1,delegates_raw,University of Hawai'i - Mānoa Cole Sheeley University of the Virgin Islands Virgin Islands (U.S.),University of Hawai'i - Mānoa Cole Sheeley University of the Virgin Islands Virgin Islands (U.S.),university of hawaii - manoa cole sheeley university of the virgin islands virgin islands (u.s.),cole hawaii islands islands manoa s sheeley u university university virgin virgin,University of Hawai'i - Mānoa Cole Sheeley University of the Virgin Islands Virgin Islands (U.S.),token_key,low,2,2,False,True,True,,
C0654,University of Hawai'i Dr Lauren                   Olinger              University of the Virgin Islands                      Virgin Islands (U.S.),1,delegates_raw,University of Hawai'i Dr Lauren Olinger University of the Virgin Islands Virgin Islands (U.S.),University of Hawai'i Dr Lauren Olinger University of the Virgin Islands Virgin Islands (U.S.),university of hawaii dr lauren olinger university of the virgin islands virgin islands (u.s.),dr hawaii islands islands lauren olinger s u university university virgin virgin,University of Hawai'i Dr Lauren Olinger University of the Virgin Islands Virgin Islands (U.S.),token_key,low,2,2,False,True,True,,
C0654,"University of Hawai'i Dr Lauren                   Olinger              University of the Virgin Islands                      Virgin Islands (U.S.), United States",1,delegates_raw,University of Hawai'i Dr Lauren Olinger University of the Virgin Islands Virgin Islands (U.S.),University of Hawai'i Dr Lauren Olinger University of the Virgin Islands Virgin Islands (U.S.),university of hawaii dr lauren olinger university of the virgin islands virgin islands (u.s.),dr hawaii islands islands lauren olinger s u university university virgin virgin,University of Hawai'i Dr Lauren Olinger University of the Virgin Islands Virgin Islands (U.S.),token_key,low,2,2,False,True,True,,
C0655,"University of Hawai‘i - Mānoa Margot                      Webster         Blue Alliance                                            Tanzania, United Republic of",1,delegates_raw,"University of Hawai‘i - Mānoa Margot Webster Blue Alliance Tanzania, United Republic of","University of Hawai‘i - Mānoa Margot Webster Blue Alliance Tanzania, United Republic of","university of hawaii - manoa margot webster blue alliance tanzania, united republic of",alliance blue hawaii manoa margot republic tanzania united university webster,"University of Hawai‘i - Mānoa Margot Webster Blue Alliance Tanzania, United Republic of",token_key,low,2,2,False,True,True,,
C0655,"University of Hawai‘i - Mānoa Margot                      Webster         Blue Alliance                                            Tanzania, United Republic of, United States",1,delegates_raw,"University of Hawai‘i - Mānoa Margot Webster Blue Alliance Tanzania, United Republic of","University of Hawai‘i - Mānoa Margot Webster Blue Alliance Tanzania, United Republic of","university of hawaii - manoa margot webster blue alliance tanzania, united republic of",alliance blue hawaii manoa margot republic tanzania united university webster,"University of Hawai‘i - Mānoa Margot Webster Blue Alliance Tanzania, United Republic of",token_key,low,2,2,False,True,True,,
C0660,"University of Lisbon Dr Aldo                     Croquer            The Nature Conservancy                             Venezuela, Bolivarian Republic of",1,delegates_raw,"University of Lisbon Dr Aldo Croquer The Nature Conservancy Venezuela, Bolivarian Republic of","University of Lisbon Dr Aldo Croquer The Nature Conservancy Venezuela, Bolivarian Republic of","university of lisbon dr aldo croquer the nature conservancy venezuela, bolivarian republic of",aldo bolivarian conservancy croquer dr lisbon nature republic university venezuela,"University of Lisbon Dr Aldo Croquer The Nature Conservancy Venezuela, Bolivarian Republic of",token_key,low,2,2,False,True,True,,
C0660,"University of Lisbon Dr Aldo                     Croquer            The Nature Conservancy                             Venezuela, Bolivarian Republic of, Portugal",1,delegates_raw,"University of Lisbon Dr Aldo Croquer The Nature Conservancy Venezuela, Bolivarian Republic of","University of Lisbon Dr Aldo Croquer The Nature Conservancy Venezuela, Bolivarian Republic of","university of lisbon dr aldo croquer the nature conservancy venezuela, bolivarian republic of",aldo bolivarian conservancy croquer dr lisbon nature republic university venezuela,"University of Lisbon Dr Aldo Croquer The Nature Conservancy Venezuela, Bolivarian Republic of",token_key,low,2,2,False,True,True,,
C0667,University of Michigan - Ann Arbor Gillian                     Coleman            University of the Virgin Islands                   Virgin Islands (U.S.),1,delegates_raw,University of Michigan - Ann Arbor Gillian Coleman University of the Virgin Islands Virgin Islands (U.S.),University of Michigan - Ann Arbor Gillian Coleman University of the Virgin Islands Virgin Islands (U.S.),university of michigan - ann arbor gillian coleman university of the virgin islands virgin islands (u.s.),ann arbor coleman gillian islands islands michigan s u university university virgin virgin,University of Michigan - Ann Arbor Gillian Coleman University of the Virgin Islands Virgin Islands (U.S.),token_key,low,2,2,False,True,True,,
C0667,"University of Michigan - Ann Arbor Gillian                     Coleman            University of the Virgin Islands                   Virgin Islands (U.S.), United States",1,delegates_raw,University of Michigan - Ann Arbor Gillian Coleman University of the Virgin Islands Virgin Islands (U.S.),University of Michigan - Ann Arbor Gillian Coleman University of the Virgin Islands Virgin Islands (U.S.),university of michigan - ann arbor gillian coleman university of the virgin islands virgin islands (u.s.),ann arbor coleman gillian islands islands michigan s u university university virgin virgin,University of Michigan - Ann Arbor Gillian Coleman University of the Virgin Islands Virgin Islands (U.S.),token_key,low,2,2,False,True,True,,
C0668,University of Milano-Bicocca Dr Hye-won                  Moon             National Marine Biodiversity Institute of Korea         South Korea,1,delegates_raw,University of Milano-Bicocca Dr Hye-won Moon National Marine Biodiversity Institute of Korea South Korea,University of Milano-Bicocca Dr Hye-won Moon National Marine Biodiversity Institute of Korea South Korea,university of milano-bicocca dr hye-won moon national marine biodiversity institute of korea south korea,bicocca biodiversity dr hye institute korea korea marine milano moon national south university won,University of Milano-Bicocca Dr Hye-won Moon National Marine Biodiversity Institute of Korea South Korea,token_key,low,2,2,False,True,True,,
C0668,"University of Milano-Bicocca Dr Hye-won                  Moon             National Marine Biodiversity Institute of Korea         South Korea, Italy",1,delegates_raw,University of Milano-Bicocca Dr Hye-won Moon National Marine Biodiversity Institute of Korea South Korea,University of Milano-Bicocca Dr Hye-won Moon National Marine Biodiversity Institute of Korea South Korea,university of milano-bicocca dr hye-won moon national marine biodiversity institute of korea south korea,bicocca biodiversity dr hye institute korea korea marine milano moon national south university won,University of Milano-Bicocca Dr Hye-won Moon National Marine Biodiversity Institute of Korea South Korea,token_key,low,2,2,False,True,True,,
C0682,University of Queensland Dr Taihun                   Kim              KIOST                                                   South Korea,1,delegates_raw,University of Queensland Dr Taihun Kim KIOST South Korea,University of Queensland Dr Taihun Kim KIOST South Korea,university of queensland dr taihun kim kiost south korea,dr kim kiost korea queensland south taihun university,University of Queensland Dr Taihun Kim KIOST South Korea,token_key,low,2,2,False,True,True,,
C0682,"University of Queensland Dr Taihun                   Kim              KIOST                                                   South Korea, Australia",1,delegates_raw,University of Queensland Dr Taihun Kim KIOST South Korea,University of Queensland Dr Taihun Kim KIOST South Korea,university of queensland dr taihun kim kiost south korea,dr kim kiost korea queensland south taihun university,University of Queensland Dr Taihun Kim KIOST South Korea,token_key,low,2,2,False,True,True,,
C0688,University of South Carolina Beaufort - Beaufort,1,geocode_overrides,University of South Carolina Beaufort,University of South Carolina Beaufort,university of south carolina beaufort - beaufort,beaufort beaufort carolina south university,University of South Carolina Beaufort,fuzzy:0.93,medium,2,2,False,False,True,,
C0688,University of South Carolina Beaufort - Beaufort Campus,1,geocode_overrides,University of South Carolina Beaufort,University of South Carolina Beaufort,university of south carolina beaufort - beaufort campus,beaufort beaufort campus carolina south university,University of South Carolina Beaufort,fuzzy:0.93,medium,2,2,False,False,True,,
C0690,University of South Florida Spencer                     Parr                 University of the Virgin Islands                      Virgin Islands (U.S.),1,delegates_raw,University of South Florida Spencer Parr University of the Virgin Islands Virgin Islands (U.S.),University of South Florida Spencer Parr University of the Virgin Islands Virgin Islands (U.S.),university of south florida spencer parr university of the virgin islands virgin islands (u.s.),florida islands islands parr s south spencer u university university virgin virgin,University of South Florida Spencer Parr University of the Virgin Islands Virgin Islands (U.S.),token_key,low,2,2,False,True,True,,
C0690,"University of South Florida Spencer                     Parr                 University of the Virgin Islands                      Virgin Islands (U.S.), United States",1,delegates_raw,University of South Florida Spencer Parr University of the Virgin Islands Virgin Islands (U.S.),University of South Florida Spencer Parr University of the Virgin Islands Virgin Islands (U.S.),university of south florida spencer parr university of the virgin islands virgin islands (u.s.),florida islands islands parr s south spencer u university university virgin virgin,University of South Florida Spencer Parr University of the Virgin Islands Virgin Islands (U.S.),token_key,low,2,2,False,True,True,,
C0693,University of Southern California Dr Sun Kyeong               Choi              KIOST                                                South Korea,1,delegates_raw,University of Southern California Dr Sun Kyeong Choi KIOST South Korea,University of Southern California Dr Sun Kyeong Choi KIOST South Korea,university of southern california dr sun kyeong choi kiost south korea,california choi dr kiost korea kyeong south southern sun university,University of Southern California Dr Sun Kyeong Choi KIOST South Korea,token_key,low,2,2,False,True,True,,
C0693,"University of Southern California Dr Sun Kyeong               Choi              KIOST                                                South Korea, United States",1,delegates_raw,University of Southern California Dr Sun Kyeong Choi KIOST South Korea,University of Southern California Dr Sun Kyeong Choi KIOST South Korea,university of southern california dr sun kyeong choi kiost south korea,california choi dr kiost korea kyeong south southern sun university,University of Southern California Dr Sun Kyeong Choi KIOST South Korea,token_key,low,2,2,False,True,True,,
C0694,University of Southern California Frank                       Villagomez         Coral Reef Initiative                                     Northern Mariana Islands,1,delegates_raw,University of Southern California Frank Villagomez Coral Reef Initiative Northern Mariana Islands,University of Southern California Frank Villagomez Coral Reef Initiative Northern Mariana Islands,university of southern california frank villagomez coral reef initiative northern mariana islands,california coral frank initiative islands mariana northern reef southern university villagomez,University of Southern California Frank Villagomez Coral Reef Initiative Northern Mariana Islands,token_key,low,2,2,False,True,True,,
C0694,"University of Southern California Frank                       Villagomez         Coral Reef Initiative                                     Northern Mariana Islands, United States",1,delegates_raw,University of Southern California Frank Villagomez Coral Reef Initiative Northern Mariana Islands,University of Southern California Frank Villagomez Coral Reef Initiative Northern Mariana Islands,university of southern california frank villagomez coral reef initiative northern mariana islands,california coral frank initiative islands mariana northern reef southern university villagomez,University of Southern California Frank Villagomez Coral Reef Initiative Northern Mariana Islands,token_key,low,2,2,False,True,True,,
C0696,University of Sydney Dr Young Baek               Son              KIOST                                                  South Korea Byeungsu                    Song             KIOST                                                  South Korea,1,delegates_raw,University of Sydney Dr Young Baek Son KIOST South Korea Byeungsu Song KIOST South Korea,University of Sydney Dr Young Baek Son KIOST South Korea Byeungsu Song KIOST South Korea,university of sydney dr young baek son kiost south korea byeungsu song kiost south korea,baek byeungsu dr kiost kiost korea korea son song south south sydney university young,University of Sydney Dr Young Baek Son KIOST South Korea Byeungsu Song KIOST South Korea,token_key,low,2,2,False,True,True,,
C0696,"University of Sydney Dr Young Baek               Son              KIOST                                                  South Korea Byeungsu                    Song             KIOST                                                  South Korea, Australia",1,delegates_raw,University of Sydney Dr Young Baek Son KIOST South Korea Byeungsu Song KIOST South Korea,University of Sydney Dr Young Baek Son KIOST South Korea Byeungsu Song KIOST South Korea,university of sydney dr young baek son kiost south korea byeungsu song kiost south korea,baek byeungsu dr kiost kiost korea korea son song south south sydney university young,University of Sydney Dr Young Baek Son KIOST South Korea Byeungsu Song KIOST South Korea,token_key,low,2,2,False,True,True,,
C0699,University of Technology Sydney Ana                         Yranzo Duque        Instituto de Zoología y Ecología Tropical                 Venezuela,1,delegates_raw,University of Technology Sydney Ana Yranzo Duque Instituto de Zoología y Ecología Tropical Venezuela,University of Technology Sydney Ana Yranzo Duque Instituto de Zoología y Ecología Tropical Venezuela,university of technology sydney ana yranzo duque instituto de zoologia y ecologia tropical venezuela,ana de duque ecologia instituto sydney technology tropical university venezuela y yranzo zoologia,University of Technology Sydney Ana Yranzo Duque Instituto de Zoología y Ecología Tropical Venezuela,token_key,low,2,2,False,True,True,,
C0699,"University of Technology Sydney Ana                         Yranzo Duque        Instituto de Zoología y Ecología Tropical                 Venezuela, Australia",1,delegates_raw,University of Technology Sydney Ana Yranzo Duque Instituto de Zoología y Ecología Tropical Venezuela,University of Technology Sydney Ana Yranzo Duque Instituto de Zoología y Ecología Tropical Venezuela,university of technology sydney ana yranzo duque instituto de zoologia y ecologia tropical venezuela,ana de duque ecologia instituto sydney technology tropical university venezuela y yranzo zoologia,University of Technology Sydney Ana Yranzo Duque Instituto de Zoología y Ecología Tropical Venezuela,token_key,low,2,2,False,True,True,,
C0714,University of Western Australia Sonora                      Meiling          University of the Virgin Islands             Virgin Islands (U.S.),1,delegates_raw,University of Western Australia,University of Western Australia,university of western australia sonora meiling university of the virgin islands virgin islands (u.s.),australia islands islands meiling s sonora u university university virgin virgin western,University of Western Australia,token_key,low,2,2,False,True,True,,
C0714,"University of Western Australia Sonora                      Meiling          University of the Virgin Islands             Virgin Islands (U.S.), Australia",1,delegates_raw,University of Western Australia,University of Western Australia,university of western australia sonora meiling university of the virgin islands virgin islands (u.s.),australia islands islands meiling s sonora u university university virgin virgin western,University of Western Australia,token_key,low,2,2,False,True,True,,
