first_name,last_name,organisation,country,full_name,affiliation,country_code,norm_name,is_speaker
Tiela,,World Wildlife Fund - Indonesia,Indonesia,Tiela,"World Wildlife Fund - Indonesia, Indonesia",ID,tiela,False
Dr Evelyn,Abbott,University of Konstanz,Germany,Dr Evelyn Abbott,"University of Konstanz, Germany",DE,evelyn abbott,True
Hamzah,Abdel-majid,Zoological Society of London,Egypt,Hamzah Abdel-majid,"Zoological Society of London, Egypt",EG,hamzah abdel majid,True
Taufik,Abdillah,World Wide Fund for Nature - Indonesia,Indonesia,Taufik Abdillah,"World Wide Fund for Nature - Indonesia, Indonesia",ID,taufik abdillah,True
Dr Nur Ain Amani,Abdul Mubin,Universiti Sains Malaysia,Malaysia,Dr Nur Ain Amani Abdul Mubin,"Universiti Sains Malaysia, Malaysia",MY,nur ain amani abdul mubin,True
Dr Muhammad,Abdul Wahab,Australian Institute of Marine Science,Australia,Dr Muhammad Abdul Wahab,"Australian Institute of Marine Science, Australia",AU,muhammad abdul wahab,True
Najat,Abdullah,International Islamic University Malaysia,Malaysia,Najat Abdullah,"International Islamic University Malaysia, Malaysia",MY,najat abdullah,True
Haruna,Abe,Kitasato University,Japan,Haruna Abe,"Kitasato University, Japan",JP,haruna abe,True
Yuko,Abe,University of the Ryukyus,Japan,Yuko Abe,"University of the Ryukyus, Japan",JP,yuko abe,True
Swaleh,Aboud,General Organization for Conservation of Coral Reef in the Red Sea,Saudi Arabia,Swaleh Aboud,"General Organization for Conservation of Coral Reef in the Red Sea, Saudi Arabia",SA,swaleh aboud,True
Liam,Abrams,Nova Southeastern University,United States,Liam Abrams,"Nova Southeastern University, United States",US,liam abrams,True
Prof Renoir,Abrea,Mindanao State University - Naawan,Philippines,Prof Renoir Abrea,"Mindanao State University - Naawan, Philippines",PH,renoir abrea,True
Dr David,Abrego,Australian Museum,Australia,Dr David Abrego,"Australian Museum, Australia",AU,david abrego,True
Mariana,Acipreste,University of São Paulo,Brazil,Mariana Acipreste,"University of São Paulo, Brazil",BR,mariana acipreste,True
Hayden,Acors,Florida International University,United States,Hayden Acors,"Florida International University, United States",US,hayden acors,True
Abdul,Ada,Louisiana State University,United States,Abdul Ada,"Louisiana State University, United States",US,abdul ada,True
Dr Arne,Adam,University Of Queensland,Australia,Dr Arne Adam,"University Of Queensland, Australia",AU,arne adam,True
Mathieu,Adgé,CRIOBE,French Polynesia,Mathieu Adgé,"CRIOBE, French Polynesia",PF,mathieu adg,True
Che,Adlawan,"Rethinking, Rebuilding, Regenerating Coral Reefs",Philippines,Che Adlawan,"Rethinking, Rebuilding, Regenerating Coral Reefs, Philippines",PH,che adlawan,True
Zaidy,Nisa,University Of The South Pacific,Fiji,Zaidy Nisa,"University Of The South Pacific, Fiji",FJ,zaidy nisa,False
Dr Mariyam Shidha,Afzal,University Of The Ryukyus,Maldives,Dr Mariyam Shidha Afzal,"University Of The Ryukyus, Maldives",MV,mariyam shidha afzal,True
Marisa,Agarwal,Scripps Institution of Oceanography,United States,Marisa Agarwal,"Scripps Institution of Oceanography, United States",US,marisa agarwal,True
Arianna,Agostini,University of California - Santa Cruz,United States,Arianna Agostini,"University of California - Santa Cruz, United States",US,arianna agostini,False
Astri,Agustina,PT Pupuk Kalimantan Timur,Indonesia,Astri Agustina,"PT Pupuk Kalimantan Timur, Indonesia",ID,astri agustina,True
Siska,Agustina,Yayasan Konservasi Alam Nusantara,Indonesia,Siska Agustina,"Yayasan Konservasi Alam Nusantara, Indonesia",ID,siska agustina,True
Awaludinnoer,Ahmad,Yayasan Konservasi Alam Nusantara,Indonesia,Awaludinnoer Ahmad,"Yayasan Konservasi Alam Nusantara, Indonesia",ID,awaludinnoer ahmad,True
Dr Tracy,Ainsworth,University of New South Wales - Sydney,Australia,Dr Tracy Ainsworth,"University of New South Wales - Sydney, Australia",AU,tracy ainsworth,True
Nour Alhoda,Akel,Tel Aviv University,Israel,Nour Alhoda Akel,"Tel Aviv University, Israel",IL,nour alhoda akel,True
Dr Anela,Akiona,University of California - San Diego,United States,Dr Anela Akiona,"University of California - San Diego, United States",US,anela akiona,True
Ali,Alabyadh,KAUST,Saudi Arabia,Ali Alabyadh,"KAUST, Saudi Arabia",SA,ali alabyadh,True
Wajd,Alaidrous,NEOM Nature Reserve,Saudi Arabia,Wajd Alaidrous,"NEOM Nature Reserve, Saudi Arabia",SA,wajd alaidrous,True
Dr Rebecca,Albright,California Academy of Sciences,United States,Dr Rebecca Albright,"California Academy of Sciences, United States",US,rebecca albright,False
Dr Cinzia,Alessi,Palau International Coral Reef Center,Palau,Dr Cinzia Alessi,"Palau International Coral Reef Center, Palau",PW,cinzia alessi,True
Rasheeda,Alexander,National Oceanic and Atmospheric Administration,United States,Rasheeda Alexander,"National Oceanic and Atmospheric Administration, United States",US,rasheeda alexander,True
Stuart,Alexander,Great Barrier Reef Safaris,Australia,Stuart Alexander,"Great Barrier Reef Safaris, Australia",AU,stuart alexander,True
Dr Hannah,Allan,Australian Institute of Marine Science,Australia,Dr Hannah Allan,"Australian Institute of Marine Science, Australia",AU,hannah allan,True
McKenna,Allen,Division of Aquatic Resources - Kauaʻi,United States,McKenna Allen,"Division of Aquatic Resources - Kauaʻi, United States",US,mckenna allen,True
Melissa,Allen (Sante),Mote Marine Laboratory,United States,Melissa Allen (Sante),"Mote Marine Laboratory, United States",US,melissa allen sante,True
Dr Jacob,Allgeier,University of Michigan,United States,Dr Jacob Allgeier,"University of Michigan, United States",US,jacob allgeier,True
Khatija,Alliji,Lancaster University,United Kingdom,Khatija Alliji,"Lancaster University, United Kingdom",GB,khatija alliji,True
Shay,Almagor,Tel Aviv University,Israel,Shay Almagor,"Tel Aviv University, Israel",IL,shay almagor,True
Dr Afrah,Alothman,National Center for Wildlife,Saudi Arabia,Dr Afrah Alothman,"National Center for Wildlife, Saudi Arabia",SA,afrah alothman,True
Ahmed,Alsaggaf,KAUST,Saudi Arabia,Ahmed Alsaggaf,"KAUST, Saudi Arabia",SA,ahmed alsaggaf,True
Prof Andrew,Altieri,University of Florida,United States,Prof Andrew Altieri,"University of Florida, United States",US,andrew altieri,True
Dr Noam,Altman-Kurosaki,Smithsonian Institution,United States,Dr Noam Altman-Kurosaki,"Smithsonian Institution, United States",US,noam altman kurosaki,True
Dr Michelle,Amario,University of São Paulo,Brazil,Dr Michelle Amario,"University of São Paulo, Brazil",BR,michelle amario,True
Prof Shady,Amin,New York University - Abu Dhabi,United Arab Emirates,Prof Shady Amin,"New York University - Abu Dhabi, United Arab Emirates",AE,shady amin,False
Hana,Amir,Bangor University,Maldives,Hana Amir,"Bangor University, Maldives",MV,hana amir,True
Maria,Andersen,University of Guam,United States,Maria Andersen,"University of Guam, United States",US,maria andersen,True
Craig,Anderson,Boxfish Robotics,New Zealand,Craig Anderson,"Boxfish Robotics, New Zealand",NZ,craig anderson,True
Dr David,Anderson,University of Hawai'i,United States,Dr David Anderson,"University of Hawai'i, United States",US,david anderson,True
Kelley,Anderson Tagarino,American Samoa Community College & University of Hawaii,American Samoa,Kelley Anderson Tagarino,"American Samoa Community College & University of Hawaii, American Samoa",AS,kelley anderson tagarino,True
Madison,Androne,Nova Southeastern University,United States,Madison Androne,"Nova Southeastern University, United States",US,madison androne,True
Maria,Angst,Division of Aquatic Resources - Hawai'i,United States,Maria Angst,"Division of Aquatic Resources - Hawai'i, United States",US,maria angst,True
Gouri,A.,Louisiana State University,United States,Gouri A.,"Louisiana State University, United States",US,gouri a,True
Colin,Anthony,University of Tokyo,Japan,Colin Anthony,"University of Tokyo, Japan",JP,colin anthony,True
Dr Amy,Apprill,Woods Hole Oceanographic Institution,United States,Dr Amy Apprill,"Woods Hole Oceanographic Institution, United States",US,amy apprill,True
Aurélie,Aqua,CRIOBE,French Polynesia,Aurélie Aqua,"CRIOBE, French Polynesia",PF,aur lie aqua,True
Prof Manuel,Aranda,KAUST,Saudi Arabia,Prof Manuel Aranda,"KAUST, Saudi Arabia",SA,manuel aranda,True
Henry,Arbaugh,University of San Diego,United States,Henry Arbaugh,"University of San Diego, United States",US,henry arbaugh,True
Ernest Raphael,Arceo,University of the Philippines - Diliman,Philippines,Ernest Raphael Arceo,"University of the Philippines - Diliman, Philippines",PH,ernest raphael arceo,True
Dan,Arencibia,Malama Maunalua,United States,Dan Arencibia,"Malama Maunalua, United States",US,dan arencibia,False
Zoe,Ariellius,University of Guam,Guam,Zoe Ariellius,"University of Guam, Guam",GU,zoe ariellius,True
Muhammad,Aris,Yayasan Konservasi Alam Nusantara,Indonesia,Muhammad Aris,"Yayasan Konservasi Alam Nusantara, Indonesia",ID,muhammad aris,True
Dr William,Arlidge,James Cook University,Australia,Dr William Arlidge,"James Cook University, Australia",AU,william arlidge,True
Dr David,Armstrong,Texas A&M University - Corpus Christi,United States,Dr David Armstrong,"Texas A&M University - Corpus Christi, United States",US,david armstrong,True
Bradley,Arrington,University of the Virgin Islands,United States Virgin Islands,Bradley Arrington,"University of the Virgin Islands, United States Virgin Islands",VI,bradley arrington,True
Ariella,Arzey,University of Wollongong,Australia,Ariella Arzey,"University of Wollongong, Australia",AU,ariella arzey,True
Mollie,Asbury,National Geographic Society Pristine Seas,United States,Mollie Asbury,"National Geographic Society Pristine Seas, United States",US,mollie asbury,True
Dr Jacob,Asher,KAUST,Saudi Arabia,Dr Jacob Asher,"KAUST, Saudi Arabia",SA,jacob asher,True
Dr Jill,Ashey,University of Pennsylvania,United States,Dr Jill Ashey,"University of Pennsylvania, United States",US,jill ashey,True
Dr Immy,Ashley,University of California - Los Angeles,United States,Dr Immy Ashley,"University of California - Los Angeles, United States",US,immy ashley,True
Dr Greg,Asner,Global Discovery and Conservation Science,United States,Dr Greg Asner,"Global Discovery and Conservation Science, United States",US,greg asner,True
Irlan,Assidiq,Rare - Indonesia,Indonesia,Irlan Assidiq,"Rare - Indonesia, Indonesia",ID,irlan assidiq,True
Dr Michael,Atrigenio,University of the Philippines - Diliman,Philippines,Dr Michael Atrigenio,"University of the Philippines - Diliman, Philippines",PH,michael atrigenio,False
Wiphawan,Aunkhongthong,Ramkhamhaeng University,Thailand,Wiphawan Aunkhongthong,"Ramkhamhaeng University, Thailand",TH,wiphawan aunkhongthong,True
Angel,Avedo,Florida International University,United States,Angel Avedo,"Florida International University, United States",US,angel avedo,True
Dr Camile,Avelino,University of Derby,United Kingdom,Dr Camile Avelino,"University of Derby, United Kingdom",GB,camile avelino,True
Abbas,Baadilla,Luminocean,Indonesia,Abbas Baadilla,"Luminocean, Indonesia",ID,abbas baadilla,True
Suraj,Bacha Gian,Eco Marine Consultants Ltd,Mauritius,Suraj Bacha Gian,"Eco Marine Consultants Ltd, Mauritius",MU,suraj bacha gian,True
Dr Vadim,Backman,Northwestern University,United States,Dr Vadim Backman,"Northwestern University, United States",US,vadim backman,False
Amanda,Badai,University of the Virgin Islands,United States,Amanda Badai,"University of the Virgin Islands, United States",US,amanda badai,True
Gina,Badlowski,Florida International University,United States,Gina Badlowski,"Florida International University, United States",US,gina badlowski,True
Antoni,Badowski,University of Guam,Guam,Antoni Badowski,"University of Guam, Guam",GU,antoni badowski,True
Dr Susanne,Bähr,California Academy of Sciences,United States,Dr Susanne Bähr,"California Academy of Sciences, United States",US,susanne b hr,True
Dr Kevin,Novak,Australian Institute of Marine Science,Australia,Dr Kevin Novak,"Australian Institute of Marine Science, Australia",AU,kevin novak,True
Misbakhul,Bait,PT Pupuk Kalimantan Timur,Indonesia,Misbakhul Bait,"PT Pupuk Kalimantan Timur, Indonesia",ID,misbakhul bait,False
Prof Andrew,Baker,University of Miami,United States,Prof Andrew Baker,"University of Miami, United States",US,andrew baker,True
Prof David,Baker,University of Hong Kong,Hong Kong,Prof David Baker,"University of Hong Kong, Hong Kong",HK,david baker,True
Adhithi,Balaji,University of Auckland,New Zealand,Adhithi Balaji,"University of Auckland, New Zealand",NZ,adhithi balaji,True
Alice,Ball,University of Cambridge,United Kingdom,Alice Ball,"University of Cambridge, United Kingdom",GB,alice ball,True
Stephanie,Ball,Nova Southeastern University,United States,Stephanie Ball,"Nova Southeastern University, United States",US,stephanie ball,True
Michelle,Ballesteros,University of the Philippines - Diliman,Philippines,Michelle Ballesteros,"University of the Philippines - Diliman, Philippines",PH,michelle ballesteros,True
Marcie,Bamber,Victoria University of Wellington,United Kingdom,Marcie Bamber,"Victoria University of Wellington, United Kingdom",GB,marcie bamber,False
Brianna,Bambic,Resource and Ecosystem Management,United States,Brianna Bambic,"Resource and Ecosystem Management, United States",US,brianna bambic,True
Tamatoa,Bambridge,National Center for Scientific Research - Rāhui Center,French Polynesia,Tamatoa Bambridge,"National Center for Scientific Research - Rāhui Center, French Polynesia",PF,tamatoa bambridge,True
Somok,Banerjee,Arizona State University,United States,Somok Banerjee,"Arizona State University, United States",US,somok banerjee,True
Dr Raymond,Banister,University of Alabama,United States,Dr Raymond Banister,"University of Alabama, United States",US,raymond banister,True
JD,Banogon,University of the Philippines - Diliman,Philippines,JD Banogon,"University of the Philippines - Diliman, Philippines",PH,jd banogon,False
Dr Sarina,Bao,University of Tokyo,Japan,Dr Sarina Bao,"University of Tokyo, Japan",JP,sarina bao,True
Michelle,Baptist,Ocean Rescue Alliance International,United States,Michelle Baptist,"Ocean Rescue Alliance International, United States",US,michelle baptist,True
Teresa,Baptista Nobre,University of Western Australia,Australia,Teresa Baptista Nobre,"University of Western Australia, Australia",AU,teresa baptista nobre,True
Ethel,Baquiran,Marine Environment and Resources Foundation,Philippines,Ethel Baquiran,"Marine Environment and Resources Foundation, Philippines",PH,ethel baquiran,True
Jake Ivan P.,Baquiran,University of the Ryukyus,Japan,Jake Ivan P. Baquiran,"University of the Ryukyus, Japan",JP,jake ivan p baquiran,True
Christine,Baran,University of the Philippines,Philippines,Christine Baran,"University of the Philippines, Philippines",PH,christine baran,True
Dr Marcos,Barbeitos,Federal University of Paraná,Brazil,Dr Marcos Barbeitos,"Federal University of Paraná, Brazil",BR,marcos barbeitos,True
Dr Van,Rodriguez,University of the Philippines - Diliman,Philippines,Dr Van Rodriguez,"University of the Philippines - Diliman, Philippines",PH,van rodriguez,False
Leah,Barkai,University of Hawai'i - Mānoa,United States,Leah Barkai,"University of Hawai'i - Mānoa, United States",US,leah barkai,True
Triona,Barker,University of Derby,United Kingdom,Triona Barker,"University of Derby, United Kingdom",GB,triona barker,True
Danielle,Barnas,University of Hawai'i - Mānoa,United States,Danielle Barnas,"University of Hawai'i - Mānoa, United States",US,danielle barnas,True
Marichelle,Barolo,University of the Philippines - Diliman,Philippines,Marichelle Barolo,"University of the Philippines - Diliman, Philippines",PH,marichelle barolo,True
Dr Katie,Barott,University of Pennsylvania,United States,Dr Katie Barott,"University of Pennsylvania, United States",US,katie barott,True
Federica,Barreca,King Abdullah University of Science and Technology,Saudi Arabia,Federica Barreca,"King Abdullah University of Science and Technology, Saudi Arabia",SA,federica barreca,True
William,Barriera,Florida International University,United States,William Barriera,"Florida International University, United States",US,william barriera,True
Prof Dan,Barshis,Old Dominion University,United States,Prof Dan Barshis,"Old Dominion University, United States",US,dan barshis,True
Isabelle,Basden,Ohio State University,United States,Isabelle Basden,"Ohio State University, United States",US,isabelle basden,True
Moriah,Sevier,University of the Virgin Islands,United States Virgin Islands,Moriah Sevier,"University of the Virgin Islands, United States Virgin Islands",VI,moriah sevier,False
Dr Tahlia,Bassett,Western Australian Museum,Australia,Dr Tahlia Bassett,"Western Australian Museum, Australia",AU,tahlia bassett,False
José,Bastos,Universidade Federal do Rio Grande do Norte,Brazil,José Bastos,"Universidade Federal do Rio Grande do Norte, Brazil",BR,jos bastos,True
Kinisimere,Batibasaga,Wildlife Conservation Society,Fiji,Kinisimere Batibasaga,"Wildlife Conservation Society, Fiji",FJ,kinisimere batibasaga,False
Yabanex,Batista,United Nations Capital Development Funds,Switzerland,Yabanex Batista,"United Nations Capital Development Funds, Switzerland",CH,yabanex batista,True
Adele,Battini,University of the Ryukyus,Japan,Adele Battini,"University of the Ryukyus, Japan",JP,adele battini,True
Katharina,Bauda,Instituto Tecnológico de Bahía de Banderas,Mexico,Katharina Bauda,"Instituto Tecnológico de Bahía de Banderas, Mexico",MX,katharina bauda,True
Julia,Baum,University of Victoria,Canada,Julia Baum,"University of Victoria, Canada",CA,julia baum,True
Prof Iliana,Baums,Helmholtz Institute for Functional Marine Biodiversity,Germany,Prof Iliana Baums,"Helmholtz Institute for Functional Marine Biodiversity, Germany",DE,iliana baums,True
Valentina,Bautista,Florida International University,United States,Valentina Bautista,"Florida International University, United States",US,valentina bautista,True
Dr Line,Bay,Australian Institute of Marine Science,Australia,Dr Line Bay,"Australian Institute of Marine Science, Australia",AU,line bay,True
Dr Rachael,Bay,University of California - Davis,United States,Dr Rachael Bay,"University of California - Davis, United States",US,rachael bay,True
Sharad,Bayyana,University of Queensland,Australia,Sharad Bayyana,"University of Queensland, Australia",AU,sharad bayyana,True
Nina,Bean,Florida International University,United States,Nina Bean,"Florida International University, United States",US,nina bean,True
Dr Brian,Beck,National Oceanic and Atmospheric Administration,United States,Dr Brian Beck,"National Oceanic and Atmospheric Administration, United States",US,brian beck,True
Dr Cynthia,Becker,Woods Hole Oceanographic Institution,United States,Dr Cynthia Becker,"Woods Hole Oceanographic Institution, United States",US,cynthia becker,False
Nika,Becker,CNRS/UPVD,France,Nika Becker,"CNRS/UPVD, France",FR,nika becker,False
Maya,Becker,Nova Southeastern University,United States,Maya Becker,"Nova Southeastern University, United States",US,maya becker,True
Teresa,Bednarek,University of Western Australia,Australia,Teresa Bednarek,"University of Western Australia, Australia",AU,teresa bednarek,True
A/Prof Roger,Beeden,Great Barrier Reef Marine Park Authority,Australia,A/Prof Roger Beeden,"Great Barrier Reef Marine Park Authority, Australia",AU,a prof roger beeden,True
Laura,Beenham,KAUST,Saudi Arabia,Laura Beenham,"KAUST, Saudi Arabia",SA,laura beenham,True
Dr Chelsey,Beese,Victoria University of Wellington,New Zealand,Dr Chelsey Beese,"Victoria University of Wellington, New Zealand",NZ,chelsey beese,True
Prof Maria,Beger,University of Leeds,United Kingdom,Prof Maria Beger,"University of Leeds, United Kingdom",GB,maria beger,True
Prof James,Bell,Victoria University of Wellington,New Zealand,Prof James Bell,"Victoria University of Wellington, New Zealand",NZ,james bell,True
Sydney,Bell,James Cook University,Australia,Sydney Bell,"James Cook University, Australia",AU,sydney bell,True
Dr Anthony,Bellantuono,University of California - Los Angeles,United States,Dr Anthony Bellantuono,"University of California - Los Angeles, United States",US,anthony bellantuono,True
Dr Diana,Beltran Rodriguez,University of Rhode Island,United States,Dr Diana Beltran Rodriguez,"University of Rhode Island, United States",US,diana beltran rodriguez,True
Noa,Ben-ami,Tel Aviv University,Israel,Noa Ben-ami,"Tel Aviv University, Israel",IL,noa ben ami,True
Dr Mariana,Bender,Federal University of Santa Maria,Brazil,Dr Mariana Bender,"Federal University of Santa Maria, Brazil",BR,mariana bender,True
Cecilie,Benjamin,Mahonia Na Dari,Papua New Guinea,Cecilie Benjamin,"Mahonia Na Dari, Papua New Guinea",PG,cecilie benjamin,False
Matthew-James,Bennett,MARE,Portugal,Matthew-James Bennett,"MARE, Portugal",PT,matthew james bennett,True
Morgan,Bennett-Smith,Boston University,United States,Morgan Bennett-Smith,"Boston University, United States",US,morgan bennett smith,True
Joshua,Bennett-Williams,Hong Kong University of Science and Technology,Hong Kong,Joshua Bennett-Williams,"Hong Kong University of Science and Technology, Hong Kong",HK,joshua bennett williams,True
Sean,Bensadon,University of Western Australia,Australia,Sean Bensadon,"University of Western Australia, Australia",AU,sean bensadon,True
Sean,Ben-Shaprut,Tel Aviv University,Israel,Sean Ben-Shaprut,"Tel Aviv University, Israel",IL,sean ben shaprut,True
Dr Bastian,Bentlage,University of Guam,United States,Dr Bastian Bentlage,"University of Guam, United States",US,bastian bentlage,True
Dr Rita,Bento,New York University - Abu Dhabi,United Arab Emirates,Dr Rita Bento,"New York University - Abu Dhabi, United Arab Emirates",AE,rita bento,True
Dr Francesca,Benzoni,KAUST,Saudi Arabia,Dr Francesca Benzoni,"KAUST, Saudi Arabia",SA,francesca benzoni,False
Dr Béraud,Eric,Centre Scientifique de Monaco,Monaco,Dr Béraud Eric,"Centre Scientifique de Monaco, Monaco",MC,b raud eric,True
Denisa,Berbece,Victoria University of Wellington,New Zealand,Denisa Berbece,"Victoria University of Wellington, New Zealand",NZ,denisa berbece,True
Justin,Berg,University of Hawai'i - Mānoa,United States,Justin Berg,"University of Hawai'i - Mānoa, United States",US,justin berg,True
Madeline,Berger,University of Hawai'i - Mānoa,United States,Madeline Berger,"University of Hawai'i - Mānoa, United States",US,madeline berger,True
Prof Blazej,Berkowski,Adam Mickiewicz University,Poland,Prof Blazej Berkowski,"Adam Mickiewicz University, Poland",PL,blazej berkowski,False
Alessio,Bernardi,KAUST,Saudi Arabia,Alessio Bernardi,"KAUST, Saudi Arabia",SA,alessio bernardi,True
Anna,Berrettini,University of São Paulo,Brazil,Anna Berrettini,"University of São Paulo, Brazil",BR,anna berrettini,True
Ben,Berridge,Stantec GS,United States,Ben Berridge,"Stantec GS, United States",US,ben berridge,False
Prof Michael,Berumen,KAUST,Saudi Arabia,Prof Michael Berumen,"KAUST, Saudi Arabia",SA,michael berumen,True
Tadzio,Bervoets,Coral Restoration Consortium,Sint Maarten,Tadzio Bervoets,"Coral Restoration Consortium, Sint Maarten",SX,tadzio bervoets,True
Ava,Besecker,California State University Monterey Bay,United States,Ava Besecker,"California State University Monterey Bay, United States",US,ava besecker,True
Prof Ranjeet,Bhagooli,University of Mauritius,Mauritius,Prof Ranjeet Bhagooli,"University of Mauritius, Mauritius",MU,ranjeet bhagooli,True
Neelam,Bhan,Wildlife Conservation Society,Fiji,Neelam Bhan,"Wildlife Conservation Society, Fiji",FJ,neelam bhan,True
Aric,Bickel,SECORE International,United States,Aric Bickel,"SECORE International, United States",US,aric bickel,True
Dr Jaret,Bilewitch,Earth Sciences New Zealand,New Zealand,Dr Jaret Bilewitch,"Earth Sciences New Zealand, New Zealand",NZ,jaret bilewitch,True
Dr Daud,Bin Awang,Department of Fisheries - Malaysia,Malaysia,Dr Daud Bin Awang,"Department of Fisheries - Malaysia, Malaysia",MY,daud bin awang,True
Hariz,K. Hisham,World Wide Fund for Nature - Malaysia,Malaysia,Hariz K. Hisham,"World Wide Fund for Nature - Malaysia, Malaysia",MY,hariz k hisham,True
Dr Piera,Biondi,Palau International Coral Reef Center,Palau,Dr Piera Biondi,"Palau International Coral Reef Center, Palau",PW,piera biondi,True
Rosie,Birch,Victoria University of Wellington,New Zealand,Rosie Birch,"Victoria University of Wellington, New Zealand",NZ,rosie birch,True
Yasmin,Birch,KAUST,Saudi Arabia,Yasmin Birch,"KAUST, Saudi Arabia",SA,yasmin birch,True
Lara Virginia,Birkart,Universidad Nacional Autónoma de México,Mexico,Lara Virginia Birkart,"Universidad Nacional Autónoma de México, Mexico",MX,lara virginia birkart,True
Dr Charles,Birkeland,University of Hawai'i - Mānoa,United States,Dr Charles Birkeland,"University of Hawai'i - Mānoa, United States",US,charles birkeland,True
Devavrat,Bishwa,University of the South Pacific,Fiji,Devavrat Bishwa,"University of the South Pacific, Fiji",FJ,devavrat bishwa,True
Dr Allie,Blanchette,Smithsonian Environmental Research Center,United States,Dr Allie Blanchette,"Smithsonian Environmental Research Center, United States",US,allie blanchette,True
Roxanne Siual,Blesam,Palau International Coral Reef Center,Palau,Roxanne Siual Blesam,"Palau International Coral Reef Center, Palau",PW,roxanne siual blesam,False
Jeanne,Bloomberg,MIT-Woods Hole Joint Program,United States,Jeanne Bloomberg,"MIT-Woods Hole Joint Program, United States",US,jeanne bloomberg,True
Molly,Blyth,University of Plymouth,United Kingdom,Molly Blyth,"University of Plymouth, United Kingdom",GB,molly blyth,True
Dr Zach,Boakes,Brin,Indonesia,Dr Zach Boakes,"Brin, Indonesia",ID,zach boakes,True
Dr Emilie,Boissin,CRIOBE,France,Dr Emilie Boissin,"CRIOBE, France",FR,emilie boissin,False
Dr Claire,Boitel,CRIOBE,French Polynesia,Dr Claire Boitel,"CRIOBE, French Polynesia",PF,claire boitel,True
Dr Isaiah,Bolden,Georgia Institute of Technology,United States,Dr Isaiah Bolden,"Georgia Institute of Technology, United States",US,isaiah bolden,False
Vivian,Bonacker,Macquarie University/University of Groningen,Netherlands,Vivian Bonacker,"Macquarie University/University of Groningen, Netherlands",NL,vivian bonacker,True
Dr Anthony,Bonacolta,University of British Columbia,Canada,Dr Anthony Bonacolta,"University of British Columbia, Canada",CA,anthony bonacolta,True
Dr Pim,Bongaerts,California Academy of Sciences,United States,Dr Pim Bongaerts,"California Academy of Sciences, United States",US,pim bongaerts,True
Katya,Bonilla,Southern Cross University,Australia,Katya Bonilla,"Southern Cross University, Australia",AU,katya bonilla,True
Dr Mary,Bonin,Great Barrier Reef Foundation,Australia,Dr Mary Bonin,"Great Barrier Reef Foundation, Australia",AU,mary bonin,True
Victor,Bonito,Reef Explorer - Fiji,Fiji,Victor Bonito,"Reef Explorer - Fiji, Fiji",FJ,victor bonito,True
Mai,Bonomo,University of Haifa,Israel,Mai Bonomo,"University of Haifa, Israel",IL,mai bonomo,True
Caroline,Bonpain,CRIOBE,France,Caroline Bonpain,"CRIOBE, France",FR,caroline bonpain,True
Lily,Borema,University of Guam,United States,Lily Borema,"University of Guam, United States",US,lily borema,True
Dr Virginie,Bornarel,University of British Columbia,Canada,Dr Virginie Bornarel,"University of British Columbia, Canada",CA,virginie bornarel,True
Jaelyn,Bos,University of California - Santa Cruz,United States,Jaelyn Bos,"University of California - Santa Cruz, United States",US,jaelyn bos,True
Tracey,Boslogo,Wildlife Conservation Society,Papua New Guinea,Tracey Boslogo,"Wildlife Conservation Society, Papua New Guinea",PG,tracey boslogo,False
Dr Marina,Botana,Karolinska Institute,Sweden,Dr Marina Botana,"Karolinska Institute, Sweden",SE,marina botana,True
Radonirina,Botosoamananto,Institut Halieutique et des Sciences Marines,Madagascar,Radonirina Botosoamananto,"Institut Halieutique et des Sciences Marines, Madagascar",MG,radonirina botosoamananto,True
Prof Mehdi,Bouhaddou,University of California - Los Angeles,United States,Prof Mehdi Bouhaddou,"University of California - Los Angeles, United States",US,mehdi bouhaddou,True
Océane,Boulais,Scripps Institution of Oceanography,United States,Océane Boulais,"Scripps Institution of Oceanography, United States",US,oc ane boulais,True
Prof David,Bourne,James Cook University,Australia,Prof David Bourne,"James Cook University, Australia",AU,david bourne,False
Dr Jessica,Bouwmeester,KAUST,Saudi Arabia,Dr Jessica Bouwmeester,"KAUST, Saudi Arabia",SA,jessica bouwmeester,True
Dr Colleen,Bove,Ursinus College,United States,Dr Colleen Bove,"Ursinus College, United States",US,colleen bove,True
Lizz,Boville,Pennsylvania State University,United States,Lizz Boville,"Pennsylvania State University, United States",US,lizz boville,True
Dr Austin,Bowden-Kerby,Corals for Conservation,Fiji,Dr Austin Bowden-Kerby,"Corals for Conservation, Fiji",FJ,austin bowden kerby,True
Erin,Bowman,Backpacker,United States,Erin Bowman,"Backpacker, United States",US,erin bowman,False
Marissa,Boylan,The Nature Conservancy,"Micronesia, Federated States of",Marissa Boylan,"The Nature Conservancy, Micronesia, Federated States of",FM,marissa boylan,True
Yves-marie,Bozec,University of Queensland,Australia,Yves-marie Bozec,"University of Queensland, Australia",AU,yves marie bozec,True
Charlie,Braman,University of California - Santa Barbara,United States,Charlie Braman,"University of California - Santa Barbara, United States",US,charlie braman,True
Dr Viviana,Brambilla,University of Lisbon,Portugal,Dr Viviana Brambilla,"University of Lisbon, Portugal",PT,viviana brambilla,True
Dr Margarita,Brandt,Universidad San Francisco de Quito,Ecuador,Dr Margarita Brandt,"Universidad San Francisco de Quito, Ecuador",EC,margarita brandt,True
Dr Marilyn,Brandt,University of the Virgin Islands,United States Virgin Islands,Dr Marilyn Brandt,"University of the Virgin Islands, United States Virgin Islands",VI,marilyn brandt,True
Maxine,Brannigan,University of Canterbury,New Zealand,Maxine Brannigan,"University of Canterbury, New Zealand",NZ,maxine brannigan,True
Dr Angie,Brathwaite,Blue Alliance,Barbados,Dr Angie Brathwaite,"Blue Alliance, Barbados",BB,angie brathwaite,False
Dominic,Bravenboer,Auckland University of Technology,New Zealand,Dominic Bravenboer,"Auckland University of Technology, New Zealand",NZ,dominic bravenboer,False
Dr Henrique,Bravo,Nanyang Technological University,Singapore,Dr Henrique Bravo,"Nanyang Technological University, Singapore",SG,henrique bravo,True
Matteo,Bravo,National University of Singapore,Singapore,Matteo Bravo,"National University of Singapore, Singapore",SG,matteo bravo,True
Giulia,Braz,University of São Paulo,Brazil,Giulia Braz,"University of São Paulo, Brazil",BR,giulia braz,True
Dr Annette,Breckwoldt,Leibniz Centre for Tropical Marine Research,Germany,Dr Annette Breckwoldt,"Leibniz Centre for Tropical Marine Research, Germany",DE,annette breckwoldt,True
Dr Dan,Breen,Auckland University of Technology,New Zealand,Dr Dan Breen,"Auckland University of Technology, New Zealand",NZ,dan breen,False
David,Brefeld,Carl-von-Ossietzky University of Oldenburg,Germany,David Brefeld,"Carl-von-Ossietzky University of Oldenburg, Germany",DE,david brefeld,True
Joseph,Brennan,University of Hong Kong,Hong Kong,Joseph Brennan,"University of Hong Kong, Hong Kong",HK,joseph brennan,True
Kira,Brereton,University of Western Australia,Australia,Kira Brereton,"University of Western Australia, Australia",AU,kira brereton,True
Julia,Briand,University of Alberta,Canada,Julia Briand,"University of Alberta, Canada",CA,julia briand,True
Dr Tom,Bridge,Queensland Museum,Australia,Dr Tom Bridge,"Queensland Museum, Australia",AU,tom bridge,True
Emmeline,Broad,Memorial University of Newfoundland and Labrador,Canada,Emmeline Broad,"Memorial University of Newfoundland and Labrador, Canada",CA,emmeline broad,True
Jasmin,Broadbridge,Adelaide University,Australia,Jasmin Broadbridge,"Adelaide University, Australia",AU,jasmin broadbridge,True
Prof Omri,Bronstein,Tel Aviv University,Israel,Prof Omri Bronstein,"Tel Aviv University, Israel",IL,omri bronstein,True
Vera,Bronza,Boxfish Robotics Limited,New Zealand,Vera Bronza,"Boxfish Robotics Limited, New Zealand",NZ,vera bronza,True
Dr Rohan,Brooker,Reef Song,Australia,Dr Rohan Brooker,"Reef Song, Australia",AU,rohan brooker,False
Miyah,Brooks,University of Miami,United States,Miyah Brooks,"University of Miami, United States",US,miyah brooks,True
Dr Anya,Brown,University of California - Davis,United States,Dr Anya Brown,"University of California - Davis, United States",US,anya brown,True
Donna,Brown,University of Hawai'i - Maui College,United States,Donna Brown,"University of Hawai'i - Maui College, United States",US,donna brown,False
Kate,Brown,Global Island Partnership,New Zealand,Kate Brown,"Global Island Partnership, New Zealand",NZ,kate brown,True
Fleur,Bruggemann,KAUST,Saudi Arabia,Fleur Bruggemann,"KAUST, Saudi Arabia",SA,fleur bruggemann,True
Molly,Brzezinski,University of California - Santa Barbara,United States,Molly Brzezinski,"University of California - Santa Barbara, United States",US,molly brzezinski,True
Ilan,Bubb,Johnston Applied Marine Sciences/University of Amsterdam,Northern Mariana Islands,Ilan Bubb,"Johnston Applied Marine Sciences/University of Amsterdam, Northern Mariana Islands",MP,ilan bubb,True
Dr Elizabeth,Buccheri,Adelphi University,United States,Dr Elizabeth Buccheri,"Adelphi University, United States",US,elizabeth buccheri,True
Tristan,Buckell,Nova Southeastern University,United States,Tristan Buckell,"Nova Southeastern University, United States",US,tristan buckell,True
Dr Patrick,Buerger,Macquarie University,Australia,Dr Patrick Buerger,"Macquarie University, Australia",AU,patrick buerger,True
Aaron,Bugaj,University of Arizona,United States,Aaron Bugaj,"University of Arizona, United States",US,aaron bugaj,True
Ma. Chrischelle,Bullecer,University of the Philippines - Diliman,Philippines,Ma. Chrischelle Bullecer,"University of the Philippines - Diliman, Philippines",PH,ma chrischelle bullecer,True
Dr Martina,Burgo,Australian Institute of Marine Science,Australia,Dr Martina Burgo,"Australian Institute of Marine Science, Australia",AU,martina burgo,True
Olivia,Burleigh,Oregon State University,United States,Olivia Burleigh,"Oregon State University, United States",US,olivia burleigh,True
Dr Liz,Burmester,Randolph-Macon College,United States,Dr Liz Burmester,"Randolph-Macon College, United States",US,liz burmester,True
Dr Deborah,Burn,Australian Institute of Marine Science,Australia,Dr Deborah Burn,"Australian Institute of Marine Science, Australia",AU,deborah burn,True
Courtney,Burns,James Cook University,Australia,Courtney Burns,"James Cook University, Australia",AU,courtney burns,True
Dr John,Burns,University of Hawai'i - Hilo,United States,Dr John Burns,"University of Hawai'i - Hilo, United States",US,john burns,True
Prof John,Burt,New York University - Abu Dhabi,United Arab Emirates,Prof John Burt,"New York University - Abu Dhabi, United Arab Emirates",AE,john burt,False
Nicole,Burt,KAUST,Saudi Arabia,Nicole Burt,"KAUST, Saudi Arabia",SA,nicole burt,True
Pauline,Buso,IHPE,France,Pauline Buso,"IHPE, France",FR,pauline buso,True
Bustamam,Bustamam,Wildlife Conservation Society,Indonesia,Bustamam Bustamam,"Wildlife Conservation Society, Indonesia",ID,bustamam bustamam,True
Alex,Butler,Nova Southeastern University,United States,Alex Butler,"Nova Southeastern University, United States",US,alex butler,False
Rio,Button,University of Queensland,Australia,Rio Button,"University of Queensland, Australia",AU,rio button,True
Ilha,Byrne,University of Queensland,Australia,Ilha Byrne,"University of Queensland, Australia",AU,ilha byrne,True
Prof Maria,Byrne,University of Sydney,Australia,Prof Maria Byrne,"University of Sydney, Australia",AU,maria byrne,True
Dr Patrick,Cabaitan,University of the Philippines,Philippines,Dr Patrick Cabaitan,"University of the Philippines, Philippines",PH,patrick cabaitan,False
A.Prof Reniel,Cabral,James Cook University,Australia,A.Prof Reniel Cabral,"James Cook University, Australia",AU,a prof reniel cabral,False
Ahmi,Cacapit,University of California - San Diego,United States,Ahmi Cacapit,"University of California - San Diego, United States",US,ahmi cacapit,True
Elisabeth Klara Sekar,Cahyani,World Wide Fund for Nature - Indonesia,Indonesia,Elisabeth Klara Sekar Cahyani,"World Wide Fund for Nature - Indonesia, Indonesia",ID,elisabeth klara sekar cahyani,True
Jun,Cai,Oregon State University,United States,Jun Cai,"Oregon State University, United States",US,jun cai,True
Célia,Caillibot,Ifremer,New Caledonia,Célia Caillibot,"Ifremer, New Caledonia",NC,c lia caillibot,True
Erin,Cain,University of Miami,United States,Erin Cain,"University of Miami, United States",US,erin cain,True
Vittoria,Calabretta,University of Milano-Bicocca,Italy,Vittoria Calabretta,"University of Milano-Bicocca, Italy",IT,vittoria calabretta,True
Laurence,Calagui,Caraga State University / National Sun Yat-sen,Philippines,Laurence Calagui,"Caraga State University / National Sun Yat-sen, Philippines",PH,laurence calagui,True
Shirlamaine Irina,Calagui,Caraga State University / National Sun Yat-sen,Philippines,Shirlamaine Irina Calagui,"Caraga State University / National Sun Yat-sen, Philippines",PH,shirlamaine irina calagui,True
Dr Luis,Calderon-Aguilera,Centre for Scientific Research and Higher Education of Ensenada,Mexico,Dr Luis Calderon-Aguilera,"Centre for Scientific Research and Higher Education of Ensenada, Mexico",MX,luis calderon aguilera,True
Dr Iain,Caldwell,Wildlife Conservation Society,United States,Dr Iain Caldwell,"Wildlife Conservation Society, United States",US,iain caldwell,True
Ruleo,Camacho,University of the West Indies,Antigua and Barbuda,Ruleo Camacho,"University of the West Indies, Antigua and Barbuda",AG,ruleo camacho,True
A/Prof Emma,Camp,University of Technology Sydney,Australia,A/Prof Emma Camp,"University of Technology Sydney, Australia",AU,a prof emma camp,True
Dr Stuart,Campbell,Rare,Australia,Dr Stuart Campbell,"Rare, Australia",AU,stuart campbell,True
Celine,Campos,University of The Philippines - Diliman,Philippines,Celine Campos,"University of The Philippines - Diliman, Philippines",PH,celine campos,True
Dr Neal,Cantin,Australian Institute of Marine Science,Australia,Dr Neal Cantin,"Australian Institute of Marine Science, Australia",AU,neal cantin,True
Jessie,Capelle,Marshall Islands Marine Resources Authority,Marshall Islands,Jessie Capelle,"Marshall Islands Marine Resources Authority, Marshall Islands",MH,jessie capelle,True
Agustin,Capriati,Wageningen University,Netherlands,Agustin Capriati,"Wageningen University, Netherlands",NL,agustin capriati,True
Dr Chloe,Carbonne,Bermuda Institute of Ocean Sciences,New Caledonia,Dr Chloe Carbonne,"Bermuda Institute of Ocean Sciences, New Caledonia",NC,chloe carbonne,True
Dr Anny,Cardenas,American University,United States,Dr Anny Cardenas,"American University, United States",US,anny cardenas,False
Jayce,Carlson,KAUST,Saudi Arabia,Jayce Carlson,"KAUST, Saudi Arabia",SA,jayce carlson,True
Dr Rachel,Carlson,University of California - Berkeley,United States,Dr Rachel Carlson,"University of California - Berkeley, United States",US,rachel carlson,True
Amy,Carmignani,University of Western Australia,Australia,Amy Carmignani,"University of Western Australia, Australia",AU,amy carmignani,True
Enora,Carnac,University of Liège,Belgium,Enora Carnac,"University of Liège, Belgium",BE,enora carnac,True
Megan,Carney,University of Hawai'i - Hilo,United States,Megan Carney,"University of Hawai'i - Hilo, United States",US,megan carney,True
Sophie,Carolan,Newcastle University,United Kingdom,Sophie Carolan,"Newcastle University, United Kingdom",GB,sophie carolan,True
Dr Gaby,Carpenter,Louisiana State University,United States,Dr Gaby Carpenter,"Louisiana State University, United States",US,gaby carpenter,True
David,Carrasco Rivera,University of Queensland,Colombia,David Carrasco Rivera,"University of Queensland, Colombia",CO,david carrasco rivera,True
Damien,Carrasquet,Université de la Polynésie Française,French Polynesia,Damien Carrasquet,"Université de la Polynésie Française, French Polynesia",PF,damien carrasquet,True
Ashley,Carreiro,University of Hawaiʻi - Mānoa,United States,Ashley Carreiro,"University of Hawaiʻi - Mānoa, United States",US,ashley carreiro,True
Dr Carlo,Caruso,Hawaiʻi Institute of Marine Biology,United States,Dr Carlo Caruso,"Hawaiʻi Institute of Marine Biology, United States",US,carlo caruso,True
Prof Susana,Carvalho,KAUST,Saudi Arabia,Prof Susana Carvalho,"KAUST, Saudi Arabia",SA,susana carvalho,True
Suzanne,Case,University of Hawai'i,United States,Suzanne Case,"University of Hawai'i, United States",US,suzanne case,True
Dr Jenn,Caselle,University of California - Santa Barbara,United States,Dr Jenn Caselle,"University of California - Santa Barbara, United States",US,jenn caselle,True
Criselda,Castor,Department of Environment and Natural Resources - Philippines,Philippines,Criselda Castor,"Department of Environment and Natural Resources - Philippines, Philippines",PH,criselda castor,False
Ashley,Castro,University of Guam,Guam,Ashley Castro,"University of Guam, Guam",GU,ashley castro,True
Fran,Castro,University of Guam,Guam,Fran Castro,"University of Guam, Guam",GU,fran castro,False
Dr Geórgenes,Cavalcante,New York University - Abu Dhabi,United Arab Emirates,Dr Geórgenes Cavalcante,"New York University - Abu Dhabi, United Arab Emirates",AE,ge rgenes cavalcante,True
Dr Daniela,Ceccarelli,Australian Institute of Marine Science,Australia,Dr Daniela Ceccarelli,"Australian Institute of Marine Science, Australia",AU,daniela ceccarelli,True
Anna,Celis,Sulubaai Environmental Foundation,Philippines,Anna Celis,"Sulubaai Environmental Foundation, Philippines",PH,anna celis,True
Fiona,Chabbey,University of Waikato,New Zealand,Fiona Chabbey,"University of Waikato, New Zealand",NZ,fiona chabbey,True
Daya,Chadda-Harmer,University of Sydney,Australia,Daya Chadda-Harmer,"University of Sydney, Australia",AU,daya chadda harmer,True
Fin,Chadwick,University of Southampton,United Kingdom,Fin Chadwick,"University of Southampton, United Kingdom",GB,fin chadwick,True
Lénaïc,Chagnat,Victoria University of Wellington,New Zealand,Lénaïc Chagnat,"Victoria University of Wellington, New Zealand",NZ,l na c chagnat,True
Vincent,Chalias,Ocean Gardener,Indonesia,Vincent Chalias,"Ocean Gardener, Indonesia",ID,vincent chalias,True
Molly,Chambers,Marine Institute at Maui Ocean Center,United States,Molly Chambers,"Marine Institute at Maui Ocean Center, United States",US,molly chambers,True
Dr Charernmee,Chamchoy,Ramkhamhaeng University,Thailand,Dr Charernmee Chamchoy,"Ramkhamhaeng University, Thailand",TH,charernmee chamchoy,True
A/Prof Cheong Xin (CX),Chan,University of Queensland,Australia,A/Prof Cheong Xin (CX) Chan,"University of Queensland, Australia",AU,a prof cheong xin cx chan,True
Dr Ronald,Chan,"A*Star-Agency for Science, Technology and Research",Singapore,Dr Ronald Chan,"A*Star-Agency for Science, Technology and Research, Singapore",SG,ronald chan,False
Dr Wing Yan,Chan,University of Melbourne,Australia,Dr Wing Yan Chan,"University of Melbourne, Australia",AU,wing yan chan,True
Kendall,Chancellor,University of California - San Diego,United States,Kendall Chancellor,"University of California - San Diego, United States",US,kendall chancellor,True
Dr Marc,Chang,National University of Singapore,Singapore,Dr Marc Chang,"National University of Singapore, Singapore",SG,marc chang,True
Dr Taison,Chang,University of Queensland,Australia,Dr Taison Chang,"University of Queensland, Australia",AU,taison chang,True
Wim Yang-Chien,Chang,Delta Environmental and Educational Foundation,Taiwan,Wim Yang-Chien Chang,"Delta Environmental and Educational Foundation, Taiwan",TW,wim yang chien chang,False
Jonathan,Charendoff,Cooperative Institute for Marine and Atmospheric,United States,Jonathan Charendoff,"Cooperative Institute for Marine and Atmospheric, United States",US,jonathan charendoff,True
Ben,Charo,University of Rhode Island,United States,Ben Charo,"University of Rhode Island, United States",US,ben charo,True
Dr Katie,Chartrand,James Cook University,Australia,Dr Katie Chartrand,"James Cook University, Australia",AU,katie chartrand,True
Dr Apple,Chavanich,Chulalongkorn University,Thailand,Dr Apple Chavanich,"Chulalongkorn University, Thailand",TH,apple chavanich,True
Dr Andia,Chaves Fonnegra,Florida Atlantic University,United States,Dr Andia Chaves Fonnegra,"Florida Atlantic University, United States",US,andia chaves fonnegra,True
Adrian,Cheh,Boston University,United States,Adrian Cheh,"Boston University, United States",US,adrian cheh,True
Dr Emily,Chei,Lingnan University,Hong Kong,Dr Emily Chei,"Lingnan University, Hong Kong",HK,emily chei,True
Dr Biao,Chen,Guangxi University,China,Dr Biao Chen,"Guangxi University, China",CN,biao chen,True
Guan-Yan,Chen,University of Hawai'i - Mānoa,United States,Guan-Yan Chen,"University of Hawai'i - Mānoa, United States",US,guan yan chen,True
Mu-Han,Chen,Boston University,United States,Mu-Han Chen,"Boston University, United States",US,mu han chen,True
Prof Shean-Jen,Chen,National Yang Ming Chiao Tung University,Taiwan,Prof Shean-Jen Chen,"National Yang Ming Chiao Tung University, Taiwan",TW,shean jen chen,True
Dr Vincent,Chen,Delta Environmental and Educational Foundation,Taiwan,Dr Vincent Chen,"Delta Environmental and Educational Foundation, Taiwan",TW,vincent chen,False
Prof Ji-Yen,Cheng,Academia Sinica,Taiwan,Prof Ji-Yen Cheng,"Academia Sinica, Taiwan",TW,ji yen cheng,True
Dr Mandy,Cheung,University of Queensland,Australia,Dr Mandy Cheung,"University of Queensland, Australia",AU,mandy cheung,True
Annie Ann Nee,Chew,National University of Singapore,Singapore,Annie Ann Nee Chew,"National University of Singapore, Singapore",SG,annie ann nee chew,True
KL,Chew,Coralku Solutions,Malaysia,KL Chew,"Coralku Solutions, Malaysia",MY,kl chew,False
Shirlene,Chiam,Camphora Pte Ltd,Singapore,Shirlene Chiam,"Camphora Pte Ltd, Singapore",SG,shirlene chiam,False
Isabelle,Chiang,University of Southern California,United States,Isabelle Chiang,"University of Southern California, United States",US,isabelle chiang,False
Dr Sun Kyeong,Choi,KIOST,South Korea,Dr Sun Kyeong Choi,"KIOST, South Korea",KR,sun kyeong choi,True
Dr Fiona,Chong,University of Leeds,United Kingdom,Dr Fiona Chong,"University of Leeds, United Kingdom",GB,fiona chong,True
Dr Le Qin,Choo,Chinese University of Hong Kong,Hong Kong,Dr Le Qin Choo,"Chinese University of Hong Kong, Hong Kong",HK,le qin choo,True
Dr Cher,Chow,Lancaster University,United Kingdom,Dr Cher Chow,"Lancaster University, United Kingdom",GB,cher chow,True
Saborni,Chowdhury,Arizona State University,United States,Saborni Chowdhury,"Arizona State University, United States",US,saborni chowdhury,True
Kathryn,Christian,KAUST,Saudi Arabia,Kathryn Christian,"KAUST, Saudi Arabia",SA,kathryn christian,True
Dr Jenhong,Chu,National Chiayi University,Taiwan,Dr Jenhong Chu,"National Chiayi University, Taiwan",TW,jenhong chu,False
Dr Wai-Kwan,Chu,National Taiwan Ocean University,Taiwan,Dr Wai-Kwan Chu,"National Taiwan Ocean University, Taiwan",TW,wai kwan chu,True
Dr Pramod,Chumun,United Nations Development Programme - Mauritius & Seychelles,Mauritius,Dr Pramod Chumun,"United Nations Development Programme - Mauritius & Seychelles, Mauritius",MU,pramod chumun,True
Jaeseok,Chung,KIOST,South Korea,Jaeseok Chung,"KIOST, South Korea",KR,jaeseok chung,True
Sheena,Chung,Southern Cross University,Australia,Sheena Chung,"Southern Cross University, Australia",AU,sheena chung,True
Prof Joshua,Cinner,University of Sydney,Australia,Prof Joshua Cinner,"University of Sydney, Australia",AU,joshua cinner,True
Mr Pepe,Clarke,Land and Sea Advisory,Australia,Mr Pepe Clarke,"Land and Sea Advisory, Australia",AU,pepe clarke,False
Dr Charlotte,Clay,University of Leeds,United Kingdom,Dr Charlotte Clay,"University of Leeds, United Kingdom",GB,charlotte clay,True
Dr Cody,Clements,Georgia Institute of Technology,United States,Dr Cody Clements,"Georgia Institute of Technology, United States",US,cody clements,True
Matthew,Clements,University of Sydney,Australia,Matthew Clements,"University of Sydney, Australia",AU,matthew clements,True
Maile,Coberly,Hawaiʻi Division of Aquatic Resources,United States,Maile Coberly,"Hawaiʻi Division of Aquatic Resources, United States",US,maile coberly,True
Avery,Coble,University of the Virgin Islands,United States Virgin Islands,Avery Coble,"University of the Virgin Islands, United States Virgin Islands",VI,avery coble,True
Kathryn,Cobleigh,University of Technology Sydney,Australia,Kathryn Cobleigh,"University of Technology Sydney, Australia",AU,kathryn cobleigh,True
Dr Márcio,Coelho,Centro de Ciências do Mar do Algarve,Portugal,Dr Márcio Coelho,"Centro de Ciências do Mar do Algarve, Portugal",PT,m rcio coelho,True
Francesca,Cohn,Stanford University,United States,Francesca Cohn,"Stanford University, United States",US,francesca cohn,True
Dr Julia,Cole,University of Michigan - Ann Arbor,United States,Dr Julia Cole,"University of Michigan - Ann Arbor, United States",US,julia cole,True
Gillian,Coleman,University of the Virgin Islands,United States Virgin Islands,Gillian Coleman,"University of the Virgin Islands, United States Virgin Islands",VI,gillian coleman,True
Rianna,Collins,Victoria University of Wellington,New Zealand,Rianna Collins,"Victoria University of Wellington, New Zealand",NZ,rianna collins,True
Dr Dexter,Colquhoun,Alligator Head Foundation,Jamaica,Dr Dexter Colquhoun,"Alligator Head Foundation, Jamaica",JM,dexter colquhoun,True
Tobias,Comberti,Early Careers,United Kingdom,Tobias Comberti,"Early Careers, United Kingdom",GB,tobias comberti,False
Dr Cecilia,Conaco,University of the Philippines,Philippines,Dr Cecilia Conaco,"University of the Philippines, Philippines",PH,cecilia conaco,True
Ambar,Condori Boughton,University of Miami,United States,Ambar Condori Boughton,"University of Miami, United States",US,ambar condori boughton,False
Dr Trinity,Conn,John G. Shedd Aquarium,United States,Dr Trinity Conn,"John G. Shedd Aquarium, United States",US,trinity conn,True
Alex,Connelly,Kuaʻāina Ulu ʻAuamo,United States,Alex Connelly,"Kuaʻāina Ulu ʻAuamo, United States",US,alex connelly,True
Bronte,Connolly,University of Technology Sydney,Australia,Bronte Connolly,"University of Technology Sydney, Australia",AU,bronte connolly,True
Dr Sean,Connolly,Smithsonian Tropical Research Institute,Panama,Dr Sean Connolly,"Smithsonian Tropical Research Institute, Panama",PA,sean connolly,True
Dr Marco,Contardi,University of Milano-Bicocca,Italy,Dr Marco Contardi,"University of Milano-Bicocca, Italy",IT,marco contardi,True
Kailash,Cook,University of Queensland,Australia,Kailash Cook,"University of Queensland, Australia",AU,kailash cook,True
Nathan,Cook,James Cook University,Australia,Nathan Cook,"James Cook University, Australia",AU,nathan cook,True
Samantha,Cook,Nova Southeastern University,United States,Samantha Cook,"Nova Southeastern University, United States",US,samantha cook,False
Dr Ira,Cooke,James Cook University,Australia,Dr Ira Cooke,"James Cook University, Australia",AU,ira cooke,True
Kenzie,Cooke,University of Miami,United States,Kenzie Cooke,"University of Miami, United States",US,kenzie cooke,True
Dr Chris,Cooney,University of Sydney,Australia,Dr Chris Cooney,"University of Sydney, Australia",AU,chris cooney,True
Marianna,Coppola,Florida International University,United States,Marianna Coppola,"Florida International University, United States",US,marianna coppola,True
Beatriz,Corazza,University of São Paulo,Brazil,Beatriz Corazza,"University of São Paulo, Brazil",BR,beatriz corazza,True
Cesar A M,Cordeiro,Universidade Estadual Do Norte Fluminense,Brazil,Cesar A M Cordeiro,"Universidade Estadual Do Norte Fluminense, Brazil",BR,cesar a m cordeiro,True
Alex,Cormack,Arizona State University,United States,Alex Cormack,"Arizona State University, United States",US,alex cormack,True
Dr Christopher,Cornwall,Victoria University of Wellington,New Zealand,Dr Christopher Cornwall,"Victoria University of Wellington, New Zealand",NZ,christopher cornwall,True
Dr Brendan,Cornwell,Hopkins Marine Station of Stanford University,United States,Dr Brendan Cornwell,"Hopkins Marine Station of Stanford University, United States",US,brendan cornwell,True
Dr Emmanuel,Corse,Univeristé De Mayotte,Mayotte,Dr Emmanuel Corse,"Univeristé De Mayotte, Mayotte",YT,emmanuel corse,True
Dr Mary,Cortese,Smithsonian Environmental Research Center,United States,Dr Mary Cortese,"Smithsonian Environmental Research Center, United States",US,mary cortese,True
Alessia,Costa,James Cook University,Australia,Alessia Costa,"James Cook University, Australia",AU,alessia costa,True
Laura,Cotrino Salcedo,Corales De Paz,Colombia,Laura Cotrino Salcedo,"Corales De Paz, Colombia",CO,laura cotrino salcedo,True
Dr Courtney,Couch,Cooperative Institute for Marine and Atmospheric,United States,Dr Courtney Couch,"Cooperative Institute for Marine and Atmospheric, United States",US,courtney couch,True
Dr Dylan,Cowley,University of Queensland,Australia,Dr Dylan Cowley,"University of Queensland, Australia",AU,dylan cowley,True
Dr Peter,Cowman,Queensland Museum,Australia,Dr Peter Cowman,"Queensland Museum, Australia",AU,peter cowman,True
Dr Evelyn,Cox,Hawaiʻi Institute of Marine Biology,United States,Dr Evelyn Cox,"Hawaiʻi Institute of Marine Biology, United States",US,evelyn cox,False
Dr Jamie,Craggs,Horniman Museum and Gardens,United Kingdom,Dr Jamie Craggs,"Horniman Museum and Gardens, United Kingdom",GB,jamie craggs,True
Zack,Craig,Division of Aquatic Resources - Hawai'i,United States,Zack Craig,"Division of Aquatic Resources - Hawai'i, United States",US,zack craig,True
Dr Katie,Cramer,Arizona State University,United States,Dr Katie Cramer,"Arizona State University, United States",US,katie cramer,True
Prof Nicole,Crane,One People One Reef,United States,Prof Nicole Crane,"One People One Reef, United States",US,nicole crane,True
Dr Joel,Creed,Universidade do Estado do Rio de Janeiro,Brazil,Dr Joel Creed,"Universidade do Estado do Rio de Janeiro, Brazil",BR,joel creed,True
Dr Anna,Cresswell,Australian Institute of Marine Science,Australia,Dr Anna Cresswell,"Australian Institute of Marine Science, Australia",AU,anna cresswell,True
Renee,Crisostomo,Florida Sea Grant,United States,Renee Crisostomo,"Florida Sea Grant, United States",US,renee crisostomo,False
Emily,Croasdale,University of Lisbon,Portugal,Emily Croasdale,"University of Lisbon, Portugal",PT,emily croasdale,True
Dr Aldo,Croquer,The Nature Conservancy,"Venezuela, Bolivarian Republic of",Dr Aldo Croquer,"The Nature Conservancy, Venezuela, Bolivarian Republic of",VE,aldo croquer,True
Dr Annick,Cros,The Nature Conservancy,United States,Dr Annick Cros,"The Nature Conservancy, United States",US,annick cros,False
Aleksandra,Crossman,University of Delaware,United States,Aleksandra Crossman,"University of Delaware, United States",US,aleksandra crossman,True
Kerryn,Crossman,Australian Institute of Marine Science,Australia,Kerryn Crossman,"Australian Institute of Marine Science, Australia",AU,kerryn crossman,True
Prof Nathan,Crowe,University of North Carolina - Wilmington,United States,Prof Nathan Crowe,"University of North Carolina - Wilmington, United States",US,nathan crowe,True
Andres,Cuéllar Chacón,Fondo Acción,Colombia,Andres Cuéllar Chacón,"Fondo Acción, Colombia",CO,andres cu llar chac n,True
Dr Guoxin,Cui,KAUST,Saudi Arabia,Dr Guoxin Cui,"KAUST, Saudi Arabia",SA,guoxin cui,True
Emer,Cunningham,University of Queensland,Australia,Emer Cunningham,"University of Queensland, Australia",AU,emer cunningham,True
Dr João,Cúrdia,KAUST,Saudi Arabia,Dr João Cúrdia,"KAUST, Saudi Arabia",SA,jo o c rdia,True
Sadie,Cwikiel,University of California - Santa Barbara,United States,Sadie Cwikiel,"University of California - Santa Barbara, United States",US,sadie cwikiel,True
Dr Tyler,Cyronak,Georgia Southern University,United States,Dr Tyler Cyronak,"Georgia Southern University, United States",US,tyler cyronak,True
Luna Mayura,da Fonseca Bauer,University of São Paulo,Brazil,Luna Mayura da Fonseca Bauer,"University of São Paulo, Brazil",BR,luna mayura da fonseca bauer,True
Gabriel,Silva,Institute of Science - Tokyo,Brazil,Gabriel Silva,"Institute of Science - Tokyo, Brazil",BR,gabriel silva,True
Lindsay,Dade,University of the Virgin Islands,United States Virgin Islands,Lindsay Dade,"University of the Virgin Islands, United States Virgin Islands",VI,lindsay dade,True
Laurice,Dagum,University of the Philippines,Philippines,Laurice Dagum,"University of the Philippines, Philippines",PH,laurice dagum,True
Adelaide,Dahl,University of California - Santa Barbara,United States,Adelaide Dahl,"University of California - Santa Barbara, United States",US,adelaide dahl,True
Dr Chang-feng,Dai,Delta Environmental and Educational Foundation,Taiwan,Dr Chang-feng Dai,"Delta Environmental and Educational Foundation, Taiwan",TW,chang feng dai,False
Charlotte,Dale,James Cook University,Australia,Charlotte Dale,"James Cook University, Australia",AU,charlotte dale,True
Genevieve,Dallmeyer-Drennen,State University of New York,United States,Genevieve Dallmeyer-Drennen,"State University of New York, United States",US,genevieve dallmeyer drennen,True
Dr Taissa,Damasceno,University of Perpignan - Domitia,France,Dr Taissa Damasceno,"University of Perpignan - Domitia, France",FR,taissa damasceno,True
Jessie,Dambra,Coral Restoration Foundation,United States,Jessie Dambra,"Coral Restoration Foundation, United States",US,jessie dambra,True
Josie,Danckaert,Australian Institute of Marine Science,Australia,Josie Danckaert,"Australian Institute of Marine Science, Australia",AU,josie danckaert,False
Alejandra,Daniel,Georgia Southern University,United States,Alejandra Daniel,"Georgia Southern University, United States",US,alejandra daniel,True
Corinne,D'anna,KAUST,Saudi Arabia,Corinne D'anna,"KAUST, Saudi Arabia",SA,corinne d anna,True
Ben,Darby,San Diego State University,United States,Ben Darby,"San Diego State University, United States",US,ben darby,False
Ellyn,Darke,University of North Carolina - Wilmington,United States,Ellyn Darke,"University of North Carolina - Wilmington, United States",US,ellyn darke,True
Dr Emily,Darling,Wildlife Conservation Society,Canada,Dr Emily Darling,"Wildlife Conservation Society, Canada",CA,emily darling,True
Dr Shanna,Davidson,Northwestern University,United States,Dr Shanna Davidson,"Northwestern University, United States",US,shanna davidson,True
A.Prof Sarah W.,Davies,Boston University,United States,A.Prof Sarah W. Davies,"Boston University, United States",US,a prof sarah w davies,True
Darimar,Dávila-Ortiz,Department of Natural and Environmental Resources of Puerto Rico (DNER),Puerto Rico,Darimar Dávila-Ortiz,"Department of Natural and Environmental Resources of Puerto Rico (DNER), Puerto Rico",PR,darimar d vila ortiz,True
Haley,Davis,James Cook University,Australia,Haley Davis,"James Cook University, Australia",AU,haley davis,True
Prof Simon,Davy,Victoria University of Wellington,New Zealand,Prof Simon Davy,"Victoria University of Wellington, New Zealand",NZ,simon davy,False
Chatoolsingh,Dawosing,University of Mauritius,Mauritius,Chatoolsingh Dawosing,"University of Mauritius, Mauritius",MU,chatoolsingh dawosing,True
Dr Didier,De Bakker,University of Exeter,United Kingdom,Dr Didier De Bakker,"University of Exeter, United Kingdom",GB,didier de bakker,True
Mika,De Breuyn,University of Victoria,Canada,Mika De Breuyn,"University of Victoria, Canada",CA,mika de breuyn,False
Camille,De Castro,Marine Environment and Resources Foundation,Philippines,Camille De Castro,"Marine Environment and Resources Foundation, Philippines",PH,camille de castro,True
Chiara,De Jong,Victoria University of Wellington,New Zealand,Chiara De Jong,"Victoria University of Wellington, New Zealand",NZ,chiara de jong,True
Ryan,De Juan,University of the Philippines - Diliman,Philippines,Ryan De Juan,"University of the Philippines - Diliman, Philippines",PH,ryan de juan,True
Dr Kim,de Luca,Helmholtz Institute for Functional Marine Biodiversity,Germany,Dr Kim de Luca,"Helmholtz Institute for Functional Marine Biodiversity, Germany",DE,kim de luca,True
Bethany,Dean,Alligator Head Foundation,Jamaica,Bethany Dean,"Alligator Head Foundation, Jamaica",JM,bethany dean,True
Dr Bella,Deary,Queensland University of Technology,Australia,Dr Bella Deary,"Queensland University of Technology, Australia",AU,bella deary,True
Ken,Dedes,Institut Teknologi Bandung,Indonesia,Ken Dedes,"Institut Teknologi Bandung, Indonesia",ID,ken dedes,True
Dr Shannon,Dee,Edith Cowan University,Australia,Dr Shannon Dee,"Edith Cowan University, Australia",AU,shannon dee,True
Jasha,Dehm,University of the South Pacific,Fiji,Jasha Dehm,"University of the South Pacific, Fiji",FJ,jasha dehm,True
Mikayla,Deigan,University of Arizona,United States,Mikayla Deigan,"University of Arizona, United States",US,mikayla deigan,True
Delaney,Deinlein,Nova Southeastern University,United States,Delaney Deinlein,"Nova Southeastern University, United States",US,delaney deinlein,True
Dr Dexter,dela Cruz,Southern Cross University,Australia,Dr Dexter dela Cruz,"Southern Cross University, Australia",AU,dexter dela cruz,True
Dr Nathalia,Delgadillo-Ordoñez,Independent Consultant/Researcher,Colombia,Dr Nathalia Delgadillo-Ordoñez,"Independent Consultant/Researcher, Colombia",CO,nathalia delgadillo ordo ez,True
Zoe,Dellaert,University of Rhode Island,United States,Zoe Dellaert,"University of Rhode Island, United States",US,zoe dellaert,True
Dr Allyson,Demerlis,University of Miami,United States,Dr Allyson Demerlis,"University of Miami, United States",US,allyson demerlis,True
Angelica,Demers,Stantec GS,United States,Angelica Demers,"Stantec GS, United States",US,angelica demers,True
Alexandra,Dempsey,Pacific Blue Foundation,United States,Alexandra Dempsey,"Pacific Blue Foundation, United States",US,alexandra dempsey,False
Dr Hugo,Denis,Southern Cross University,New Caledonia,Dr Hugo Denis,"Southern Cross University, New Caledonia",NC,hugo denis,True
Dr Carly,Dennison,"Rosenstiel School of Marine, Atmospheric and Earth",United States,Dr Carly Dennison,"Rosenstiel School of Marine, Atmospheric and Earth, United States",US,carly dennison,True
Dr Pranali,Deore,Australian Institute of Marine Science,Australia,Dr Pranali Deore,"Australian Institute of Marine Science, Australia",AU,pranali deore,True
Taylor,DeSilva,University of South Carolina - Beaufort,United States,Taylor DeSilva,"University of South Carolina - Beaufort, United States",US,taylor desilva,False
Giovanna,Destri,Oceanographic Institute,Brazil,Giovanna Destri,"Oceanographic Institute, Brazil",BR,giovanna destri,True
Prof Michelle,Devlin,Cefas,United Kingdom,Prof Michelle Devlin,"Cefas, United Kingdom",GB,michelle devlin,True
Aranya,Dhibar,University of Texas - Austin,United States,Aranya Dhibar,"University of Texas - Austin, United States",US,aranya dhibar,True
Dr Max S.,Dhillon,KAUST,Saudi Arabia,Dr Max S. Dhillon,"KAUST, Saudi Arabia",SA,max s dhillon,True
Carlo,Di Natale,Auxilia,Italy,Carlo Di Natale,"Auxilia, Italy",IT,carlo di natale,True
Stephanie,Di Perna,James Cook University,Australia,Stephanie Di Perna,"James Cook University, Australia",AU,stephanie di perna,True
Dr Clara,Diaz,University of Plymouth,United Kingdom,Dr Clara Diaz,"University of Plymouth, United Kingdom",GB,clara diaz,True
Laurel,Diaz,University of California - Los Angeles,United States,Laurel Diaz,"University of California - Los Angeles, United States",US,laurel diaz,True
Prof Guillermo,Diaz-Pulido,Griffith University,Australia,Prof Guillermo Diaz-Pulido,"Griffith University, Australia",AU,guillermo diaz pulido,True
Faye,Diederiks,Queensland University of Technology,Australia,Faye Diederiks,"Queensland University of Technology, Australia",AU,faye diederiks,True
Morgane,Dierkens,Wildlife Conservation Society,Madagascar,Morgane Dierkens,"Wildlife Conservation Society, Madagascar",MG,morgane dierkens,True
Nicole,Dilernia,University of Technology Sydney,Australia,Nicole Dilernia,"University of Technology Sydney, Australia",AU,nicole dilernia,True
Eric,Dilley,Hawai'i Division of Aquatic Resources,United States,Eric Dilley,"Hawai'i Division of Aquatic Resources, United States",US,eric dilley,True
Dr Erin,Dillon,Smithsonian Tropical Research Institute,Panama,Dr Erin Dillon,"Smithsonian Tropical Research Institute, Panama",PA,erin dillon,True
Dr Jenna,Dilworth,University of Southern California,United States,Dr Jenna Dilworth,"University of Southern California, United States",US,jenna dilworth,True
Michelle,Diminuco,University of Georgia,United States,Michelle Diminuco,"University of Georgia, United States",US,michelle diminuco,True
Noah,Dine,Seychelles Islands Foundation,Seychelles,Noah Dine,"Seychelles Islands Foundation, Seychelles",SC,noah dine,False
Dr De-sing,Ding,National Pingtung University of Science and Technology,Taiwan,Dr De-sing Ding,"National Pingtung University of Science and Technology, Taiwan",TW,de sing ding,True
Jeric,Diocton,University of the Philippines,Philippines,Jeric Diocton,"University of the Philippines, Philippines",PH,jeric diocton,True
Samuel,Diong,National University of Singapore,Singapore,Samuel Diong,"National University of Singapore, Singapore",SG,samuel diong,True
Niranjan,Divakaran,Chulalongkorn University,Thailand,Niranjan Divakaran,"Chulalongkorn University, Thailand",TH,niranjan divakaran,True
Farai,Divan Patel,University of California - Berkeley,India,Farai Divan Patel,"University of California - Berkeley, India",IN,farai divan patel,True
Denzyl,Divinagracia,Silliman University,Philippines,Denzyl Divinagracia,"Silliman University, Philippines",PH,denzyl divinagracia,True
Mascha,Dix,KAUST,Saudi Arabia,Mascha Dix,"KAUST, Saudi Arabia",SA,mascha dix,True
Shannon,Dixon,Ohio State University,United States,Shannon Dixon,"Ohio State University, United States",US,shannon dixon,True
Cilun,Djakiman,"Maritime and Marine Science Centre of Excellence,",Indonesia,Cilun Djakiman,"Maritime and Marine Science Centre of Excellence,, Indonesia",ID,cilun djakiman,True
Dr Kerri,Dobson,University of North Carolina - Wilmington,United States,Dr Kerri Dobson,"University of North Carolina - Wilmington, United States",US,kerri dobson,True
Justine,Doctolero,Fish-i Inc,Philippines,Justine Doctolero,"Fish-i Inc, Philippines",PH,justine doctolero,True
Matt,Doherty,University of Plymouth,United Kingdom,Matt Doherty,"University of Plymouth, United Kingdom",GB,matt doherty,True
Dr Peter,Doherty,Australian Institute of Marine Science,Australia,Dr Peter Doherty,"Australian Institute of Marine Science, Australia",AU,peter doherty,False
Dr Juan Pablo,D'Olivo,Universidad Nacional Autónoma de México,Mexico,Dr Juan Pablo D'Olivo,"Universidad Nacional Autónoma de México, Mexico",MX,juan pablo d olivo,True
Dr Peter,Doll,James Cook University,Australia,Dr Peter Doll,"James Cook University, Australia",AU,peter doll,True
Viktor,Domazetoski,University of Exeter,United Kingdom,Viktor Domazetoski,"University of Exeter, United Kingdom",GB,viktor domazetoski,True
Caroline,Donahue,Qatar University,Qatar,Caroline Donahue,"Qatar University, Qatar",QA,caroline donahue,True
Dr Megan,Donahue,Hawaiʻi Institute of Marine Biology,United States,Dr Megan Donahue,"Hawaiʻi Institute of Marine Biology, United States",US,megan donahue,True
Prof Terry,Donaldson,University of Guam,Guam,Prof Terry Donaldson,"University of Guam, Guam",GU,terry donaldson,False
Heather,Donnelly,Boston College,United States,Heather Donnelly,"Boston College, United States",US,heather donnelly,True
Dr Mary,Donovan,University of Hawai'i - Mānoa,United States,Dr Mary Donovan,"University of Hawai'i - Mānoa, United States",US,mary donovan,True
A/Prof Steve,Doo,University of Hawai'i - Hilo,United States,A/Prof Steve Doo,"University of Hawai'i - Hilo, United States",US,a prof steve doo,False
Prof Maria,Dornelas,University of Lisbon,Portugal,Prof Maria Dornelas,"University of Lisbon, Portugal",PT,maria dornelas,True
Mika,Doron,Tel Aviv University,Israel,Mika Doron,"Tel Aviv University, Israel",IL,mika doron,True
Dr Christopher,Doropoulos,Commonwealth Scientific and Industrial Research,Australia,Dr Christopher Doropoulos,"Commonwealth Scientific and Industrial Research, Australia",AU,christopher doropoulos,True
Dr Melanie,Dörr,University of Konstanz,Germany,Dr Melanie Dörr,"University of Konstanz, Germany",DE,melanie d rr,True
Dr Eric,Douville,LSCE,France,Dr Eric Douville,"LSCE, France",FR,eric douville,True
Emma,Doyle,MPAConnect,Australia,Emma Doyle,"MPAConnect, Australia",AU,emma doyle,True
Matilde,Drake,Australian Institute of Marine Science,Australia,Matilde Drake,"Australian Institute of Marine Science, Australia",AU,matilde drake,True
Jonas,Dreesmann,Bergische Universität Wuppertal,Germany,Jonas Dreesmann,"Bergische Universität Wuppertal, Germany",DE,jonas dreesmann,True
Lynn,Drescher,National University of Singapore,Singapore,Lynn Drescher,"National University of Singapore, Singapore",SG,lynn drescher,True
Ali,Mariko Dressel,Resiliensea Immersive,United States,Ali Mariko Dressel,"Resiliensea Immersive, United States",US,ali mariko dressel,True
Arnaud,Droit,Université Laval,Canada,Arnaud Droit,"Université Laval, Canada",CA,arnaud droit,False
Eseta,Drova,University of the South Pacific,Fiji,Eseta Drova,"University of the South Pacific, Fiji",FJ,eseta drova,True
Dr Ford,Drury,Hawaiʻi Institute of Marine Biology,United States,Dr Ford Drury,"Hawaiʻi Institute of Marine Biology, United States",US,ford drury,True
Dr Gustavo,Duarte,KAUST,Saudi Arabia,Dr Gustavo Duarte,"KAUST, Saudi Arabia",SA,gustavo duarte,True
Dr Caroline,Dubé,Université de la Polynésie Française,French Polynesia,Dr Caroline Dubé,"Université de la Polynésie Française, French Polynesia",PF,caroline dub,False
Anela Eliza Kainani,Duenas,University of Hawai'i - Mānoa,United States,Anela Eliza Kainani Duenas,"University of Hawai'i - Mānoa, United States",US,anela eliza kainani duenas,True
Dr Paige,Duffin,University of Southern California,United States,Dr Paige Duffin,"University of Southern California, United States",US,paige duffin,True
Coco,Dumato,University of the Philippines - Diliman,Philippines,Coco Dumato,"University of the Philippines - Diliman, Philippines",PH,coco dumato,True
Kerry,Dunleavy,Conservation Metrics,United States,Kerry Dunleavy,"Conservation Metrics, United States",US,kerry dunleavy,True
Jennifer,Dunn,University of Queensland,Australia,Jennifer Dunn,"University of Queensland, Australia",AU,jennifer dunn,False
Tho,Duong,National University of Singapore,Singapore,Tho Duong,"National University of Singapore, Singapore",SG,tho duong,True
Dr Alain,Duran,Florida International University,United States,Dr Alain Duran,"Florida International University, United States",US,alain duran,True
Allie,Durdall,University of the Virgin Islands,United States Virgin Islands,Allie Durdall,"University of the Virgin Islands, United States Virgin Islands",VI,allie durdall,True
Nicholas,Durgadeen,University of the Virgin Islands,United States Virgin Islands,Nicholas Durgadeen,"University of the Virgin Islands, United States Virgin Islands",VI,nicholas durgadeen,True
Kathleen,Durkin,University of Washington,United States,Kathleen Durkin,"University of Washington, United States",US,kathleen durkin,True
Dr Mark,Eakin,International Coral Reef Society,United States,Dr Mark Eakin,"International Coral Reef Society, United States",US,mark eakin,False
Grace,Easteria,Yayasan Konservasi Alam Nusantara,Indonesia,Grace Easteria,"Yayasan Konservasi Alam Nusantara, Indonesia",ID,grace easteria,True
Katie,Eaton,University of Miami,United States,Katie Eaton,"University of Miami, United States",US,katie eaton,False
Anna,Ebanks-Chin,The Nature Conservancy,Jamaica,Anna Ebanks-Chin,"The Nature Conservancy, Jamaica",JM,anna ebanks chin,False
Dr Ryan,Eckert,Florida Atlantic University - Harbor Branch,United States,Dr Ryan Eckert,"Florida Atlantic University - Harbor Branch, United States",US,ryan eckert,True
Christine,Edullantes,Southern Cross University,Australia,Christine Edullantes,"Southern Cross University, Australia",AU,christine edullantes,True
Dr Clinton B.,Edwards,"CSS-INC., Under Contract to NOAA-NCCOS",United States,Dr Clinton B. Edwards,"CSS-INC., Under Contract to NOAA-NCCOS, United States",US,clinton b edwards,True
Dr Linda,Eggertsen,University of São Paulo,Brazil,Dr Linda Eggertsen,"University of São Paulo, Brazil",BR,linda eggertsen,True
Dr Maria,Eggertsen,Swedish University of Agricultural Sciences,Sweden,Dr Maria Eggertsen,"Swedish University of Agricultural Sciences, Sweden",SE,maria eggertsen,True
Andreas,Eich,CRIOBE,French Polynesia,Andreas Eich,"CRIOBE, French Polynesia",PF,andreas eich,True
Dr Holland,Elder,Australian Institute of Marine Science,Australia,Dr Holland Elder,"Australian Institute of Marine Science, Australia",AU,holland elder,True
Simon,Ellis,Marine and Environmental Research Institute Of Pohnpei,"Micronesia, Federated States of",Simon Ellis,"Marine and Environmental Research Institute Of Pohnpei, Micronesia, Federated States of",FM,simon ellis,False
Rana,Elmesseri,James Cook University,Australia,Rana Elmesseri,"James Cook University, Australia",AU,rana elmesseri,True
Sofia,El-Rass,Nova Southeastern University,United States,Sofia El-Rass,"Nova Southeastern University, United States",US,sofia el rass,True
Alicia,Emberson-Semisi,University of the South Pacific,Fiji,Alicia Emberson-Semisi,"University of the South Pacific, Fiji",FJ,alicia emberson semisi,True
Vera,Emelianenko,Okinawa Institute of Science and Technology,Japan,Vera Emelianenko,"Okinawa Institute of Science and Technology, Japan",JP,vera emelianenko,True
Dr Mike,Emslie,Australian Institute of Marine Science,Australia,Dr Mike Emslie,"Australian Institute of Marine Science, Australia",AU,mike emslie,True
Dr Ian,Enochs,Atlantic Oceanographic and Meteorological Laboratory,United States,Dr Ian Enochs,"Atlantic Oceanographic and Meteorological Laboratory, United States",US,ian enochs,True
Kanani,Enos,KUPA - Ho’āla Kealakekua Nui,United States,Kanani Enos,"KUPA - Ho’āla Kealakekua Nui, United States",US,kanani enos,False
Lauren,Enright,University of California - Santa Barbara,United States,Lauren Enright,"University of California - Santa Barbara, United States",US,lauren enright,True
Dayda Eric,Rakotomahatsiaro,Koraï and IH.SM,Madagascar,Dayda Eric Rakotomahatsiaro,"Koraï and IH.SM, Madagascar",MG,dayda eric rakotomahatsiaro,True
Harley,Erickson,Florida International University,United States,Harley Erickson,"Florida International University, United States",US,harley erickson,False
Sanna,Eriksson,University of Technology Sydney,Australia,Sanna Eriksson,"University of Technology Sydney, Australia",AU,sanna eriksson,True
Hanna,Erwardt,University of Waikato,New Zealand,Hanna Erwardt,"University of Waikato, New Zealand",NZ,hanna erwardt,False
Czarmayne,Escoro,University of the Philippines,Philippines,Czarmayne Escoro,"University of the Philippines, Philippines",PH,czarmayne escoro,True
Dr Anabelle,Espadero,Mindanao State University - Naawan,Philippines,Dr Anabelle Espadero,"Mindanao State University - Naawan, Philippines",PH,anabelle espadero,True
Marie Anielle,Espiegle,SECORE International,Mauritius,Marie Anielle Espiegle,"SECORE International, Mauritius",MU,marie anielle espiegle,False
Mavis Adwoa,Essilfie,Africa Ocean Alliance,Ghana,Mavis Adwoa Essilfie,"Africa Ocean Alliance, Ghana",GH,mavis adwoa essilfie,False
Brady,Estrada,Nova Southeastern University,United States,Brady Estrada,"Nova Southeastern University, United States",US,brady estrada,True
Kris Jypson,Esturas,University of Queensland,Philippines,Kris Jypson Esturas,"University of Queensland, Philippines",PH,kris jypson esturas,True
Dorka,Evangelista Pérez,Ministry of Environment and Natural Resources - Dominican Republic,Dominican Republic,Dorka Evangelista Pérez,"Ministry of Environment and Natural Resources - Dominican Republic, Dominican Republic",DO,dorka evangelista p rez,False
Dr Gal,Eyal,Bar-Ilan University,Israel,Dr Gal Eyal,"Bar-Ilan University, Israel",IL,gal eyal,True
Marta Andrea,Ezeta Watts,KAUST,Saudi Arabia,Marta Andrea Ezeta Watts,"KAUST, Saudi Arabia",SA,marta andrea ezeta watts,True
Joana,F. Couceiro,University of Lisbon,Portugal,Joana F. Couceiro,"University of Lisbon, Portugal",PT,joana f couceiro,True
Martina,Facchinelli,Istituto Italiano Di Tecnologia,Italy,Martina Facchinelli,"Istituto Italiano Di Tecnologia, Italy",IT,martina facchinelli,True
Hugo,Fahey,University of Wollongong,Australia,Hugo Fahey,"University of Wollongong, Australia",AU,hugo fahey,True
Reimer,Fajardo,Silliman University,Philippines,Reimer Fajardo,"Silliman University, Philippines",PH,reimer fajardo,True
Yusuf,Fajariyanto,Yayasan Konservasi Alam Nusantara,Indonesia,Yusuf Fajariyanto,"Yayasan Konservasi Alam Nusantara, Indonesia",ID,yusuf fajariyanto,True
Dr Kim,Falinski,The Nature Conservancy,United States,Dr Kim Falinski,"The Nature Conservancy, United States",US,kim falinski,True
Prof Tung-yung,Fan,National Museum of Marine Biology and Aquarium,Taiwan,Prof Tung-yung Fan,"National Museum of Marine Biology and Aquarium, Taiwan",TW,tung yung fan,True
A/Prof James,Fang,Hong Kong Polytechnic University,Hong Kong,A/Prof James Fang,"Hong Kong Polytechnic University, Hong Kong",HK,a prof james fang,True
Hans,Farinas,University of the Philippines - Diliman,Philippines,Hans Farinas,"University of the Philippines - Diliman, Philippines",PH,hans farinas,True
Olivia,Faris,Harbor Branch Oceanographic Institute,United States,Olivia Faris,"Harbor Branch Oceanographic Institute, United States",US,olivia faris,True
Dr Ben,Farmer,Louisiana State University,United States,Dr Ben Farmer,"Louisiana State University, United States",US,ben farmer,False
Viliami,Fatongiatau,James Cook University,Tonga,Viliami Fatongiatau,"James Cook University, Tonga",TO,viliami fatongiatau,False
Katherine,Faulkner,University of Oxford,United Kingdom,Katherine Faulkner,"University of Oxford, United Kingdom",GB,katherine faulkner,True
Prince,Federe,University of the Philippines,Philippines,Prince Federe,"University of the Philippines, Philippines",PH,prince federe,True
Dr Joshua,Feingold,Nova Southeastern University,United States,Dr Joshua Feingold,"Nova Southeastern University, United States",US,joshua feingold,True
Evelyne,Felix,Wildlife Conservation Society - Malaysia,Malaysia,Evelyne Felix,"Wildlife Conservation Society - Malaysia, Malaysia",MY,evelyne felix,True
Dr Douglas,Fenner,Coral Reef Consulting,American Samoa,Dr Douglas Fenner,"Coral Reef Consulting, American Samoa",AS,douglas fenner,True
Jackson,Ferber,Louisiana State University,United States,Jackson Ferber,"Louisiana State University, United States",US,jackson ferber,True
Hudson,Feremaito,"Ministry of Fisheries, Oceans and Maritime Affairs - Vanuatu",Vanuatu,Hudson Feremaito,"Ministry of Fisheries, Oceans and Maritime Affairs - Vanuatu, Vanuatu",VU,hudson feremaito,True
Jessica Eri,Fernandez,University of Guam,Guam,Jessica Eri Fernandez,"University of Guam, Guam",GU,jessica eri fernandez,True
Dr Carlos,Ferreira,Universidade Federal Fluminense,Brazil,Dr Carlos Ferreira,"Universidade Federal Fluminense, Brazil",BR,carlos ferreira,True
Melina,F. Martello,Universidade Federal do Rio Grande do Norte,Brazil,Melina F. Martello,"Universidade Federal do Rio Grande do Norte, Brazil",BR,melina f martello,True
Dr Sebastian,Ferse,IPB University,Indonesia,Dr Sebastian Ferse,"IPB University, Indonesia",ID,sebastian ferse,False
Kate,Fetkenhour,Arizona State University,United States,Kate Fetkenhour,"Arizona State University, United States",US,kate fetkenhour,True
Luc,Feuillerat,Nagoya University,Japan,Luc Feuillerat,"Nagoya University, Japan",JP,luc feuillerat,True
Laura,Fiegel,University of Oldenburg,Germany,Laura Fiegel,"University of Oldenburg, Germany",DE,laura fiegel,True
Dr Anna,Fiesinger,University of Konstanz,Germany,Dr Anna Fiesinger,"University of Konstanz, Germany",DE,anna fiesinger,True
Dr James,Fifer,University of California - San Diego,United States,Dr James Fifer,"University of California - San Diego, United States",US,james fifer,True
Prof Will,Figueira,University of Sydney,Australia,Prof Will Figueira,"University of Sydney, Australia",AU,will figueira,True
Prof Joana,Figueiredo,Nova Southeastern University,United States,Prof Joana Figueiredo,"Nova Southeastern University, United States",US,joana figueiredo,True
Alexandra,Fine,Florida Keys National Marine Sanctuary,United States,Alexandra Fine,"Florida Keys National Marine Sanctuary, United States",US,alexandra fine,True
Dr Fisher,Eric,Experience Co,Australia,Dr Fisher Eric,"Experience Co, Australia",AU,fisher eric,True
Nabila Ayu,Fitriani,Luminocean,Indonesia,Nabila Ayu Fitriani,"Luminocean, Indonesia",ID,nabila ayu fitriani,True
Prof Sergio,Floeter,Universidade Federal de Santa Catarina,Brazil,Prof Sergio Floeter,"Universidade Federal de Santa Catarina, Brazil",BR,sergio floeter,True
Daisy,Flores,University of Texas - Austin,United States,Daisy Flores,"University of Texas - Austin, United States",US,daisy flores,True
Georg,Flückiger,National University of Singapore,Singapore,Georg Flückiger,"National University of Singapore, Singapore",SG,georg fl ckiger,True
Dr Nikki,Fogarty,University of North Carolina - Wilmington,United States,Dr Nikki Fogarty,"University of North Carolina - Wilmington, United States",US,nikki fogarty,True
Dr Jenny,Fong,National University of Singapore,Singapore,Dr Jenny Fong,"National University of Singapore, Singapore",SG,jenny fong,True
Meme,Fong,Drawaqa Marine Conservation Trust,Fiji,Meme Fong,"Drawaqa Marine Conservation Trust, Fiji",FJ,meme fong,False
Andrea,Fonseca,Center For Research And Advanced Studies Ipn-mérida,Mexico,Andrea Fonseca,"Center For Research And Advanced Studies Ipn-mérida, Mexico",MX,andrea fonseca,True
Dr Shawna,Foo,University of Sydney,Australia,Dr Shawna Foo,"University of Sydney, Australia",AU,shawna foo,True
Dr Sze Hui,Foo,National University of Singapore,Singapore,Dr Sze Hui Foo,"National University of Singapore, Singapore",SG,sze hui foo,True
Dr Amanda,Ford,University of the South Pacific,Fiji,Dr Amanda Ford,"University of the South Pacific, Fiji",FJ,amanda ford,True
Dr Ashlyn,Ford,Hampton University,United States,Dr Ashlyn Ford,"Hampton University, United States",US,ashlyn ford,True
Nick,Ford-Learner,James Cook University,Australia,Nick Ford-Learner,"James Cook University, Australia",AU,nick ford learner,True
Dr Alan,Foreman,Max Planck Institute for Chemistry,Germany,Dr Alan Foreman,"Max Planck Institute for Chemistry, Germany",DE,alan foreman,True
Dr Clémence,Forin,Centre Scientifique de Monaco,France,Dr Clémence Forin,"Centre Scientifique de Monaco, France",FR,cl mence forin,True
Delaney,Foster,Victoria University of Wellington,United States,Delaney Foster,"Victoria University of Wellington, United States",US,delaney foster,True
Dr Nicola,Foster,University of Plymouth,United Kingdom,Dr Nicola Foster,"University of Plymouth, United Kingdom",GB,nicola foster,True
Dr Helen,Fox,Coral Reef Alliance,United States,Dr Helen Fox,"Coral Reef Alliance, United States",US,helen fox,True
Dr Erik,Franklin,University of Hawai'i,United States,Dr Erik Franklin,"University of Hawai'i, United States",US,erik franklin,True
Kirsty,Frith,University of Leeds,United Kingdom,Kirsty Frith,"University of Leeds, United Kingdom",GB,kirsty frith,True
Dr Catheline,Froehlich,University of Alabama,United States,Dr Catheline Froehlich,"University of Alabama, United States",US,catheline froehlich,True
Zoe,Fu-chen,Smithsonian Tropical Research Institute,United States,Zoe Fu-chen,"Smithsonian Tropical Research Institute, United States",US,zoe fu chen,True
Dr Lauren,Fuess,Texas State University,United States,Dr Lauren Fuess,"Texas State University, United States",US,lauren fuess,True
Danielle,Fukuda,Silliiman University,Philippines,Danielle Fukuda,"Silliiman University, Philippines",PH,danielle fukuda,True
Dr Atsuko,Fukunaga,University of Hawai'i,United States,Dr Atsuko Fukunaga,"University of Hawai'i, United States",US,atsuko fukunaga,True
Dr Ioan,Fuller,Arizona State University,United States,Dr Ioan Fuller,"Arizona State University, United States",US,ioan fuller,True
Dr Garrett,Fundakowski,University of St Andrews,Netherlands,Dr Garrett Fundakowski,"University of St Andrews, Netherlands",NL,garrett fundakowski,True
Kubi,Follosco Galpo,ACIAR Coral Restoration Governance Project,Philippines,Kubi Follosco Galpo,"ACIAR Coral Restoration Governance Project, Philippines",PH,kubi follosco galpo,True
James,Gahan,James Cook University,Australia,James Gahan,"James Cook University, Australia",AU,james gahan,True
Dr Greta,Gaiani,University of Technology Sydney,Australia,Dr Greta Gaiani,"University of Technology Sydney, Australia",AU,greta gaiani,True
Dr Ashton,Gainsford,Australian Institute of Marine Science,Australia,Dr Ashton Gainsford,"Australian Institute of Marine Science, Australia",AU,ashton gainsford,True
Patricia,Gajo,Coral Reef Conservation Restoration Network,Philippines,Patricia Gajo,"Coral Reef Conservation Restoration Network, Philippines",PH,patricia gajo,True
Nikko,Galanto,University of Guam,Guam,Nikko Galanto,"University of Guam, Guam",GU,nikko galanto,True
Dr Dom,Gallery,Mote Marine Laboratory,United States,Dr Dom Gallery,"Mote Marine Laboratory, United States",US,dom gallery,True
Prof Paolo,Galli,University of Milano-Bicocca,Italy,Prof Paolo Galli,"University of Milano-Bicocca, Italy",IT,paolo galli,False
Dr Shelby,Gantt,Boston University,United States,Dr Shelby Gantt,"Boston University, United States",US,shelby gantt,True
Vivienne,Gao,University of Warwick,United Kingdom,Vivienne Gao,"University of Warwick, United Kingdom",GB,vivienne gao,True
Emma,Garcia,Florida International University,United States,Emma Garcia,"Florida International University, United States",US,emma garcia,True
Dr Rocio,Garcia,Universidad Del Magdalena,Colombia,Dr Rocio Garcia,"Universidad Del Magdalena, Colombia",CO,rocio garcia,True
Adrian,Garcia Carreon,University of Southampton,United Kingdom,Adrian Garcia Carreon,"University of Southampton, United Kingdom",GB,adrian garcia carreon,False
Nepsis,García,University of Michigan,United States,Nepsis García,"University of Michigan, United States",US,nepsis garc a,True
Rebecca,Garcia Camps,Fundacion Puntacana,Dominican Republic,Rebecca Garcia Camps,"Fundacion Puntacana, Dominican Republic",DO,rebecca garcia camps,True
Garing,Madeline,James Cook University,Australia,Garing Madeline,"James Cook University, Australia",AU,garing madeline,True
Marina,Garmendia,Nova Southeastern University,United States,Marina Garmendia,"Nova Southeastern University, United States",US,marina garmendia,True
Prof Amana,Garrido,National Museum,Brazil,Prof Amana Garrido,"National Museum, Brazil",BR,amana garrido,True
Riley,Garvey,National Marine Sanctuary of American Samoa,American Samoa,Riley Garvey,"National Marine Sanctuary of American Samoa, American Samoa",AS,riley garvey,True
Dr Rodrigo,Garza,Universidad Nacional Autónoma de México,Mexico,Dr Rodrigo Garza,"Universidad Nacional Autónoma de México, Mexico",MX,rodrigo garza,True
Johnny,Gaskell,Great Barrier Reef Foundation,Australia,Johnny Gaskell,"Great Barrier Reef Foundation, Australia",AU,johnny gaskell,False
Sophia Diane,Gaton,University of the Philippines,Philippines,Sophia Diane Gaton,"University of the Philippines, Philippines",PH,sophia diane gaton,True
Prerana,Gawde,Stanford University,United States,Prerana Gawde,"Stanford University, United States",US,prerana gawde,True
Mädchen,Gebhard,University of the Virgin Islands,United States,Mädchen Gebhard,"University of the Virgin Islands, United States",US,m dchen gebhard,True
Gerlie,Gedoria,Tubbataha Reefs Natural Park and World Heritage Site,Philippines,Gerlie Gedoria,"Tubbataha Reefs Natural Park and World Heritage Site, Philippines",PH,gerlie gedoria,False
Sereana,Geno,Central Provincial Administrations,Papua New Guinea,Sereana Geno,"Central Provincial Administrations, Papua New Guinea",PG,sereana geno,False
Rhea,George,James Cook University,Australia,Rhea George,"James Cook University, Australia",AU,rhea george,True
Daniëlle,Geschiere,BRANCH Foundation,Netherlands,Daniëlle Geschiere,"BRANCH Foundation, Netherlands",NL,dani lle geschiere,True
Rapzkie,Geson,University of the Philippines - Diliman,Philippines,Rapzkie Geson,"University of the Philippines - Diliman, Philippines",PH,rapzkie geson,True
Isabella,Ghizzi,University of Milano-Bicocca,Italy,Isabella Ghizzi,"University of Milano-Bicocca, Italy",IT,isabella ghizzi,True
Giovanni,Giallongo,Ben Gurion University of the Negev,Israel,Giovanni Giallongo,"Ben Gurion University of the Negev, Israel",IL,giovanni giallongo,True
Katrina,Giambertone,"California State University, Monterey Bay And Moss",United States,Katrina Giambertone,"California State University, Monterey Bay And Moss, United States",US,katrina giambertone,True
Claudia,Gibson,University of Technology Sydney,Australia,Claudia Gibson,"University of Technology Sydney, Australia",AU,claudia gibson,True
Michael,Gibson,University of Guam,Guam,Michael Gibson,"University of Guam, Guam",GU,michael gibson,True
Dr Kodai,Gibu,National Institute of Advanced Industrial Science and Technology,Japan,Dr Kodai Gibu,"National Institute of Advanced Industrial Science and Technology, Japan",JP,kodai gibu,True
Johanna,Gijsbers,Instituto Politecnico Nacional,Mexico,Johanna Gijsbers,"Instituto Politecnico Nacional, Mexico",MX,johanna gijsbers,True
Gloria,Gil Ramos,KAUST,Saudi Arabia,Gloria Gil Ramos,"KAUST, Saudi Arabia",SA,gloria gil ramos,True
Alisha,Gill,Victoria University of Wellington,New Zealand,Alisha Gill,"Victoria University of Wellington, New Zealand",NZ,alisha gill,True
Sam,Gillis,Auckland University of Technology,New Zealand,Sam Gillis,"Auckland University of Technology, New Zealand",NZ,sam gillis,False
Loretta Pele,Glanville,Puipikak Malu Indigenous Corporation,Australia,Loretta Pele Glanville,"Puipikak Malu Indigenous Corporation, Australia",AU,loretta pele glanville,False
Dr Benjamin,Glass,Boston University,United States,Dr Benjamin Glass,"Boston University, United States",US,benjamin glass,True
Jessica,Glazner,University of Hawai'i - Mānoa,United States,Jessica Glazner,"University of Hawai'i - Mānoa, United States",US,jessica glazner,True
Dr Jacopo,Gobbato,University of Milano-Bicocca,Italy,Dr Jacopo Gobbato,"University of Milano-Bicocca, Italy",IT,jacopo gobbato,True
Dr Lisa,Goberdhan,Lancaster University,United Kingdom,Dr Lisa Goberdhan,"Lancaster University, United Kingdom",GB,lisa goberdhan,True
Dr Deb,Gochfeld,University of Mississippi,United States,Dr Deb Gochfeld,"University of Mississippi, United States",US,deb gochfeld,False
Dr Mathilde,Godefroid,Université Libre de Bruxelles,Belgium,Dr Mathilde Godefroid,"Université Libre de Bruxelles, Belgium",BE,mathilde godefroid,True
Natalie,Goeler-slough,University of Hawai'i - Mānoa,United States,Natalie Goeler-slough,"University of Hawai'i - Mānoa, United States",US,natalie goeler slough,True
Dr Liz,Goergen,KAUST,Saudi Arabia,Dr Liz Goergen,"KAUST, Saudi Arabia",SA,liz goergen,True
Freya,Goetz,University of Southern California,United States,Freya Goetz,"University of Southern California, United States",US,freya goetz,True
Prof Stefano,Goffredo,University of Bologna,Italy,Prof Stefano Goffredo,"University of Bologna, Italy",IT,stefano goffredo,False
Prof Joaquim,Góis,Faculty Of Engineering - University Of Porto,Portugal,Prof Joaquim Góis,"Faculty Of Engineering - University Of Porto, Portugal",PT,joaquim g is,True
Alan,Gojanović,University of Western Australia,Australia,Alan Gojanović,"University of Western Australia, Australia",AU,alan gojanovi,False
Dr Yimnang,Golbuu,The Nature Conservancy - Micronesia & Polynesia,Palau,Dr Yimnang Golbuu,"The Nature Conservancy - Micronesia & Polynesia, Palau",PW,yimnang golbuu,True
Prof Bruce,Goldstein,Transformations Community,United States,Prof Bruce Goldstein,"Transformations Community, United States",US,bruce goldstein,True
Vicki,Goldstein,Inland Ocean Coalition,United States,Vicki Goldstein,"Inland Ocean Coalition, United States",US,vicki goldstein,True
Maya,Gomez,University of Southern California,United States,Maya Gomez,"University of Southern California, United States",US,maya gomez,True
Dr Kelly,Gomez-Campo,Alfred Wegener Institute For Marine And Polar Research,Germany,Dr Kelly Gomez-Campo,"Alfred Wegener Institute For Marine And Polar Research, Germany",DE,kelly gomez campo,True
Dr Daniel,Gómez-Gras,MARE,Portugal,Dr Daniel Gómez-Gras,"MARE, Portugal",PT,daniel g mez gras,True
Elizabeth,Gomez-Requilme,University of the Philippines,Philippines,Elizabeth Gomez-Requilme,"University of the Philippines, Philippines",PH,elizabeth gomez requilme,True
Kiah,Gongaware,University of North Carolina - Wilmington,United States,Kiah Gongaware,"University of North Carolina - Wilmington, United States",US,kiah gongaware,True
Dr Guido,Gonsior,GG Biotech Design,Germany,Dr Guido Gonsior,"GG Biotech Design, Germany",DE,guido gonsior,True
Kate,Gonzalez,Hawai'i Division of Aquatic Resources,United States,Kate Gonzalez,"Hawai'i Division of Aquatic Resources, United States",US,kate gonzalez,True
Migdonio,Gonzalez,Smithsonian Tropical Research Institute,Panama,Migdonio Gonzalez,"Smithsonian Tropical Research Institute, Panama",PA,migdonio gonzalez,True
A/Prof Raúl,González-pech,Texas State University,United States,A/Prof Raúl González-pech,"Texas State University, United States",US,a prof ra l gonz lez pech,True
Dr Manu,Gonzalez-Rivero,Australian Institute of Marine Science,Australia,Dr Manu Gonzalez-Rivero,"Australian Institute of Marine Science, Australia",AU,manu gonzalez rivero,True
Nakoa,Goo,Nā Kai ʻEwalu,United States,Nakoa Goo,"Nā Kai ʻEwalu, United States",US,nakoa goo,True
Dr Alex,Good,Stony Brook University,United States,Dr Alex Good,"Stony Brook University, United States",US,alex good,False
Zena,Good,Mahonia Na Dari,Papua New Guinea,Zena Good,"Mahonia Na Dari, Papua New Guinea",PG,zena good,True
Dr Lucy Mae,Gorman,Marine Biological Association,United Kingdom,Dr Lucy Mae Gorman,"Marine Biological Association, United Kingdom",GB,lucy mae gorman,True
Dr Fabian,Gösser,Tohoku University,Japan,Dr Fabian Gösser,"Tohoku University, Japan",JP,fabian g sser,True
Rinaldi,Gotama,University of Queensland,Australia,Rinaldi Gotama,"University of Queensland, Australia",AU,rinaldi gotama,True
Dr Marine,Gouezo,Southern Cross University,Australia,Dr Marine Gouezo,"Southern Cross University, Australia",AU,marine gouezo,True
Prof Tamar,Goulet,University of Mississippi,United States,Prof Tamar Goulet,"University of Mississippi, United States",US,tamar goulet,True
Dr Jamison,Gove,National Oceanic and Atmospheric Administration,United States,Dr Jamison Gove,"National Oceanic and Atmospheric Administration, United States",US,jamison gove,True
Ben,Goymer,Wilderlab,Australia,Ben Goymer,"Wilderlab, Australia",AU,ben goymer,False
Dr Cindy,Grace-McCaskey,East Carolina University,United States,Dr Cindy Grace-McCaskey,"East Carolina University, United States",US,cindy grace mccaskey,True
Bryant,Grady,The Nature Conservancy,United States,Bryant Grady,"The Nature Conservancy, United States",US,bryant grady,True
Barbara,Graham,Victoria University of Wellington,New Zealand,Barbara Graham,"Victoria University of Wellington, New Zealand",NZ,barbara graham,True
Prof Nick,Graham,Lancaster University,United Kingdom,Prof Nick Graham,"Lancaster University, United Kingdom",GB,nick graham,True
Christopher,Grant,University of Alabama,United States,Christopher Grant,"University of Alabama, United States",US,christopher grant,True
Michelle,Graulty,The Nature Conservancy - Reef Resilience Network,United States,Michelle Graulty,"The Nature Conservancy - Reef Resilience Network, United States",US,michelle graulty,False
Brody,Gray,Gunggandji-Mandingalbay Yidinji Peoples Prescribed,Australia,Brody Gray,"Gunggandji-Mandingalbay Yidinji Peoples Prescribed, Australia",AU,brody gray,True
Dr Sarah,Gray,University of San Diego,United States,Dr Sarah Gray,"University of San Diego, United States",US,sarah gray,True
Dr Stephanie,Green,University of Alberta,Canada,Dr Stephanie Green,"University of Alberta, Canada",CA,stephanie green,True
Sahra,Greve,University Heidelberg,Germany,Sahra Greve,"University Heidelberg, Germany",DE,sahra greve,True
Jack,Griffin,Wageningen University,Netherlands,Jack Griffin,"Wageningen University, Netherlands",NL,jack griffin,True
Dr Sean,Griffin,Sea Ventures Marine Response Unit,Puerto Rico,Dr Sean Griffin,"Sea Ventures Marine Response Unit, Puerto Rico",PR,sean griffin,True
Itai,Grisaru,Tel Aviv University,Israel,Itai Grisaru,"Tel Aviv University, Israel",IL,itai grisaru,True
Ms Lilianna,Gross,Wholome,United States,Ms Lilianna Gross,"Wholome, United States",US,lilianna gross,False
Prof Andrea,Grottoli,Ohio State University,United States,Prof Andrea Grottoli,"Ohio State University, United States",US,andrea grottoli,True
Dr Carsten,Grupstra,Florida Atlantic University,United States,Dr Carsten Grupstra,"Florida Atlantic University, United States",US,carsten grupstra,True
Nikole,Gualdron,Reef Support,Colombia,Nikole Gualdron,"Reef Support, Colombia",CO,nikole gualdron,True
Dr Mishal,Gudka,University of Melbourne,Australia,Dr Mishal Gudka,"University of Melbourne, Australia",AU,mishal gudka,False
Dr Flávia,Guebert,Coral Vivo Institute,Brazil,Dr Flávia Guebert,"Coral Vivo Institute, Brazil",BR,fl via guebert,True
Julian,Gueho,University of Queensland,Australia,Julian Gueho,"University of Queensland, Australia",AU,julian gueho,True
Dr James,Guest,Newcastle University,United Kingdom,Dr James Guest,"Newcastle University, United Kingdom",GB,james guest,True
Dr Annie,Guillaume,Australian Institute of Marine Science,Australia,Dr Annie Guillaume,"Australian Institute of Marine Science, Australia",AU,annie guillaume,True
Dr Sophie,Guillemet-Fritsch,CNRS,France,Dr Sophie Guillemet-Fritsch,"CNRS, France",FR,sophie guillemet fritsch,True
Sebastian,Guillermin,Institut de Recherche pour le Développement,New Caledonia,Sebastian Guillermin,"Institut de Recherche pour le Développement, New Caledonia",NC,sebastian guillermin,True
Dr Mahesh,Gummalla,KAUST,Saudi Arabia,Dr Mahesh Gummalla,"KAUST, Saudi Arabia",SA,mahesh gummalla,False
Mr Nils,Gungor,Wholome Arks,United States,Mr Nils Gungor,"Wholome Arks, United States",US,nils gungor,True
Gabriela,Gutierrez,Universidad Nacional Autónoma de México,Mexico,Gabriela Gutierrez,"Universidad Nacional Autónoma de México, Mexico",MX,gabriela gutierrez,True
Daniela,Gutierrez-Andrade,University of Texas - Arlington,United States,Daniela Gutierrez-Andrade,"University of Texas - Arlington, United States",US,daniela gutierrez andrade,True
Silvana,Guzman,Florida International University,United States,Silvana Guzman,"Florida International University, United States",US,silvana guzman,True
Dr Serena,Hackerott,University of Delaware,United States,Dr Serena Hackerott,"University of Delaware, United States",US,serena hackerott,True
Almog,Haim,Bar-Ilan University,Israel,Almog Haim,"Bar-Ilan University, Israel",IL,almog haim,True
Lewis,Haines,Curtin University,Australia,Lewis Haines,"Curtin University, Australia",AU,lewis haines,True
Ashley,Halim,University of Southern California,United States,Ashley Halim,"University of Southern California, United States",US,ashley halim,False
Dr Emily,Hall,Mote Marine Laboratory,United States,Dr Emily Hall,"Mote Marine Laboratory, United States",US,emily hall,True
Dr Akacia,Halliday-Isaac,Center for Marine and Environmental Studies,United States Virgin Islands,Dr Akacia Halliday-Isaac,"Center for Marine and Environmental Studies, United States Virgin Islands",VI,akacia halliday isaac,True
Ari,Halperin,Kuleana Coral Restoration,United States,Ari Halperin,"Kuleana Coral Restoration, United States",US,ari halperin,False
Halwi,Masdar,Hasanuddin University,Indonesia,Halwi Masdar,"Hasanuddin University, Indonesia",ID,halwi masdar,True
Dr Kohei,Hamamoto,Ehime University,Japan,Dr Kohei Hamamoto,"Ehime University, Japan",JP,kohei hamamoto,True
Dr Emmanuel,Hanert,UCLouvain,Belgium,Dr Emmanuel Hanert,"UCLouvain, Belgium",BE,emmanuel hanert,True
Anjleen,Hannak,Cape Eleuthera Institute,Bahamas,Anjleen Hannak,"Cape Eleuthera Institute, Bahamas",BS,anjleen hannak,False
Dr Alastair,Harborne,Florida International University,United States,Dr Alastair Harborne,"Florida International University, United States",US,alastair harborne,True
Josh,Hardin,"Rosenstiel School of Marine, Atmospheric, and Earth",United States,Josh Hardin,"Rosenstiel School of Marine, Atmospheric, and Earth, United States",US,josh hardin,True
Jade,Hargous,CRIOBE,French Polynesia,Jade Hargous,"CRIOBE, French Polynesia",PF,jade hargous,True
Dr Saki,Harii,University of the Ryukyus,Japan,Dr Saki Harii,"University of the Ryukyus, Japan",JP,saki harii,True
Pierrick,Harnay,Reva Atea,French Polynesia,Pierrick Harnay,"Reva Atea, French Polynesia",PF,pierrick harnay,True
Mr Doug,Harper,Malama Maunalua,United States,Mr Doug Harper,"Malama Maunalua, United States",US,doug harper,True
Leah,Harper,MarineGEO,United States,Leah Harper,"MarineGEO, United States",US,leah harper,True
Dr Daniel,Harris,University of Queensland,Australia,Dr Daniel Harris,"University of Queensland, Australia",AU,daniel harris,True
Prof Peter,Harrison,Southern Cross University,Australia,Prof Peter Harrison,"Southern Cross University, Australia",AU,peter harrison,True
Robin,Hartley,University of Otago,New Zealand,Robin Hartley,"University of Otago, New Zealand",NZ,robin hartley,True
Dr Aaron,Hartmann,Perry Institute for Marine Science,United States,Dr Aaron Hartmann,"Perry Institute for Marine Science, United States",US,aaron hartmann,True
Julie,Hartup,Micronesian Conservation Coalition,New Zealand,Julie Hartup,"Micronesian Conservation Coalition, New Zealand",NZ,julie hartup,True
Lauren,Hasson,Southern Cross University,Australia,Lauren Hasson,"Southern Cross University, Australia",AU,lauren hasson,False
Hailey,Hatch-West,University of California - Merced,United States,Hailey Hatch-West,"University of California - Merced, United States",US,hailey hatch west,True
Dr Yannis,Harzonikolakis,KAUST,Saudi Arabia,Dr Yannis Harzonikolakis,"KAUST, Saudi Arabia",SA,yannis harzonikolakis,True
Cat,Hauser,Boston University,United States,Cat Hauser,"Boston University, United States",US,cat hauser,True
Rili,Djohani,Coral Triangle Center,Indonesia,Rili Djohani,"Coral Triangle Center, Indonesia",ID,rili djohani,False
Dr Róisín,Hayden,University of Newcastle,Australia,Dr Róisín Hayden,"University of Newcastle, Australia",AU,r is n hayden,True
Dr Trent,Haydon,New York University - Abu Dhabi,United Arab Emirates,Dr Trent Haydon,"New York University - Abu Dhabi, United Arab Emirates",AE,trent haydon,True
Leah,Hays,Seatrees,United States,Leah Hays,"Seatrees, United States",US,leah hays,False
Wilson,Hazelman,Corals For Conservation,Fiji,Wilson Hazelman,"Corals For Conservation, Fiji",FJ,wilson hazelman,False
Dr Catherine,Head,Institute of Zoology,United Kingdom,Dr Catherine Head,"Institute of Zoology, United Kingdom",GB,catherine head,True
Aidan,Healy,Nova Southeastern University,United States,Aidan Healy,"Nova Southeastern University, United States",US,aidan healy,True
Dr Laetitia,Hedouin,CRIOBE,French Polynesia,Dr Laetitia Hedouin,"CRIOBE, French Polynesia",PF,laetitia hedouin,True
Kate,Heffner,Nova Southeastern University,United States,Kate Heffner,"Nova Southeastern University, United States",US,kate heffner,True
Evan,Heit,University of Melbourne,Australia,Evan Heit,"University of Melbourne, Australia",AU,evan heit,True
Prof Michael,Hellberg,Louisiana State University,United States,Prof Michael Hellberg,"Louisiana State University, United States",US,michael hellberg,False
Gideon,Heller-wagner,James Cook University,Australia,Gideon Heller-wagner,"James Cook University, Australia",AU,gideon heller wagner,False
Conor,Hendrickson,Southern Cross University,Australia,Conor Hendrickson,"Southern Cross University, Australia",AU,conor hendrickson,True
Harris WK,Heng,University of Queensland,Malaysia,Harris WK Heng,"University of Queensland, Malaysia",MY,harris wk heng,True
Dr Ben,Henley,University of Melbourne,Australia,Dr Ben Henley,"University of Melbourne, Australia",AU,ben henley,True
Phaedra,Hernández,University of Auckland,New Zealand,Phaedra Hernández,"University of Auckland, New Zealand",NZ,phaedra hern ndez,True
Thalia,Trillo,Universidad Autónoma de Baja California Sur,Mexico,Thalia Trillo,"Universidad Autónoma de Baja California Sur, Mexico",MX,thalia trillo,True
Dr Ale,Hernández,California Academy of Sciences,United States,Dr Ale Hernández,"California Academy of Sciences, United States",US,ale hern ndez,False
Prof Scott,Heron,James Cook University,Australia,Prof Scott Heron,"James Cook University, Australia",AU,scott heron,True
Dr Ana,Herrera Reveles,Universidad Central de Venezuela,"Venezuela, Bolivarian Republic of",Dr Ana Herrera Reveles,"Universidad Central de Venezuela, Venezuela, Bolivarian Republic of",VE,ana herrera reveles,True
Morgan,Hightshoe,Nova Southeastern University,United States,Morgan Hightshoe,"Nova Southeastern University, United States",US,morgan hightshoe,True
Dan,Hikuroa,University of Auckland,New Zealand,Dan Hikuroa,"University of Auckland, New Zealand",NZ,dan hikuroa,True
Dr Claudia,Hill,KAUST,Saudi Arabia,Dr Claudia Hill,"KAUST, Saudi Arabia",SA,claudia hill,True
Dr Tess,Hill,James Cook University,Australia,Dr Tess Hill,"James Cook University, Australia",AU,tess hill,False
Eve,Hinchliffe,Great Barrier Reef Marine Park Authority,Australia,Eve Hinchliffe,"Great Barrier Reef Marine Park Authority, Australia",AU,eve hinchliffe,True
Graham,Hinchliffe,Auckland University of Technology,New Zealand,Graham Hinchliffe,"Auckland University of Technology, New Zealand",NZ,graham hinchliffe,True
Dr Kris-an,Hinds,University of South Florida,United States,Dr Kris-an Hinds,"University of South Florida, United States",US,kris an hinds,True
Allyn Duvin,Hinoguin,Mindanao State University - Naawan,Philippines,Allyn Duvin Hinoguin,"Mindanao State University - Naawan, Philippines",PH,allyn duvin hinoguin,True
Dr Heidi,Hirsh,University of Miami,United States,Dr Heidi Hirsh,"University of Miami, United States",US,heidi hirsh,True
Ana,Ho,Camphora Pte Ltd,Singapore,Ana Ho,"Camphora Pte Ltd, Singapore",SG,ana ho,False
Jin Chi,Ho,National University of Singapore,Singapore,Jin Chi Ho,"National University of Singapore, Singapore",SG,jin chi ho,True
Sheng-Wei,Ho,Institute of Fisheries Science,Taiwan,Sheng-Wei Ho,"Institute of Fisheries Science, Taiwan",TW,sheng wei ho,True
Kenneth,Hoadley,University of Alabama,United States,Kenneth Hoadley,"University of Alabama, United States",US,kenneth hoadley,False
Dr Ludovic,Hoarau,ENTROPIE,Réunion,Dr Ludovic Hoarau,"ENTROPIE, Réunion",RE,ludovic hoarau,True
Dr Mykle,Hoban,Hawai‘i Institute of Marine Biology,United States,Dr Mykle Hoban,"Hawai‘i Institute of Marine Biology, United States",US,mykle hoban,True
Alyssa,Hobbs,Johnston Applied Marine Sciences,Northern Mariana Islands,Alyssa Hobbs,"Johnston Applied Marine Sciences, Northern Mariana Islands",MP,alyssa hobbs,True
Jess,Hodge,University of Bristol,United Kingdom,Jess Hodge,"University of Bristol, United Kingdom",GB,jess hodge,True
Prof Ove,Hoegh-Guldberg,University of Queensland,Australia,Prof Ove Hoegh-Guldberg,"University of Queensland, Australia",AU,ove hoegh guldberg,True
Prof Andrew,Hoey,James Cook University,Australia,Prof Andrew Hoey,"James Cook University, Australia",AU,andrew hoey,False
Dr Vinzenz,Hofferek,University of Melbourne,Australia,Dr Vinzenz Hofferek,"University of Melbourne, Australia",AU,vinzenz hofferek,True
Dr Carla,Hoge,University of Chicago,United States,Dr Carla Hoge,"University of Chicago, United States",US,carla hoge,True
Dr Lyndsey,Holland,Department of Conservation - New Zealand,New Zealand,Dr Lyndsey Holland,"Department of Conservation - New Zealand, New Zealand",NZ,lyndsey holland,True
Erin,Hollander,University of the Virgin Islands,United States Virgin Islands,Erin Hollander,"University of the Virgin Islands, United States Virgin Islands",VI,erin hollander,True
Michael,Hood,Texas A&M University,United States,Michael Hood,"Texas A&M University, United States",US,michael hood,True
Dr Peter,Houk,University of Guam,Guam,Dr Peter Houk,"University of Guam, Guam",GU,peter houk,True
Colin,Howe,Pennsylvania State University,United States,Colin Howe,"Pennsylvania State University, United States",US,colin howe,True
Dr Emily,Howells,Southern Cross University,Australia,Dr Emily Howells,"Southern Cross University, Australia",AU,emily howells,True
Kristina,Hrelja,KAUST,Saudi Arabia,Kristina Hrelja,"KAUST, Saudi Arabia",SA,kristina hrelja,True
Tony,Hsu,University of Sydney,Australia,Tony Hsu,"University of Sydney, Australia",AU,tony hsu,True
Keno,Hsueh,University of Guam,Guam,Keno Hsueh,"University of Guam, Guam",GU,keno hsueh,True
Juntong,Hu,University of Melbourne,Australia,Juntong Hu,"University of Melbourne, Australia",AU,juntong hu,True
Lucia,Hu,Hong Kong University of Science and Technology,Hong Kong,Lucia Hu,"Hong Kong University of Science and Technology, Hong Kong",HK,lucia hu,True
Dr Minjie,Hu,Zhejiang University,China,Dr Minjie Hu,"Zhejiang University, China",CN,minjie hu,True
Dr Danwei,Huang,National University of Singapore,Singapore,Dr Danwei Huang,"National University of Singapore, Singapore",SG,danwei huang,False
Dr Lintao,Huang,South China Sea Institute of Oceanology,China,Dr Lintao Huang,"South China Sea Institute of Oceanology, China",CN,lintao huang,True
Dr Ya-Yi,Huang,Academia Sinica,Taiwan,Dr Ya-Yi Huang,"Academia Sinica, Taiwan",TW,ya yi huang,True
Dr Roger,Huerlimann,Okinawa Institute of Science and Technology,Japan,Dr Roger Huerlimann,"Okinawa Institute of Science and Technology, Japan",JP,roger huerlimann,True
Annabel,Hughes,Northeastern University Marine Science Center,United States,Annabel Hughes,"Northeastern University Marine Science Center, United States",US,annabel hughes,True
Eden,Hughes,University of California - Santa Cruz,United States,Eden Hughes,"University of California - Santa Cruz, United States",US,eden hughes,False
Kira,Hughes,State of Hawai'i,United States,Kira Hughes,"State of Hawai'i, United States",US,kira hughes,True
Peter,Hughes,Macquarie University,Australia,Peter Hughes,"Macquarie University, Australia",AU,peter hughes,False
Dr Mareike,Huhn,Ruhr University - Bochum,Germany,Dr Mareike Huhn,"Ruhr University - Bochum, Germany",DE,mareike huhn,True
Eric,Huitt,University of California - Riverside,United States,Eric Huitt,"University of California - Riverside, United States",US,eric huitt,True
Dr Adriana,Humanes,Newcastle University,United Kingdom,Dr Adriana Humanes,"Newcastle University, United Kingdom",GB,adriana humanes,True
A/Prof Marc,Humblet,Nagoya University,Japan,A/Prof Marc Humblet,"Nagoya University, Japan",JP,a prof marc humblet,True
Dr Brittany,Huntington,Cooperative Institute Of Marine and Atmospheric,United States,Dr Brittany Huntington,"Cooperative Institute Of Marine and Atmospheric, United States",US,brittany huntington,True
Natalia,Hurtado-Lopez,Cape Eleuthera Institute,Bahamas,Natalia Hurtado-Lopez,"Cape Eleuthera Institute, Bahamas",BS,natalia hurtado lopez,True
George,Huster,Newcastle University,United Kingdom,George Huster,"Newcastle University, United Kingdom",GB,george huster,True
Dr Nick,Hutley,Fluvio,Australia,Dr Nick Hutley,"Fluvio, Australia",AU,nick hutley,False
Alexa,Huzar,University of Texas - Austin,United States,Alexa Huzar,"University of Texas - Austin, United States",US,alexa huzar,True
Prof Jiang-Shiou,Hwang,National Taiwan Ocean University,Taiwan,Prof Jiang-Shiou Hwang,"National Taiwan Ocean University, Taiwan",TW,jiang shiou hwang,True
Dr Matt,Iacchei,Hawai'i Pacific University,United States,Dr Matt Iacchei,"Hawai'i Pacific University, United States",US,matt iacchei,True
Nizam,Ibrahim,Southern Cross University,Maldives,Nizam Ibrahim,"Southern Cross University, Maldives",MV,nizam ibrahim,True
Patrick,Idank,Nova Southeastern University,United States,Patrick Idank,"Nova Southeastern University, United States",US,patrick idank,True
Dr Toyosi,Igejongbo,Federal University of Technology - Akure,Nigeria,Dr Toyosi Igejongbo,"Federal University of Technology - Akure, Nigeria",NG,toyosi igejongbo,True
Layla,Iijima,Institut de Recherche pour le Développement/Université,France,Layla Iijima,"Institut de Recherche pour le Développement/Université, France",FR,layla iijima,True
Dr Ifenna,Ilechukwu,Molecular Invertebrate Systematics & Ecology,Japan,Dr Ifenna Ilechukwu,"Molecular Invertebrate Systematics & Ecology, Japan",JP,ifenna ilechukwu,True
Dr Ophery,Ilomo,University of Dar Es Salaam,"Tanzania, United Republic of",Dr Ophery Ilomo,"University of Dar Es Salaam, Tanzania, United Republic of",TZ,ophery ilomo,True
Dr Kelly,Inagaki,Universidade Federal do Rio Grande do Norte,Brazil,Dr Kelly Inagaki,"Universidade Federal do Rio Grande do Norte, Brazil",BR,kelly inagaki,True
Lorelei,Ing,University of Texas - Arlington,United States,Lorelei Ing,"University of Texas - Arlington, United States",US,lorelei ing,True
Rachel,Ionata,Nova Southeastern University,United States,Rachel Ionata,"Nova Southeastern University, United States",US,rachel ionata,True
Dr Lawrance,Irudayarajan,CSIR National Institute of Oceanography,India,Dr Lawrance Irudayarajan,"CSIR National Institute of Oceanography, India",IN,lawrance irudayarajan,True
Ashtyn L.,Isaak,Victoria University of Wellington,New Zealand,Ashtyn L. Isaak,"Victoria University of Wellington, New Zealand",NZ,ashtyn l isaak,True
Utah,Isaako,"Tokelau Ministry of Climate, Ocean and Resilience",Tokelau,Utah Isaako,"Tokelau Ministry of Climate, Ocean and Resilience, Tokelau",TK,utah isaako,False
Raffi,Isah,University of Hawai'i - Mānoa,Philippines,Raffi Isah,"University of Hawai'i - Mānoa, Philippines",PH,raffi isah,True
Olivia,Isbell,University of California - Santa Barbara,United States,Olivia Isbell,"University of California - Santa Barbara, United States",US,olivia isbell,True
Dan,Ishibashi,University of the Ryukyus,Japan,Dan Ishibashi,"University of the Ryukyus, Japan",JP,dan ishibashi,True
Hisatake,Ishida,University of Queensland,Australia,Hisatake Ishida,"University of Queensland, Australia",AU,hisatake ishida,True
Mayu,Ishikawa,Ochanomizu University,Japan,Mayu Ishikawa,"Ochanomizu University, Japan",JP,mayu ishikawa,True
Eduardo,Islas,Goethe-Universität,Germany,Eduardo Islas,"Goethe-Universität, Germany",DE,eduardo islas,True
Claire,Ittleson,University of Bristol,United Kingdom,Claire Ittleson,"University of Bristol, United Kingdom",GB,claire ittleson,True
Prof Viacheslav,Ivanenko,Shenzhen MSU-BIT University,China,Prof Viacheslav Ivanenko,"Shenzhen MSU-BIT University, China",CN,viacheslav ivanenko,True
Jordan,Ivey,Australian Institute of Marine Science,Australia,Jordan Ivey,"Australian Institute of Marine Science, Australia",AU,jordan ivey,True
Elizabeth,Ivory,Southern Cross University,Australia,Elizabeth Ivory,"Southern Cross University, Australia",AU,elizabeth ivory,True
Dr Michael,Izumiyama,University of the Ryukyus,Japan,Dr Michael Izumiyama,"University of the Ryukyus, Japan",JP,michael izumiyama,True
Dr Amara,Jabeen,Macquarie University,Australia,Dr Amara Jabeen,"Macquarie University, Australia",AU,amara jabeen,True
Emily,Jackson,Florida International University,United States,Emily Jackson,"Florida International University, United States",US,emily jackson,True
Tim,Jackson,Griffith University,Australia,Tim Jackson,"Griffith University, Australia",AU,tim jackson,False
Sylvia,Jagerroos,Red Sea Global,Saudi Arabia,Sylvia Jagerroos,"Red Sea Global, Saudi Arabia",SA,sylvia jagerroos,True
Siddhi,Jaishankar,Nature Conservation Foundation,India,Siddhi Jaishankar,"Nature Conservation Foundation, India",IN,siddhi jaishankar,True
Shivam,Jalam,Blue Prosperity Fiji,Fiji,Shivam Jalam,"Blue Prosperity Fiji, Fiji",FJ,shivam jalam,False
Rachel Sapery,James,World Wildlife Fund,Australia,Rachel Sapery James,"World Wildlife Fund, Australia",AU,rachel sapery james,False
Dr W. Ryan,James,Florida International University,United States,Dr W. Ryan James,"Florida International University, United States",US,w ryan james,True
Dr May,Jandang,Kyushu University,Japan,Dr May Jandang,"Kyushu University, Japan",JP,may jandang,True
Dr Katarzyna,Janiszewska,Institute of Paleobiology,Poland,Dr Katarzyna Janiszewska,"Institute of Paleobiology, Poland",PL,katarzyna janiszewska,True
Kathia,Jaramillo,Florida International University,United States,Kathia Jaramillo,"Florida International University, United States",US,kathia jaramillo,True
Dr Danielle,Jayewardene,National Oceanic and Atmospheric Administration,United States,Dr Danielle Jayewardene,"National Oceanic and Atmospheric Administration, United States",US,danielle jayewardene,True
Christina,Jayne,State of Hawai'i,United States,Christina Jayne,"State of Hawai'i, United States",US,christina jayne,True
Reanna,Jeanes,I.CARE,United States,Reanna Jeanes,"I.CARE, United States",US,reanna jeanes,True
Dr Laura-Li,Jeannot,Lancaster University,United Kingdom,Dr Laura-Li Jeannot,"Lancaster University, United Kingdom",GB,laura li jeannot,True
Sruti,Jeetun,Reef Conservation,Mauritius,Sruti Jeetun,"Reef Conservation, Mauritius",MU,sruti jeetun,True
David,Jen,Central Queensland University,Australia,David Jen,"Central Queensland University, Australia",AU,david jen,True
Yusup,Jentewo,University of Auckland,Indonesia,Yusup Jentewo,"University of Auckland, Indonesia",ID,yusup jentewo,True
Reshad,Jhangeer-khan,Shoals Rodrigues,Mauritius,Reshad Jhangeer-khan,"Shoals Rodrigues, Mauritius",MU,reshad jhangeer khan,True
Dr Mitsuru,Jimbo,Kitasato University,Japan,Dr Mitsuru Jimbo,"Kitasato University, Japan",JP,mitsuru jimbo,True
Nilda,Jimenez-Marrero,Puerto Rico Department of Natural and Environmental,Puerto Rico,Nilda Jimenez-Marrero,"Puerto Rico Department of Natural and Environmental, Puerto Rico",PR,nilda jimenez marrero,False
Shakeel,Jogee,University of Mauritius,Mauritius,Shakeel Jogee,"University of Mauritius, Mauritius",MU,shakeel jogee,True
Dr Ofri,Johan,Research Center for Biota System,Indonesia,Dr Ofri Johan,"Research Center for Biota System, Indonesia",ID,ofri johan,True
April,Johns,Colorado State University,United States,April Johns,"Colorado State University, United States",US,april johns,True
Dr Evan,Johnson,Smithsonian Tropical Research Institute,Panama,Dr Evan Johnson,"Smithsonian Tropical Research Institute, Panama",PA,evan johnson,True
Ian,Johnson,Nova Southeastern University,United States,Ian Johnson,"Nova Southeastern University, United States",US,ian johnson,True
Kelly,Wong,University of Amsterdam,Netherlands,Kelly Wong,"University of Amsterdam, Netherlands",NL,kelly wong,False
Dr Bede,Johnston,Australian Institute of Marine Science,Australia,Dr Bede Johnston,"Australian Institute of Marine Science, Australia",AU,bede johnston,True
Dr Lyza,Johnston,Johnston Applied Marine Sciences,Northern Mariana Islands,Dr Lyza Johnston,"Johnston Applied Marine Sciences, Northern Mariana Islands",MP,lyza johnston,True
Thomas,Johnstone,Otago University,New Zealand,Thomas Johnstone,"Otago University, New Zealand",NZ,thomas johnstone,True
Emily,Jolly,University of Maryland,United States,Emily Jolly,"University of Maryland, United States",US,emily jolly,True
Jacinta,Jonathan,Sea Women of Melanesia Inc,Papua New Guinea,Jacinta Jonathan,"Sea Women of Melanesia Inc, Papua New Guinea",PG,jacinta jonathan,True
Dr Lewis A.,Jones,University College London,United Kingdom,Dr Lewis A. Jones,"University College London, United Kingdom",GB,lewis a jones,True
Dr Nicholas,Jones,Nova Southeastern University,United States,Dr Nicholas Jones,"Nova Southeastern University, United States",US,nicholas jones,True
Solène,Jonveaux,Coral Guardian,France,Solène Jonveaux,"Coral Guardian, France",FR,sol ne jonveaux,True
Marlena,Joppien,Nanyang Technological University,Singapore,Marlena Joppien,"Nanyang Technological University, Singapore",SG,marlena joppien,True
Sassa,Jordan,Newcastle University,Germany,Sassa Jordan,"Newcastle University, Germany",DE,sassa jordan,False
Eugene,Joseph,Conservation Society of Pohnpei,"Micronesia, Federated States of",Eugene Joseph,"Conservation Society of Pohnpei, Micronesia, Federated States of",FM,eugene joseph,True
Dr Jonathan,Jung,Max Planck Institute for Chemistry,Germany,Dr Jonathan Jung,"Max Planck Institute for Chemistry, Germany",DE,jonathan jung,True
Laongdow,Jungrak,Ramkhamhaeng University,Thailand,Laongdow Jungrak,"Ramkhamhaeng University, Thailand",TH,laongdow jungrak,True
Dr Micaela,Justo,KAUST,Saudi Arabia,Dr Micaela Justo,"KAUST, Saudi Arabia",SA,micaela justo,True
David,Juszkiewicz,Curtin University,Australia,David Juszkiewicz,"Curtin University, Australia",AU,david juszkiewicz,True
Dr Samuel,Kahng,Kikai Institute for Coral Reef Science,Thailand,Dr Samuel Kahng,"Kikai Institute for Coral Reef Science, Thailand",TH,samuel kahng,True
Kaiku,Kaholoa'a,Stanford University,United States,Kaiku Kaholoa'a,"Stanford University, United States",US,kaiku kaholoa a,True
Dr Jimy,Kalther,Konservasi Indonesia,Indonesia,Dr Jimy Kalther,"Konservasi Indonesia, Indonesia",ID,jimy kalther,True
Masumi,Kamata,University of Tokyo,Japan,Masumi Kamata,"University of Tokyo, Japan",JP,masumi kamata,True
Prof Nick,Kamenos,Umeå Univeristy,Sweden,Prof Nick Kamenos,"Umeå Univeristy, Sweden",SE,nick kamenos,True
Dr Hiro,Kan,Kyushu University,Japan,Dr Hiro Kan,"Kyushu University, Japan",JP,hiro kan,False
Toru,Kanyama,Fisheries Infrastructure Development Center,Japan,Toru Kanyama,"Fisheries Infrastructure Development Center, Japan",JP,toru kanyama,True
Carly,Karrick,University of California - Berkeley,United States,Carly Karrick,"University of California - Berkeley, United States",US,carly karrick,True
Mallory,Kastner,Woods Hole Oceanographic Institution,United States,Mallory Kastner,"Woods Hole Oceanographic Institution, United States",US,mallory kastner,True
Mika,Katayama,"Kokusai Kogyo Co., Ltd.",Japan,Mika Katayama,"Kokusai Kogyo Co., Ltd., Japan",JP,mika katayama,True
Camila,Kato,University of São Paulo,Brazil,Camila Kato,"University of São Paulo, Brazil",BR,camila kato,True
Keoni,Kattil,Marshall Islands Conservation Society,Marshall Islands,Keoni Kattil,"Marshall Islands Conservation Society, Marshall Islands",MH,keoni kattil,False
Sefano Moon,Katz,Envirotech-Coralz Group,Fiji,Sefano Moon Katz,"Envirotech-Coralz Group, Fiji",FJ,sefano moon katz,True
Dawn,Kaufman,University of Miami,United States,Dawn Kaufman,"University of Miami, United States",US,dawn kaufman,True
Dr Les,Kaufman,Boston University,United States,Dr Les Kaufman,"Boston University, United States",US,les kaufman,True
Dr Deepeeka,Kaullysing,University of Mauritius,Mauritius,Dr Deepeeka Kaullysing,"University of Mauritius, Mauritius",MU,deepeeka kaullysing,True
Mackenzie,Kawahara,University of California - Santa Barbara,United States,Mackenzie Kawahara,"University of California - Santa Barbara, United States",US,mackenzie kawahara,True
Ka'ohinani,Kawahigashi,University of Sydney,Australia,Ka'ohinani Kawahigashi,"University of Sydney, Australia",AU,ka ohinani kawahigashi,True
Hiʻilei,Kawelo,Paepae o Heʻeia,United States,Hiʻilei Kawelo,"Paepae o Heʻeia, United States",US,hi ilei kawelo,False
Novia,Kayfetz-Vuong,Lingnan University,United States,Novia Kayfetz-Vuong,"Lingnan University, United States",US,novia kayfetz vuong,True
Dr Andrea,Kealoha,University of Hawai'i - Mānoa,United States,Dr Andrea Kealoha,"University of Hawai'i - Mānoa, United States",US,andrea kealoha,False
Billie,Kearns,Qubit Systems Inc.,Canada,Billie Kearns,"Qubit Systems Inc., Canada",CA,billie kearns,False
Seth,Keep,James Cook University,Australia,Seth Keep,"James Cook University, Australia",AU,seth keep,True
Dr Elise,Keister,Mote Marine Laboratory,United States,Dr Elise Keister,"Mote Marine Laboratory, United States",US,elise keister,True
Dr Inti,Keith,Charles Darwin Foundation,Ecuador,Dr Inti Keith,"Charles Darwin Foundation, Ecuador",EC,inti keith,True
Lunalilo,Kekoa,Division of Aquatic Resources - Hawai'i,United States,Lunalilo Kekoa,"Division of Aquatic Resources - Hawai'i, United States",US,lunalilo kekoa,True
Kainalu,Keliʻikuli-Grace,"Hoʻāla Kealakekua Nui, Inc.",United States,Kainalu Keliʻikuli-Grace,"Hoʻāla Kealakekua Nui, Inc., United States",US,kainalu keli ikuli grace,True
Kuʻi,Keliipuleole,University of Hawai'i - Mānoa,United States,Kuʻi Keliipuleole,"University of Hawai'i - Mānoa, United States",US,ku i keliipuleole,True
A/Prof Tina,Keller-Costa,Instituto Superior Técnico,Portugal,A/Prof Tina Keller-Costa,"Instituto Superior Técnico, Portugal",PT,a prof tina keller costa,True
Russell,Kelley,Byoguides,Australia,Russell Kelley,"Byoguides, Australia",AU,russell kelley,False
ʻAʻaliʻi,Kelling,Hawaiʻi Institute of Marine Biology,United States,ʻAʻaliʻi Kelling,"Hawaiʻi Institute of Marine Biology, United States",US,a ali i kelling,True
Kathryn,Kelly,Coral Reef Alliance,Mexico,Kathryn Kelly,"Coral Reef Alliance, Mexico",MX,kathryn kelly,False
Miss Mildred,Kelokelo,University Of Newcastle,Australia,Miss Mildred Kelokelo,"University Of Newcastle, Australia",AU,mildred kelokelo,False
Thomas,Kemenes,Wageningen University,Netherlands,Thomas Kemenes,"Wageningen University, Netherlands",NL,thomas kemenes,True
Dr Dustin,Kemp,University of Alabama - Birmingham,United States,Dr Dustin Kemp,"University of Alabama - Birmingham, United States",US,dustin kemp,True
Prof Paul,Kench,University of Waikato,New Zealand,Prof Paul Kench,"University of Waikato, New Zealand",NZ,paul kench,True
Dr Tania,Kenyon,University of Queensland,Australia,Dr Tania Kenyon,"University of Queensland, Australia",AU,tania kenyon,True
Dr Diego,Kersting,IATS/CSIC,Spain,Dr Diego Kersting,"IATS/CSIC, Spain",ES,diego kersting,True
Ali,Khalid,Bpp,United Kingdom,Ali Khalid,"Bpp, United Kingdom",GB,ali khalid,False
Nenik,Kholilah,University of Mataram,Indonesia,Nenik Kholilah,"University of Mataram, Indonesia",ID,nenik kholilah,True
Patrick,Kiel,University of Miami,United States,Patrick Kiel,"University of Miami, United States",US,patrick kiel,True
Dr Jess,Kilroy,University of Queensland,Australia,Dr Jess Kilroy,"University of Queensland, Australia",AU,jess kilroy,False
Dr Catherine,Kim,Queensland University of Technology,Australia,Dr Catherine Kim,"Queensland University of Technology, Australia",AU,catherine kim,True
Jaehyeon,Kim,KIOST,South Korea,Jaehyeon Kim,"KIOST, South Korea",KR,jaehyeon kim,True
Dr Sun,Kim,University of Queensland,Australia,Dr Sun Kim,"University of Queensland, Australia",AU,sun kim,True
Dr Taihun,Kim,KIOST,South Korea,Dr Taihun Kim,"KIOST, South Korea",KR,taihun kim,True
Dr Tye,Kindinger,National Geographic Pristine Seas,United States,Dr Tye Kindinger,"National Geographic Pristine Seas, United States",US,tye kindinger,False
Sam,King,University of Arizona,United States,Sam King,"University of Arizona, United States",US,sam king,True
Dr Tim,King,Hong Kong University of Science and Technology,Hong Kong,Dr Tim King,"Hong Kong University of Science and Technology, Hong Kong",HK,tim king,False
Kelsey,Kingsbury,James Cook University,Australia,Kelsey Kingsbury,"James Cook University, Australia",AU,kelsey kingsbury,True
Oliver,Kippax-Chui,Imperial College London,United Kingdom,Oliver Kippax-Chui,"Imperial College London, United Kingdom",GB,oliver kippax chui,True
Amber,Kirk,Victoria University of Wellington,New Zealand,Amber Kirk,"Victoria University of Wellington, New Zealand",NZ,amber kirk,True
Dr Lisa,Kirkendale,Western Australian Museum,Australia,Dr Lisa Kirkendale,"Western Australian Museum, Australia",AU,lisa kirkendale,True
Dr Hiroki,Kise,National Institute of Advanced Industrial Science and Technology,Japan,Dr Hiroki Kise,"National Institute of Advanced Industrial Science and Technology, Japan",JP,hiroki kise,True
Hannah,Kish,University of Technology Sydney,Australia,Hannah Kish,"University of Technology Sydney, Australia",AU,hannah kish,True
Daigo,Kishi,University of Miyazaki,Japan,Daigo Kishi,"University of Miyazaki, Japan",JP,daigo kishi,True
Dr Sheila,Kitchen,Stony Brook University,United States,Dr Sheila Kitchen,"Stony Brook University, United States",US,sheila kitchen,True
Dr Jokim,Kitolelei,University of the South Pacific,Fiji,Dr Jokim Kitolelei,"University of the South Pacific, Fiji",FJ,jokim kitolelei,True
Dr Salanieta,Kitolelei,Leibniz Centre for Tropical Marine Research,Germany,Dr Salanieta Kitolelei,"Leibniz Centre for Tropical Marine Research, Germany",DE,salanieta kitolelei,True
Allison,Klein,Florida Atlantic University,United States,Allison Klein,"Florida Atlantic University, United States",US,allison klein,True
Dr Shannon,Klein,KAUST,Saudi Arabia,Dr Shannon Klein,"KAUST, Saudi Arabia",SA,shannon klein,True
Diana,Kleine,Coralwatch,Australia,Diana Kleine,"Coralwatch, Australia",AU,diana kleine,True
Dr Courtney,Klepac,Stanford University,United States,Dr Courtney Klepac,"Stanford University, United States",US,courtney klepac,True
Dr David,Kline,Pacific Blue Foundation,United States,Dr David Kline,"Pacific Blue Foundation, United States",US,david kline,True
Dr Grace,Klinges,Island Conservation,United States,Dr Grace Klinges,"Island Conservation, United States",US,grace klinges,True
Dr Wanlaya,Klinthong,Ramkhamhaeng University,Thailand,Dr Wanlaya Klinthong,"Ramkhamhaeng University, Thailand",TH,wanlaya klinthong,True
Ilima,Kloulchad,"Ministry of Agriculture, Fisheries and Environment - Palau",Palau,Ilima Kloulchad,"Ministry of Agriculture, Fisheries and Environment - Palau, Palau",PW,ilima kloulchad,False
Holly,Koch,Victoria University of Wellington,New Zealand,Holly Koch,"Victoria University of Wellington, New Zealand",NZ,holly koch,True
Dr Na'ama-rose,Kochman,University of New South Wales,Australia,Dr Na'ama-rose Kochman,"University of New South Wales, Australia",AU,na ama rose kochman,True
Samuel,Koeck,MIT-WHOI Joint Program in Oceanography,United States,Samuel Koeck,"MIT-WHOI Joint Program in Oceanography, United States",US,samuel koeck,True
Dr Anna,Koester,Seychelles Islands Foundation,Seychelles,Dr Anna Koester,"Seychelles Islands Foundation, Seychelles",SC,anna koester,True
Lucas,Koh,Nanyang Technological University,Singapore,Lucas Koh,"Nanyang Technological University, Singapore",SG,lucas koh,True
Anna,Koivunen,University of Miami,United States,Anna Koivunen,"University of Miami, United States",US,anna koivunen,True
Eveline,Kolijn,Eveline Kolijn Studio,Canada,Eveline Kolijn,"Eveline Kolijn Studio, Canada",CA,eveline kolijn,True
Graham,Kolodziej,"Global Science and Technology, LLC",United States,Graham Kolodziej,"Global Science and Technology, LLC, United States",US,graham kolodziej,True
Aris,Konstantinidis,KAUST,Saudi Arabia,Aris Konstantinidis,"KAUST, Saudi Arabia",SA,aris konstantinidis,True
Nanako,Kosaka,HI-LEX CORPORATION,Japan,Nanako Kosaka,"HI-LEX CORPORATION, Japan",JP,nanako kosaka,True
Maria,Kottermair,University of Queensland,Australia,Maria Kottermair,"University of Queensland, Australia",AU,maria kottermair,True
Dr Erik,Krieger,Centre Scientifique de Monaco,Monaco,Dr Erik Krieger,"Centre Scientifique de Monaco, Monaco",MC,erik krieger,True
Arjun,Krishnan,Columbia University,United States,Arjun Krishnan,"Columbia University, United States",US,arjun krishnan,True
Dr Ilsa,Kuffner,United States Geological Survey,United States,Dr Ilsa Kuffner,"United States Geological Survey, United States",US,ilsa kuffner,True
Eshna,Kulkarni,James Cook University,Australia,Eshna Kulkarni,"James Cook University, Australia",AU,eshna kulkarni,True
Moriah,Kunes,Princeton University,United States,Moriah Kunes,"Princeton University, United States",US,moriah kunes,True
Dr Chao-yang,Kuo,National Museum of Marine Biology and Aquarium,Taiwan,Dr Chao-yang Kuo,"National Museum of Marine Biology and Aquarium, Taiwan",TW,chao yang kuo,False
Dr Haruko,Kurihara,University of the Ryukyus,Japan,Dr Haruko Kurihara,"University of the Ryukyus, Japan",JP,haruko kurihara,True
Dr Yuka,Kushida,Kagoshima University,Japan,Dr Yuka Kushida,"Kagoshima University, Japan",JP,yuka kushida,True
Elana,Kysil,Leibniz Institute of Plant Biochemistry,Germany,Elana Kysil,"Leibniz Institute of Plant Biochemistry, Germany",DE,elana kysil,True
Dr Liam,Lachs,University of Queensland,Australia,Dr Liam Lachs,"University of Queensland, Australia",AU,liam lachs,True
Rebecca,Lacy,University of Miami,United States,Rebecca Lacy,"University of Miami, United States",US,rebecca lacy,True
Dr Mark,Ladd,Southeast Fisheries Science Center,United States,Dr Mark Ladd,"Southeast Fisheries Science Center, United States",US,mark ladd,True
Dr Patrick,Laffy,Australian Institute of Marine Science,Australia,Dr Patrick Laffy,"Australian Institute of Marine Science, Australia",AU,patrick laffy,True
Monica,Lafon Riojas,University of Auckland,New Zealand,Monica Lafon Riojas,"University of Auckland, New Zealand",NZ,monica lafon riojas,True
Krista,Laforest,University of North Carolina - Wilmington,United States,Krista Laforest,"University of North Carolina - Wilmington, United States",US,krista laforest,True
Prof Todd,LaJeunesse,Pennsylvania State University,United States,Prof Todd LaJeunesse,"Pennsylvania State University, United States",US,todd lajeunesse,True
A/Prof Joleah,Lamb,University of California - Irvine,United States,A/Prof Joleah Lamb,"University of California - Irvine, United States",US,a prof joleah lamb,False
Hannah-Marie,Lamle,Florida International Univeristy,United States,Hannah-Marie Lamle,"Florida International Univeristy, United States",US,hannah marie lamle,True
Andrea,Landaverde,North Carolina State University,El Salvador,Andrea Landaverde,"North Carolina State University, El Salvador",SV,andrea landaverde,True
Matilde,Lanzini,University of Miami,United States,Matilde Lanzini,"University of Miami, United States",US,matilde lanzini,False
Victor,Lara-Pinzón,Smithsonian Tropical Research Center,Panama,Victor Lara-Pinzón,"Smithsonian Tropical Research Center, Panama",PA,victor lara pinz n,True
Laura,Lardinois,McGill University,Canada,Laura Lardinois,"McGill University, Canada",CA,laura lardinois,True
Angela,Larson,Tulane University,United States,Angela Larson,"Tulane University, United States",US,angela larson,True
Prof Howard,Lasker,University at Buffalo,United States,Prof Howard Lasker,"University at Buffalo, United States",US,howard lasker,False
Chuck,Lauer Vose,Coralition for Concerned Polyps,United States,Chuck Lauer Vose,"Coralition for Concerned Polyps, United States",US,chuck lauer vose,False
Erica,Lauer Vose,University of South Florida,United States,Erica Lauer Vose,"University of South Florida, United States",US,erica lauer vose,True
Prof Dail,Laughinghouse,University of Florida,United States,Prof Dail Laughinghouse,"University of Florida, United States",US,dail laughinghouse,False
Erin,Lausterer,University of Technology Sydney,Australia,Erin Lausterer,"University of Technology Sydney, Australia",AU,erin lausterer,True
Mei Ting,Law,National University of Singapore,Singapore,Mei Ting Law,"National University of Singapore, Singapore",SG,mei ting law,True
Catherine,Lawrence,San Diego State University,United States,Catherine Lawrence,"San Diego State University, United States",US,catherine lawrence,True
Evan,Lawrence,University of California - Berkeley,United States,Evan Lawrence,"University of California - Berkeley, United States",US,evan lawrence,True
Dr Chris,Lawson,University of Queensland,Australia,Dr Chris Lawson,"University of Queensland, Australia",AU,chris lawson,True
Trina,Leberer,The Nature Conservancy,Guam,Trina Leberer,"The Nature Conservancy, Guam",GU,trina leberer,True
Dr Mickael,Leclercq,,Canada,Dr Mickael Leclercq,,CA,mickael leclercq,False
Carmine,Lee,National University of Singapore,Singapore,Carmine Lee,"National University of Singapore, Singapore",SG,carmine lee,True
Gaby,Lee,Catholic University of Korea,South Korea,Gaby Lee,"Catholic University of Korea, South Korea",KR,gaby lee,False
Prof Jeong-Hyun,Lee,Chungnam National University,South Korea,Prof Jeong-Hyun Lee,"Chungnam National University, South Korea",KR,jeong hyun lee,True
Dr Jimin,Lee,KIOST,South Korea,Dr Jimin Lee,"KIOST, South Korea",KR,jimin lee,False
Dr Li-Keat,Lee,National University of Singapore,Singapore,Dr Li-Keat Lee,"National University of Singapore, Singapore",SG,li keat lee,True
Prof Moo Joon,Lee,Seokyeong University,South Korea,Prof Moo Joon Lee,"Seokyeong University, South Korea",KR,moo joon lee,False
Catherine,Lee Hing,Stanford University,United States,Catherine Lee Hing,"Stanford University, United States",US,catherine lee hing,True
Prof Bill,Leggat,University of Newcastle,Australia,Prof Bill Leggat,"University of Newcastle, Australia",AU,bill leggat,True
Sarah,Leinbach,Nova Southeastern University,United States,Sarah Leinbach,"Nova Southeastern University, United States",US,sarah leinbach,True
Alec,Leitman,James Cook University,Australia,Alec Leitman,"James Cook University, Australia",AU,alec leitman,True
Jennifer,Lemmons,Waitt Institute,United States,Jennifer Lemmons,"Waitt Institute, United States",US,jennifer lemmons,False
Annelise,Lemonius,University of Amsterdam,Netherlands,Annelise Lemonius,"University of Amsterdam, Netherlands",NL,annelise lemonius,True
Georgia,Lennox,Murdoch University,Australia,Georgia Lennox,"Murdoch University, Australia",AU,georgia lennox,True
Dr Nicole,Leonard,University of Queensland,Australia,Dr Nicole Leonard,"University of Queensland, Australia",AU,nicole leonard,True
Dr Fong Yew,Leong,A*STAR Institute of High Performance Computing,Singapore,Dr Fong Yew Leong,"A*STAR Institute of High Performance Computing, Singapore",SG,fong yew leong,True
Fabrizio,Lepiz Conejo,University of Miami,United States,Fabrizio Lepiz Conejo,"University of Miami, United States",US,fabrizio lepiz conejo,True
Diego,Lera-Lozano,University of California - Los Angeles,United States,Diego Lera-Lozano,"University of California - Los Angeles, United States",US,diego lera lozano,True
Prof Matthieu,Leray,University of Hong Kong,Hong Kong,Prof Matthieu Leray,"University of Hong Kong, Hong Kong",HK,matthieu leray,True
Dr Katey,Lesneski,Florida Keys National Marine Sanctuary,United States,Dr Katey Lesneski,"Florida Keys National Marine Sanctuary, United States",US,katey lesneski,True
Aléxia A.,Lessa,Universidade Federal do Rio de Janeiro,Brazil,Aléxia A. Lessa,"Universidade Federal do Rio de Janeiro, Brazil",BR,al xia a lessa,True
Dr Michael,Lesser,University of New Hampshire,United States,Dr Michael Lesser,"University of New Hampshire, United States",US,michael lesser,True
Prof Fatma,Lestari,Universitas Indonesia,Indonesia,Prof Fatma Lestari,"Universitas Indonesia, Indonesia",ID,fatma lestari,False
Celia,Leto,Mote Marine Laboratory,United States,Celia Leto,"Mote Marine Laboratory, United States",US,celia leto,True
Suki,Leung,University of Queensland,Australia,Suki Leung,"University of Queensland, Australia",AU,suki leung,True
Sebastien,Leveque,Umeå University,Sweden,Sebastien Leveque,"Umeå University, Sweden",SE,sebastien leveque,True
Leighton,Levering,James Cook University,Australia,Leighton Levering,"James Cook University, Australia",AU,leighton levering,True
Samuel,Levine,University Of Canterbury,New Zealand,Samuel Levine,"University Of Canterbury, New Zealand",NZ,samuel levine,False
Jessica,Levy,Coral Restoration Foundation / Coral Restoration,United States,Jessica Levy,"Coral Restoration Foundation / Coral Restoration, United States",US,jessica levy,True
Prof Oren,Levy,Bar-Ilan University,Israel,Prof Oren Levy,"Bar-Ilan University, Israel",IL,oren levy,True
Dr Bonnie,Lewis,University of Waikato,New Zealand,Dr Bonnie Lewis,"University of Waikato, New Zealand",NZ,bonnie lewis,True
Dr Jie,Li,South China Sea Institute of Oceanology,China,Dr Jie Li,"South China Sea Institute of Oceanology, China",CN,jie li,True
Dr Ruiqi,Li,University of Southern California,United States,Dr Ruiqi Li,"University of Southern California, United States",US,ruiqi li,True
Vivian,Li,University of California - Los Angeles,United States,Vivian Li,"University of California - Los Angeles, United States",US,vivian li,True
Yingxin,Li,Lingnan University,Hong Kong,Yingxin Li,"Lingnan University, Hong Kong",HK,yingxin li,True
Dr Ronen,Liberman,Nova Southeastern University,United States,Dr Ronen Liberman,"Nova Southeastern University, United States",US,ronen liberman,True
Akili,Ligons,University of Miami,United States,Akili Ligons,"University of Miami, United States",US,akili ligons,True
Lon,Ligson,Southern Cross University,Philippines,Lon Ligson,"Southern Cross University, Philippines",PH,lon ligson,True
Crissa,Lilagan,Academia Sinica,Taiwan,Crissa Lilagan,"Academia Sinica, Taiwan",TW,crissa lilagan,True
Dr Julian,Lilkendey,Leibniz Centre for Tropical Marine Research,New Zealand,Dr Julian Lilkendey,"Leibniz Centre for Tropical Marine Research, New Zealand",NZ,julian lilkendey,True
Dr Jae Kyu,Lim,KIOST,South Korea,Dr Jae Kyu Lim,"KIOST, South Korea",KR,jae kyu lim,False
Dr Ken,Lim,Southern University of Science and Technology,China,Dr Ken Lim,"Southern University of Science and Technology, China",CN,ken lim,True
Dr Michele,Lima,Oswaldo Cruz Foundation,Brazil,Dr Michele Lima,"Oswaldo Cruz Foundation, Brazil",BR,michele lima,True
Dr Gino Valentino,Limmon,University of Pattimura,Indonesia,Dr Gino Valentino Limmon,"University of Pattimura, Indonesia",ID,gino valentino limmon,True
Dr Bing,Lin,University of Sydney,Australia,Dr Bing Lin,"University of Sydney, Australia",AU,bing lin,True
A/Prof Mei-Fang,Lin,National Sun Yat-sen University,Taiwan,A/Prof Mei-Fang Lin,"National Sun Yat-sen University, Taiwan",TW,a prof mei fang lin,True
Dr Harry,Lin,Academia Sinica,Taiwan,Dr Harry Lin,"Academia Sinica, Taiwan",TW,harry lin,False
Amy,Lin,Delta Environmental and Educational Foundation,Taiwan,Amy Lin,"Delta Environmental and Educational Foundation, Taiwan",TW,amy lin,False
Min Kang,Ling,National University of Singapore,Singapore,Min Kang Ling,"National University of Singapore, Singapore",SG,min kang ling,True
Prof Jorge,Lino,Faculty of Engineering - University of Porto,Portugal,Prof Jorge Lino,"Faculty of Engineering - University of Porto, Portugal",PT,jorge lino,False
Hilda,Lionata,Yayasan Konservasi Alam Nusantara,Indonesia,Hilda Lionata,"Yayasan Konservasi Alam Nusantara, Indonesia",ID,hilda lionata,True
Jarrod,Little,Nova Southeastern University,United States,Jarrod Little,"Nova Southeastern University, United States",US,jarrod little,True
Jason,Litwak,Australian Institute of Marine Science,United States,Jason Litwak,"Australian Institute of Marine Science, United States",US,jason litwak,False
Dr Gang,Liu,National Oceanic and Atmospheric Administration,United States,Dr Gang Liu,"National Oceanic and Atmospheric Administration, United States",US,gang liu,True
Caitlin,Lloyd-Hall,University of Alberta,Canada,Caitlin Lloyd-Hall,"University of Alberta, Canada",CA,caitlin lloyd hall,True
Colin,Lock,University of Technology Sydney,Australia,Colin Lock,"University of Technology Sydney, Australia",AU,colin lock,True
Prof Cheryl,Logan,California State University Monterey Bay,United States,Prof Cheryl Logan,"California State University Monterey Bay, United States",US,cheryl logan,True
Sesimani,Lokotui,Civil Society Forum of Tonga,Tonga,Sesimani Lokotui,"Civil Society Forum of Tonga, Tonga",TO,sesimani lokotui,False
Dr Suzanne,Long,Reef and Rainforest Research Centre,Australia,Dr Suzanne Long,"Reef and Rainforest Research Centre, Australia",AU,suzanne long,True
Prof Guilherme,Longo,University of Massachusetts - Boston,United States,Prof Guilherme Longo,"University of Massachusetts - Boston, United States",US,guilherme longo,True
Stacia,Loong,National University of Singapore,Singapore,Stacia Loong,"National University of Singapore, Singapore",SG,stacia loong,True
Dr Cataixa,Lopez,Hawai'i Pacific University,United States,Dr Cataixa Lopez,"Hawai'i Pacific University, United States",US,cataixa lopez,True
Arthur,Loures,University of São Paulo,Brazil,Arthur Loures,"University of São Paulo, Brazil",BR,arthur loures,True
Veronica,Lovobalavu,LMMA Network,Fiji,Veronica Lovobalavu,"LMMA Network, Fiji",FJ,veronica lovobalavu,False
Dr Alyson,Lowell,Georgia Southern University,United States,Dr Alyson Lowell,"Georgia Southern University, United States",US,alyson lowell,True
Augustina,Löwenstein,Hamburg University,Germany,Augustina Löwenstein,"Hamburg University, Germany",DE,augustina l wenstein,True
Peter,Lowley,James Cook University,Australia,Peter Lowley,"James Cook University, Australia",AU,peter lowley,False
Rebecca,Loy,University of Bristol,United Kingdom,Rebecca Loy,"University of Bristol, United Kingdom",GB,rebecca loy,True
Prof Yossi,Loya,Tel Aviv University,Israel,Prof Yossi Loya,"Tel Aviv University, Israel",IL,yossi loya,True
Katie,Lubarsky,Scripps Institution of Oceanography,United States,Katie Lubarsky,"Scripps Institution of Oceanography, United States",US,katie lubarsky,True
Rhea,Luciano,University of the Philippines - Diliman,Philippines,Rhea Luciano,"University of the Philippines - Diliman, Philippines",PH,rhea luciano,True
Stirling,Ludwick,Gunggandji-mandingalbay Yidinji Peoples Prescribed,Australia,Stirling Ludwick,"Gunggandji-mandingalbay Yidinji Peoples Prescribed, Australia",AU,stirling ludwick,True
Dr Osmar,Luiz,"Department of Biodiversity, Conservation and Attractions",Australia,Dr Osmar Luiz,"Department of Biodiversity, Conservation and Attractions, Australia",AU,osmar luiz,True
Kelly,Lumpkin,,United States,Kelly Lumpkin,,US,kelly lumpkin,True
Jannis,Luncke,University of Haifa,Israel,Jannis Luncke,"University of Haifa, Israel",IL,jannis luncke,True
Dr Petra,Lundgren,Great Barrier Reef Foundation,Australia,Dr Petra Lundgren,"Great Barrier Reef Foundation, Australia",AU,petra lundgren,True
Prof Haiwei,Luo,Chinese University of Hong Kong,Hong Kong,Prof Haiwei Luo,"Chinese University of Hong Kong, Hong Kong",HK,haiwei luo,True
Caitlin,Lustic,The Nature Conservancy,United States Virgin Islands,Caitlin Lustic,"The Nature Conservancy, United States Virgin Islands",VI,caitlin lustic,True
Victoria,Lydick,Indiana University,United States,Victoria Lydick,"Indiana University, United States",US,victoria lydick,False
Hannah Reilly,Lyford,University of California - Santa Barbara,United States,Hannah Reilly Lyford,"University of California - Santa Barbara, United States",US,hannah reilly lyford,True
Chancey,MacDonald,Newcastle University,United Kingdom,Chancey MacDonald,"Newcastle University, United Kingdom",GB,chancey macdonald,True
Petra,Macgowan,The Nature Conservancy,United States,Petra Macgowan,"The Nature Conservancy, United States",US,petra macgowan,True
Dr Nick,MacKnight,University of Miami,United States,Dr Nick MacKnight,"University of Miami, United States",US,nick macknight,False
Diana,Macpherson,Earth Sciences New Zealand,New Zealand,Diana Macpherson,"Earth Sciences New Zealand, New Zealand",NZ,diana macpherson,True
Dr Laura,Macrina,KAUST,Saudi Arabia,Dr Laura Macrina,"KAUST, Saudi Arabia",SA,laura macrina,True
Sophie,MacVittie,University of California - Merced,United States,Sophie MacVittie,"University of California - Merced, United States",US,sophie macvittie,False
VL,Madariaga,University of the Philippines - Diliman,Philippines,VL Madariaga,"University of the Philippines - Diliman, Philippines",PH,vl madariaga,True
Gina-Marie,Maddix,The Nature Conservancy - Jamaica,Jamaica,Gina-Marie Maddix,"The Nature Conservancy - Jamaica, Jamaica",JM,gina marie maddix,True
Sam,Madge,University of Warwick,United Kingdom,Sam Madge,"University of Warwick, United Kingdom",GB,sam madge,False
Will,Mae-Huihui,Kalanihale,United States,Will Mae-Huihui,"Kalanihale, United States",US,will mae huihui,True
Nicolas,Mafla Viscarra,James Cook University,Australia,Nicolas Mafla Viscarra,"James Cook University, Australia",AU,nicolas mafla viscarra,True
Panji,Mahyatar,Yayasan Konservasi Alam Nusantara,Indonesia,Panji Mahyatar,"Yayasan Konservasi Alam Nusantara, Indonesia",ID,panji mahyatar,True
Michelle,Mair,Nova Southeastern University,United States,Michelle Mair,"Nova Southeastern University, United States",US,michelle mair,True
Kristen,Maize,The Nature Conservancy,United States,Kristen Maize,"The Nature Conservancy, United States",US,kristen maize,True
Rosie,Makoski,University of Wisconsin - Green Bay,United States,Rosie Makoski,"University of Wisconsin - Green Bay, United States",US,rosie makoski,True
Dr H,Malleshappa,Suganthi Devadason Marine Research Institute,India,Dr H Malleshappa,"Suganthi Devadason Marine Research Institute, India",IN,h malleshappa,True
Johnenn,Manalang,University of the Philippines - Diliman,Philippines,Johnenn Manalang,"University of the Philippines - Diliman, Philippines",PH,johnenn manalang,True
Stephanus,Mandagi,Yayasan Almanustra,Indonesia,Stephanus Mandagi,"Yayasan Almanustra, Indonesia",ID,stephanus mandagi,False
Dr Rommel H.,Maneja,Saudi Aramco,Saudi Arabia,Dr Rommel H. Maneja,"Saudi Aramco, Saudi Arabia",SA,rommel h maneja,True
Dr Sangeeta,Mangubhai,Talanoa Consulting Fiji,Fiji,Dr Sangeeta Mangubhai,"Talanoa Consulting Fiji, Fiji",FJ,sangeeta mangubhai,True
Héloïse,Maniquet,University of Liège,Belgium,Héloïse Maniquet,"University of Liège, Belgium",BE,h lo se maniquet,True
Chloe,Manley,Georgia Institute of Technology,United States,Chloe Manley,"Georgia Institute of Technology, United States",US,chloe manley,True
Mary Kathryn Grace,Mann,Turks and Caicos Reef Foundation,United States,Mary Kathryn Grace Mann,"Turks and Caicos Reef Foundation, United States",US,mary kathryn grace mann,False
Kenzie,Manning,Windward Community College,United States,Kenzie Manning,"Windward Community College, United States",US,kenzie manning,False
Ankitha,Manohar,University of Leeds,United Kingdom,Ankitha Manohar,"University of Leeds, United Kingdom",GB,ankitha manohar,True
Cristiana,Manullang,Shantou University,China,Cristiana Manullang,"Shantou University, China",CN,cristiana manullang,True
Dr Derek,Manzello,Coral Reef Watch,United States,Dr Derek Manzello,"Coral Reef Watch, United States",US,derek manzello,True
Dr Laura,Marangoni,KAUST,Saudi Arabia,Dr Laura Marangoni,"KAUST, Saudi Arabia",SA,laura marangoni,True
Dr Luisa,Marcelino,Northwestern University,United States,Dr Luisa Marcelino,"Northwestern University, United States",US,luisa marcelino,False
Mariana,Marcondes,University of São Paulo,Brazil,Mariana Marcondes,"University of São Paulo, Brazil",BR,mariana marcondes,True
Bailey,Marquardt,University of Miami,United States,Bailey Marquardt,"University of Miami, United States",US,bailey marquardt,True
Dr Joseane,Marques,Helmholtz Institute for Functional Marine Biodiversity,Germany,Dr Joseane Marques,"Helmholtz Institute for Functional Marine Biodiversity, Germany",DE,joseane marques,True
Matilde,Marques,University of Lisbon,Portugal,Matilde Marques,"University of Lisbon, Portugal",PT,matilde marques,True
Doyce,Marquez,De La Salle University,Philippines,Doyce Marquez,"De La Salle University, Philippines",PH,doyce marquez,True
Bella,Marrable,University of Sydney,Australia,Bella Marrable,"University of Sydney, Australia",AU,bella marrable,True
Dr Harmony,Martell,Florida International University,United States,Dr Harmony Martell,"Florida International University, United States",US,harmony martell,True
Cecilia,Martin,James Cook University,Australia,Cecilia Martin,"James Cook University, Australia",AU,cecilia martin,True
Dr Robin,Martin,Arizona State University,United States,Dr Robin Martin,"Arizona State University, United States",US,robin martin,False
Dr Robin,Martin,Arizona State University,United States,Dr Robin Martin,"Arizona State University, United States",US,robin martin,False
Dr Sarah,Martin,University of Leeds,United Kingdom,Dr Sarah Martin,"University of Leeds, United Kingdom",GB,sarah martin,True
Dr Rowan,Martindale,University of Texas - Austin,United States,Dr Rowan Martindale,"University of Texas - Austin, United States",US,rowan martindale,True
Dr Jon,Martinez,University of Hawai'i,United States,Dr Jon Martinez,"University of Hawai'i, United States",US,jon martinez,False
Ninon,Martinez,University of Belize,Belize,Ninon Martinez,"University of Belize, Belize",BZ,ninon martinez,True
Stephanie,Martinez,Naturalis Biodiversity Center,Netherlands,Stephanie Martinez,"Naturalis Biodiversity Center, Netherlands",NL,stephanie martinez,True
Isabel,Martinez-rugerio,Helmholtz Institute for Functional Marine Biodiversity,Germany,Isabel Martinez-rugerio,"Helmholtz Institute for Functional Marine Biodiversity, Germany",DE,isabel martinez rugerio,True
Marcelina,Martynek,University of Pennsylvania,United States,Marcelina Martynek,"University of Pennsylvania, United States",US,marcelina martynek,True
Dr Shumpei,Maruyama,University of California - Berkeley,United States,Dr Shumpei Maruyama,"University of California - Berkeley, United States",US,shumpei maruyama,True
Dr Magena,Marzonie,Australian Institute of Marine Science,Australia,Dr Magena Marzonie,"Australian Institute of Marine Science, Australia",AU,magena marzonie,True
Dr Mathilde,Maslin,Marepolis,French Polynesia,Dr Mathilde Maslin,"Marepolis, French Polynesia",PF,mathilde maslin,True
Reagan,Mason,Rockefeller University,United States,Reagan Mason,"Rockefeller University, United States",US,reagan mason,True
Dr Robert,Mason,Commonwealth Scientific and Industrial Research,Australia,Dr Robert Mason,"Commonwealth Scientific and Industrial Research, Australia",AU,robert mason,True
Christophe,Mason-Parker,Marine Conservation Society Seychelles,Seychelles,Christophe Mason-Parker,"Marine Conservation Society Seychelles, Seychelles",SC,christophe mason parker,True
Yoluène,Massey,CNRS,France,Yoluène Massey,"CNRS, France",FR,yolu ne massey,True
Robyn,Mast,Coral Restoration Foundation,United States,Robyn Mast,"Coral Restoration Foundation, United States",US,robyn mast,True
Mila,Matairakula - Kotoisuva,University of the South Pacific,Fiji,Mila Matairakula - Kotoisuva,"University of the South Pacific, Fiji",FJ,mila matairakula kotoisuva,True
Jann-Fredryck,Matias,University Of The Philippines - Diliman,Philippines,Jann-Fredryck Matias,"University Of The Philippines - Diliman, Philippines",PH,jann fredryck matias,True
Lupe,Matoto,Ministry of MEIDECC,Tonga,Lupe Matoto,"Ministry of MEIDECC, Tonga",TO,lupe matoto,False
Dr Vailala,Matoto,Tonga Ministry of Fisheries,Tonga,Dr Vailala Matoto,"Tonga Ministry of Fisheries, Tonga",TO,vailala matoto,False
Dr Jen,Matthews,University of Technology Sydney,Australia,Dr Jen Matthews,"University of Technology Sydney, Australia",AU,jen matthews,True
Dr Sam,Matthews,Australian Institute of Marine Science,Australia,Dr Sam Matthews,"Australian Institute of Marine Science, Australia",AU,sam matthews,False
Dr Felipe,Mattos,Academia Sinica,Taiwan,Dr Felipe Mattos,"Academia Sinica, Taiwan",TW,felipe mattos,True
Joelle,Mattos,University of Hawai'i - Mānoa,United States,Joelle Mattos,"University of Hawai'i - Mānoa, United States",US,joelle mattos,True
Prof Misha,Matz,University of Texas - Austin,United States,Prof Misha Matz,"University of Texas - Austin, United States",US,misha matz,True
Kim-Isabelle,Mayer,University of Konstanz,Germany,Kim-Isabelle Mayer,"University of Konstanz, Germany",DE,kim isabelle mayer,True
Dr Aileen,Maypa,Silliman University,Philippines,Dr Aileen Maypa,"Silliman University, Philippines",PH,aileen maypa,True
Julian,Maypa,University of the Philippines - Diliman,Philippines,Julian Maypa,"University of the Philippines - Diliman, Philippines",PH,julian maypa,True
Addin,Mazni,World Wide Fund for Nature - Malaysia,Malaysia,Addin Mazni,"World Wide Fund for Nature - Malaysia, Malaysia",MY,addin mazni,True
Ryan,Mcandrews,James Cook University,Australia,Ryan Mcandrews,"James Cook University, Australia",AU,ryan mcandrews,True
Dr Orion,McCarthy,Seatrees,United States,Dr Orion McCarthy,"Seatrees, United States",US,orion mccarthy,True
Dr Mark,Mccauley,United States Geological Survey,United States,Dr Mark Mccauley,"United States Geological Survey, United States",US,mark mccauley,False
Sam,McClain,Texas A&M University,United States,Sam McClain,"Texas A&M University, United States",US,sam mcclain,True
Rayna,Mcclintock,University of Hawai'i - Mānoa,United States,Rayna Mcclintock,"University of Hawai'i - Mānoa, United States",US,rayna mcclintock,True
Dr Jamie,McDevitt-Irwin,University of Hawai'i - Mānoa,United States,Dr Jamie McDevitt-Irwin,"University of Hawai'i - Mānoa, United States",US,jamie mcdevitt irwin,True
Dr Cathy,McFadden,Harvey Mudd College,United States,Dr Cathy McFadden,"Harvey Mudd College, United States",US,cathy mcfadden,True
Dr Melanie,McField,Healthy Reefs for Healthy People,United States,Dr Melanie McField,"Healthy Reefs for Healthy People, United States",US,melanie mcfield,True
Miya Isabelle,Mcglone,University of the Philippines,Philippines,Miya Isabelle Mcglone,"University of the Philippines, Philippines",PH,miya isabelle mcglone,True
Prof Helen,McGregor,University of Wollongong,Australia,Prof Helen McGregor,"University of Wollongong, Australia",AU,helen mcgregor,True
Dr Katrina,McGuigan,University of Queensland,Australia,Dr Katrina McGuigan,"University of Queensland, Australia",AU,katrina mcguigan,True
Dr Shelby,Mcilroy,Chinese University of Hong Kong,Hong Kong,Dr Shelby Mcilroy,"Chinese University of Hong Kong, Hong Kong",HK,shelby mcilroy,True
Andrew,McInnis,University of Florida,United States,Andrew McInnis,"University of Florida, United States",US,andrew mcinnis,True
Clancy,McIntyre,Pennsylvania State University,United States,Clancy McIntyre,"Pennsylvania State University, United States",US,clancy mcintyre,True
Dr Susie,McLaren,University of Cambridge,United Kingdom,Dr Susie McLaren,"University of Cambridge, United Kingdom",GB,susie mclaren,True
Caroline,Mclaughlin,Florida Sea Grant,United States,Caroline Mclaughlin,"Florida Sea Grant, United States",US,caroline mclaughlin,False
Nick,McMahon,Mote Marine Laboratory,United States,Nick McMahon,"Mote Marine Laboratory, United States",US,nick mcmahon,True
Prof John,McManus,University of Miami,United States,Prof John McManus,"University of Miami, United States",US,john mcmanus,True
Dr Lisa,McManus,University of Hawai'i - Mānoa,United States,Dr Lisa McManus,"University of Hawai'i - Mānoa, United States",US,lisa mcmanus,True
Taran,McNelly,Mote Marine Laboratory,United States,Taran McNelly,"Mote Marine Laboratory, United States",US,taran mcnelly,True
A/Prof Crystal,McRae,National Sun Yat-sen University,Taiwan,A/Prof Crystal McRae,"National Sun Yat-sen University, Taiwan",TW,a prof crystal mcrae,True
David,Mead,Ocean Futures Group,Australia,David Mead,"Ocean Futures Group, Australia",AU,david mead,False
Dr Mónica,Medina,University of California - Los Angeles,United States,Dr Mónica Medina,"University of California - Los Angeles, United States",US,m nica medina,True
Dr David,Medio,University of York,United Kingdom,Dr David Medio,"University of York, United Kingdom",GB,david medio,True
Hélène,Meehl,Hawaiʻi Division of Aquatic Resources,United States,Hélène Meehl,"Hawaiʻi Division of Aquatic Resources, United States",US,h l ne meehl,True
Dr Mark,Meekan,University of Western Australia,Australia,Dr Mark Meekan,"University of Western Australia, Australia",AU,mark meekan,True
Sonora,Meiling,University of the Virgin Islands,United States Virgin Islands,Sonora Meiling,"University of the Virgin Islands, United States Virgin Islands",VI,sonora meiling,True
Luisa,Meiritz,Geomar Helmholtz Centre for Ocean Research,Germany,Luisa Meiritz,"Geomar Helmholtz Centre for Ocean Research, Germany",DE,luisa meiritz,True
Luisa,Meister,University of Hong Kong,Hong Kong,Luisa Meister,"University of Hong Kong, Hong Kong",HK,luisa meister,True
Gage,Mele,KAUST,Saudi Arabia,Gage Mele,"KAUST, Saudi Arabia",SA,gage mele,True
Dr Melissa,Melendez,University of Hawai'i,United States,Dr Melissa Melendez,"University of Hawai'i, United States",US,melissa melendez,True
Amanda,Melendez-perez,University of Puerto Rico at Mayagüez,United States,Amanda Melendez-perez,"University of Puerto Rico at Mayagüez, United States",US,amanda melendez perez,True
Juliana,Mello Fonseca,Universidade Federal do Rio de Janeiro,Brazil,Juliana Mello Fonseca,"Universidade Federal do Rio de Janeiro, Brazil",BR,juliana mello fonseca,True
Dr Sara,Melo,Smithsonian Environmental Research Center,United States,Dr Sara Melo,"Smithsonian Environmental Research Center, United States",US,sara melo,True
Alexi,Meltel,University of Hawai'i - Mānoa,Palau,Alexi Meltel,"University of Hawai'i - Mānoa, Palau",PW,alexi meltel,True
Dr Thiago,Mendes,Projeto Costão Rochoso,Brazil,Dr Thiago Mendes,"Projeto Costão Rochoso, Brazil",BR,thiago mendes,True
Jasmine,Mendiola,Conservation Society of Pohnpei,"Micronesia, Federated States of",Jasmine Mendiola,"Conservation Society of Pohnpei, Micronesia, Federated States of",FM,jasmine mendiola,True
Sandra,Mendoza Quiroz,SECORE International,Mexico,Sandra Mendoza Quiroz,"SECORE International, Mexico",MX,sandra mendoza quiroz,True
Liav,Meoded-stern,University of Sydney,Australia,Liav Meoded-stern,"University of Sydney, Australia",AU,liav meoded stern,True
Dr Sebastian,Metz,University of Derby,United Kingdom,Dr Sebastian Metz,"University of Derby, United Kingdom",GB,sebastian metz,True
Dr Zoe,Meziere,University of Queensland,Australia,Dr Zoe Meziere,"University of Queensland, Australia",AU,zoe meziere,True
Dr Lisa,Micheli,Altasea,United States,Dr Lisa Micheli,"Altasea, United States",US,lisa micheli,False
Grace,Middleton,Curtin University,Australia,Grace Middleton,"Curtin University, Australia",AU,grace middleton,True
Prof Miguel,Mies,University of São Paulo,Brazil,Prof Miguel Mies,"University of São Paulo, Brazil",BR,miguel mies,True
A/Prof Michalis,Mihalitsis,University of Guam,Guam,A/Prof Michalis Mihalitsis,"University of Guam, Guam",GU,a prof michalis mihalitsis,True
Dr Allison,Miller,National University of Singapore,New Zealand,Dr Allison Miller,"National University of Singapore, New Zealand",NZ,allison miller,True
Emma,Miller,University of Guam,Guam,Emma Miller,"University of Guam, Guam",GU,emma miller,True
Gavin,Miller,Global Reef,Thailand,Gavin Miller,"Global Reef, Thailand",TH,gavin miller,True
Dr Margaret,Miller,SECORE International,United States,Dr Margaret Miller,"SECORE International, United States",US,margaret miller,True
Meggan,Miller,Western Australian Museum,Australia,Meggan Miller,"Western Australian Museum, Australia",AU,meggan miller,True
Dr Scott,Miller,University of California - Santa Barbara,United States,Dr Scott Miller,"University of California - Santa Barbara, United States",US,scott miller,True
Spencer,Miller,"Settide, LLC",United States,Spencer Miller,"Settide, LLC, United States",US,spencer miller,True
Therese,Miller,University of Auckland,New Zealand,Therese Miller,"University of Auckland, New Zealand",NZ,therese miller,True
Trevor,Milliken,Woods Hole Oceanographic Institution,United States,Trevor Milliken,"Woods Hole Oceanographic Institution, United States",US,trevor milliken,False
Dr Wyatt,Million,University of Technology Sydney,Australia,Dr Wyatt Million,"University of Technology Sydney, Australia",AU,wyatt million,True
Makeda,Mills,Texas A&M University,United States,Makeda Mills,"Texas A&M University, United States",US,makeda mills,True
Dr Won-Gi,Min,KIOST (korea Institute Of Ocean Science & Technology),South Korea,Dr Won-Gi Min,"KIOST (korea Institute Of Ocean Science & Technology), South Korea",KR,won gi min,True
Jan Theodore,Miranda,University of the Philippines,Philippines,Jan Theodore Miranda,"University of the Philippines, Philippines",PH,jan theodore miranda,True
Lucyie Liana,Misi,International Islamic University Malaysia,Malaysia,Lucyie Liana Misi,"International Islamic University Malaysia, Malaysia",MY,lucyie liana misi,True
Dr Geoff,Mitchell,Wofford College,United States,Dr Geoff Mitchell,"Wofford College, United States",US,geoff mitchell,False
Dr Matt,Mitchell,Yas Seaworld Research and Rescue Center,United Arab Emirates,Dr Matt Mitchell,"Yas Seaworld Research and Rescue Center, United Arab Emirates",AE,matt mitchell,True
Dr Carys,Mitchelmore,University of Maryland,United States,Dr Carys Mitchelmore,"University of Maryland, United States",US,carys mitchelmore,True
Gabriela,Mitsuhashi,University of São Paulo,Brazil,Gabriela Mitsuhashi,"University of São Paulo, Brazil",BR,gabriela mitsuhashi,True
Yuta,Miura,"Kokusai Kogyo Co., Ltd.",Japan,Yuta Miura,"Kokusai Kogyo Co., Ltd., Japan",JP,yuta miura,True
Dr Meira,Mizrahi,Wildlife Conservation Society,Australia,Dr Meira Mizrahi,"Wildlife Conservation Society, Australia",AU,meira mizrahi,False
Océane,Moeino,Centre de Recherches Insulaires et Observatoire de l'Environnement de Moorea,French Polynesia,Océane Moeino,"Centre de Recherches Insulaires et Observatoire de l'Environnement de Moorea, French Polynesia",PF,oc ane moeino,True
Megan,Moews-Asher,"Moews-Asher Art, Imagery and Design",Saudi Arabia,Megan Moews-Asher,"Moews-Asher Art, Imagery and Design, Saudi Arabia",SA,megan moews asher,True
Ahmed,Mohamed,United Nations Environment Programme,Kenya,Ahmed Mohamed,"United Nations Environment Programme, Kenya",KE,ahmed mohamed,False
Dr Fairoz,Mohamed,Ocean University of Sri Lanka,Sri Lanka,Dr Fairoz Mohamed,"Ocean University of Sri Lanka, Sri Lanka",LK,fairoz mohamed,True
Dr Tom,Moir,University of New South Wales,Australia,Dr Tom Moir,"University of New South Wales, Australia",AU,tom moir,True
Dr Nury,Molina,National Oceanic and Atmospheric Administration - Sea,United States,Dr Nury Molina,"National Oceanic and Atmospheric Administration - Sea, United States",US,nury molina,True
Dr Ana,Molina,Universidad Nacional Autónoma de México,Mexico,Dr Ana Molina,"Universidad Nacional Autónoma de México, Mexico",MX,ana molina,True
Prof Simone,Montano,University of Milano-Bicocca,Italy,Prof Simone Montano,"University of Milano-Bicocca, Italy",IT,simone montano,True
Dr Hye-won,Moon,National Marine Biodiversity Institute of Korea,South Korea,Dr Hye-won Moon,"National Marine Biodiversity Institute of Korea, South Korea",KR,hye won moon,True
Max,Moonier,Australian Institute of Marine Science,Australia,Max Moonier,"Australian Institute of Marine Science, Australia",AU,max moonier,True
Prof Renato,Morais,KAUST,Saudi Arabia,Prof Renato Morais,"KAUST, Saudi Arabia",SA,renato morais,True
Dr Diana,Morales,Cinvestav Mérida,Mexico,Dr Diana Morales,"Cinvestav Mérida, Mexico",MX,diana morales,True
Dr Ben,Moran,University of California - Davis,United States,Dr Ben Moran,"University of California - Davis, United States",US,ben moran,True
Claire,Moreland-Ochoa,University of Hawai'i - Mānoa,United States,Claire Moreland-Ochoa,"University of Hawai'i - Mānoa, United States",US,claire moreland ochoa,True
A/Prof Kyle,Morgan,Nanyang Technological University,Singapore,A/Prof Kyle Morgan,"Nanyang Technological University, Singapore",SG,a prof kyle morgan,True
Rachel,Morgan,The Florida Aquarium,United States,Rachel Morgan,"The Florida Aquarium, United States",US,rachel morgan,True
Dr Courtney,Morgans,Coralwatch,Australia,Dr Courtney Morgans,"Coralwatch, Australia",AU,courtney morgans,True
Dr Charlotte,Moritz,CMOANA Consulting,French Polynesia,Dr Charlotte Moritz,"CMOANA Consulting, French Polynesia",PF,charlotte moritz,True
Dr John,Morris,Cooperative Institute For Marine and Atmospheric,United States,Dr John Morris,"Cooperative Institute For Marine and Atmospheric, United States",US,john morris,True
A/Prof Sheriden,Morris,Reef and Rainforest Research Centre,Australia,A/Prof Sheriden Morris,"Reef and Rainforest Research Centre, Australia",AU,a prof sheriden morris,True
Dr Alison,Moulding,National Oceanic and Atmospheric Administration - Fisheries,United States,Dr Alison Moulding,"National Oceanic and Atmospheric Administration - Fisheries, United States",US,alison moulding,True
Maxine,Mouly,California Academy of Sciences,Australia,Maxine Mouly,"California Academy of Sciences, Australia",AU,maxine mouly,True
Dr Ryan,Moyer,TerraCarbon LLC,United States,Dr Ryan Moyer,"TerraCarbon LLC, United States",US,ryan moyer,False
Muhidin,Muhidin,Wildlife Conservation Society,Indonesia,Muhidin Muhidin,"Wildlife Conservation Society, Indonesia",ID,muhidin muhidin,True
Dr Bob,Muir,Australian Institute of Marine Science,Australia,Dr Bob Muir,"Australian Institute of Marine Science, Australia",AU,bob muir,False
Mujiyanto,Mujiyanto,National Research and Innovation Agency,Indonesia,Mujiyanto Mujiyanto,"National Research and Innovation Agency, Indonesia",ID,mujiyanto mujiyanto,True
Clelia,Mula,University of Western Australia,Australia,Clelia Mula,"University of Western Australia, Australia",AU,clelia mula,True
Catherine,Mullenmeister,University of California - San Diego,United States,Catherine Mullenmeister,"University of California - San Diego, United States",US,catherine mullenmeister,True
Dr Erinn,Muller,Mote Marine Laboratory,United States,Dr Erinn Muller,"Mote Marine Laboratory, United States",US,erinn muller,True
Prof Peter,Mumby,University of Queensland,Australia,Prof Peter Mumby,"University of Queensland, Australia",AU,peter mumby,True
Nicte-Ha,Munoz Arroyo,Coral Reef Advisory Group,American Samoa,Nicte-Ha Munoz Arroyo,"Coral Reef Advisory Group, American Samoa",AS,nicte ha munoz arroyo,True
Adahara,Muñoz-alfaro,Universidad Autónoma de Baja California Sur,Mexico,Adahara Muñoz-alfaro,"Universidad Autónoma de Baja California Sur, Mexico",MX,adahara mu oz alfaro,True
Vinayagen,Munusami,Eco-Sud,Mauritius,Vinayagen Munusami,"Eco-Sud, Mauritius",MU,vinayagen munusami,True
Mikito,Murakami,University of Tokyo,Japan,Mikito Murakami,"University of Tokyo, Japan",JP,mikito murakami,True
Kat,Murphy,Minderoo Foundation,Australia,Kat Murphy,"Minderoo Foundation, Australia",AU,kat murphy,False
Pooven,Muruga,James Cook University,Australia,Pooven Muruga,"James Cook University, Australia",AU,pooven muruga,True
Peter,Musembi,Wildlife Conservation Society,Kenya,Peter Musembi,"Wildlife Conservation Society, Kenya",KE,peter musembi,True
Georgie,Musson,University of Leeds,United Kingdom,Georgie Musson,"University of Leeds, United Kingdom",GB,georgie musson,True
Adib,Mustofa,University of Southern California,United States,Adib Mustofa,"University of Southern California, United States",US,adib mustofa,True
Adonis,Muzanni,Disaster Risk Reduction Center Universitas Indonesia,Indonesia,Adonis Muzanni,"Disaster Risk Reduction Center Universitas Indonesia, Indonesia",ID,adonis muzanni,False
Abigail,Mwalimu,CORDIO East Africa,Kenya,Abigail Mwalimu,"CORDIO East Africa, Kenya",KE,abigail mwalimu,True
Prof Laura,Mydlarz,University of Texas - Arlington,United States,Prof Laura Mydlarz,"University of Texas - Arlington, United States",US,laura mydlarz,True
Taylor,Naaykens,University of Toronto,Canada,Taylor Naaykens,"University of Toronto, Canada",CA,taylor naaykens,True
Uʻilani,Naipo,Kalanihale,United States,Uʻilani Naipo,"Kalanihale, United States",US,u ilani naipo,True
A/Prof Takashi,Nakamura,University of the Ryukyus,Japan,A/Prof Takashi Nakamura,"University of the Ryukyus, Japan",JP,a prof takashi nakamura,True
Dr Takashi,Nakamura,Institute of Science - Tokyo,Japan,Dr Takashi Nakamura,"Institute of Science - Tokyo, Japan",JP,takashi nakamura,True
Dr Eileen,Nalley,University of Hawai'i - Mānoa,United States,Dr Eileen Nalley,"University of Hawai'i - Mānoa, United States",US,eileen nalley,True
Yuji,Namura,Kochi University,Japan,Yuji Namura,"Kochi University, Japan",JP,yuji namura,True
Hellen,Nanlohy,Pattimura University,Indonesia,Hellen Nanlohy,"Pattimura University, Indonesia",ID,hellen nanlohy,True
Aya,Naseem,Maldives Coral Institute,Maldives,Aya Naseem,"Maldives Coral Institute, Maldives",MV,aya naseem,True
Fawzia,Nasoetion,Reef Check Indonesia,Indonesia,Fawzia Nasoetion,"Reef Check Indonesia, Indonesia",ID,fawzia nasoetion,False
Melissa,Naugle,Southern Cross University,Australia,Melissa Naugle,"Southern Cross University, Australia",AU,melissa naugle,True
Dr Pros,Naval,University of the Philippines,Philippines,Dr Pros Naval,"University of the Philippines, Philippines",PH,pros naval,False
Francesca,Necci,University of Salento,Italy,Francesca Necci,"University of Salento, Italy",IT,francesca necci,True
Dr Karen,Neely,Nova Southeastern University,United States,Dr Karen Neely,"Nova Southeastern University, United States",US,karen neely,True
Dr Andrew,Negri,Australian Institute of Marine Science,Australia,Dr Andrew Negri,"Australian Institute of Marine Science, Australia",AU,andrew negri,True
Dr Rachel,Neil,James Cook University,Australia,Dr Rachel Neil,"James Cook University, Australia",AU,rachel neil,True
Caitlin,Neill,University of Texas - Austin,United States,Caitlin Neill,"University of Texas - Austin, United States",US,caitlin neill,False
Melman,Neill,University of Texas - Austin,United States,Melman Neill,"University of Texas - Austin, United States",US,melman neill,True
Brian,Neilson,State of Hawai'i,United States,Brian Neilson,"State of Hawai'i, United States",US,brian neilson,False
Joseph,Nekaifes,Johnston Applied Marine Sciences,Northern Mariana Islands,Joseph Nekaifes,"Johnston Applied Marine Sciences, Northern Mariana Islands",MP,joseph nekaifes,False
Vanessa,Neo,University of Leicester,United Kingdom,Vanessa Neo,"University of Leicester, United Kingdom",GB,vanessa neo,True
Victor,Nestor,Palau International Coral Reef Center,Palau,Victor Nestor,"Palau International Coral Reef Center, Palau",PW,victor nestor,True
Alex,Neufeld,Coral Restoration Foundation,United States,Alex Neufeld,"Coral Restoration Foundation, United States",US,alex neufeld,False
Roxana,Newman,KAUST,Saudi Arabia,Roxana Newman,"KAUST, Saudi Arabia",SA,roxana newman,True
Caryl-Ann,Ng,DHI Water and Environment,Singapore,Caryl-Ann Ng,"DHI Water and Environment, Singapore",SG,caryl ann ng,True
Isabelle,Ng,James Cook University,Australia,Isabelle Ng,"James Cook University, Australia",AU,isabelle ng,True
Godfrey,Ngupula,Tanzania Marine Parks and Reserves Unit,"Tanzania, United Republic of",Godfrey Ngupula,"Tanzania Marine Parks and Reserves Unit, Tanzania, United Republic of",TZ,godfrey ngupula,True
Freda,Nicholson,Mars Sustainable Solutions,Australia,Freda Nicholson,"Mars Sustainable Solutions, Australia",AU,freda nicholson,False
Dr Georgina,Nicholson,.,New Zealand,Dr Georgina Nicholson,"., New Zealand",NZ,georgina nicholson,False
Zach,Niedermaier,Nova Southeastern University,United States,Zach Niedermaier,"Nova Southeastern University, United States",US,zach niedermaier,True
Dr Gayani,Thilakarathna,Ruhuna University,Sri Lanka,Dr Gayani Thilakarathna,"Ruhuna University, Sri Lanka",LK,gayani thilakarathna,True
Dr Matthew,Nitschke,Australian Institute of Marine Science,Australia,Dr Matthew Nitschke,"Australian Institute of Marine Science, Australia",AU,matthew nitschke,False
Camilla,Nivison,University of Georgia,United States,Camilla Nivison,"University of Georgia, United States",US,camilla nivison,True
Andres,Novoa,KAUST,Saudi Arabia,Andres Novoa,"KAUST, Saudi Arabia",SA,andres novoa,True
Sergei,Nozdrenkov,Wildflow,United States,Sergei Nozdrenkov,"Wildflow, United States",US,sergei nozdrenkov,True
Eena Marie,Nuevas,Department of Environment and Natural Resources - Philippines,Philippines,Eena Marie Nuevas,"Department of Environment and Natural Resources - Philippines, Philippines",PH,eena marie nuevas,False
Dr Lucas,Nunes,Instituto de Estudos do Mar Almirante Paulo Moreira,Brazil,Dr Lucas Nunes,"Instituto de Estudos do Mar Almirante Paulo Moreira, Brazil",BR,lucas nunes,True
Rafaella,Nunes-Palma,Federal University of Santa Maria,Brazil,Rafaella Nunes-Palma,"Federal University of Santa Maria, Brazil",BR,rafaella nunes palma,True
Rodrigo,Nuñez,MesoReef DAO Foundation,Mexico,Rodrigo Nuñez,"MesoReef DAO Foundation, Mexico",MX,rodrigo nu ez,False
Marissa,Nuttall,Texas A&M University - Galveston,United States,Marissa Nuttall,"Texas A&M University - Galveston, United States",US,marissa nuttall,True
Dr Clint,Oakley,Victoria University of Wellington,New Zealand,Dr Clint Oakley,"Victoria University of Wellington, New Zealand",NZ,clint oakley,False
Hazel,Oakley,National University of Singapore,Malaysia,Hazel Oakley,"National University of Singapore, Malaysia",MY,hazel oakley,True
Ryusuke,Obata,Tokyo Metroplolitan University,Japan,Ryusuke Obata,"Tokyo Metroplolitan University, Japan",JP,ryusuke obata,True
Dr David,Obura,CORDIO East Africa,Kenya,Dr David Obura,"CORDIO East Africa, Kenya",KE,david obura,True
Remy,Oddenyo,Macquarie University,Australia,Remy Oddenyo,"Macquarie University, Australia",AU,remy oddenyo,True
Pamela,Odhiambo,Coastal and Marine Resource Development,Kenya,Pamela Odhiambo,"Coastal and Marine Resource Development, Kenya",KE,pamela odhiambo,False
Sibelle,O'donnell,University of California - Santa Barbara,United States,Sibelle O'donnell,"University of California - Santa Barbara, United States",US,sibelle o donnell,True
Dr Aki,Ohdera,Stony Brook University,United States,Dr Aki Ohdera,"Stony Brook University, United States",US,aki ohdera,False
Jordana,Olano,University of the Philippines - Diliman,Philippines,Jordana Olano,"University of the Philippines - Diliman, Philippines",PH,jordana olano,True
Maya,Olin,University of Hawai'i,United States,Maya Olin,"University of Hawai'i, United States",US,maya olin,False
Dr Lauren,Olinger,University of the Virgin Islands,United States Virgin Islands,Dr Lauren Olinger,"University of the Virgin Islands, United States Virgin Islands",VI,lauren olinger,True
Dr Javiera,Olivares-Rojas,University of Queensland,Australia,Dr Javiera Olivares-Rojas,"University of Queensland, Australia",AU,javiera olivares rojas,True
Dr Louisi,Oliveira,Instituto de Estudos do Mar Almirante Paulo Moreira,Brazil,Dr Louisi Oliveira,"Instituto de Estudos do Mar Almirante Paulo Moreira, Brazil",BR,louisi oliveira,True
Uly,Olsudong,Palau International Coral Reef Center,Palau,Uly Olsudong,"Palau International Coral Reef Center, Palau",PW,uly olsudong,True
Keri,O'Neil,The Florida Aquarium,United States,Keri O'Neil,"The Florida Aquarium, United States",US,keri o neil,True
Prof Rupert,Ormond,Marine Conservation International,United Kingdom,Prof Rupert Ormond,"Marine Conservation International, United Kingdom",GB,rupert ormond,True
Isabella,Orrantia,University of Delaware,United States,Isabella Orrantia,"University of Delaware, United States",US,isabella orrantia,True
Dr David,Ory,CRIOBE,Réunion,Dr David Ory,"CRIOBE, Réunion",RE,david ory,True
Kamalani,Oshiro,Hawaiʻi Institute of Marine Biology,United States,Kamalani Oshiro,"Hawaiʻi Institute of Marine Biology, United States",US,kamalani oshiro,True
Dr Ronald,Osinga,Wageningen University,Netherlands,Dr Ronald Osinga,"Wageningen University, Netherlands",NL,ronald osinga,True
Malte,Ostendarp,University of Bremen,Germany,Malte Ostendarp,"University of Bremen, Germany",DE,malte ostendarp,True
Maya,Otsu,University of Hawai'i - Mānoa,United States,Maya Otsu,"University of Hawai'i - Mānoa, United States",US,maya otsu,True
E. Ikelau,Otto,Palau International Coral Reef Center,Palau,E. Ikelau Otto,"Palau International Coral Reef Center, Palau",PW,e ikelau otto,True
Dr Nicolas,Oury,KAUST,Saudi Arabia,Dr Nicolas Oury,"KAUST, Saudi Arabia",SA,nicolas oury,True
Farah,Oyhenart,Florida International University,United States,Farah Oyhenart,"Florida International University, United States",US,farah oyhenart,True
Luiza,Campos,University of São Paulo,Brazil,Luiza Campos,"University of São Paulo, Brazil",BR,luiza campos,True
Marine,Pablo,James Cook University,Australia,Marine Pablo,"James Cook University, Australia",AU,marine pablo,True
Maria Carolina,Pacheco,Universidade Federal do Rio Grande do Norte,Brazil,Maria Carolina Pacheco,"Universidade Federal do Rio Grande do Norte, Brazil",BR,maria carolina pacheco,True
Dr Michelle,Paddack,One People One Reef,United States,Dr Michelle Paddack,"One People One Reef, United States",US,michelle paddack,True
Dr Jacqueline,Padilla Gamiño,University of Washington,United States,Dr Jacqueline Padilla Gamiño,"University of Washington, United States",US,jacqueline padilla gami o,True
Beatrice,Ferreira,Federal University of Pernambuco,Brazil,Beatrice Ferreira,"Federal University of Pernambuco, Brazil",BR,beatrice ferreira,True
Dr Heather,Page,Sea Education Association,United States,Dr Heather Page,"Sea Education Association, United States",US,heather page,True
Leonore,Page,Pacific Community,New Caledonia,Leonore Page,"Pacific Community, New Caledonia",NC,leonore page,False
Akoni,Palacat-Nelsen,"Hoʻāla Kealakekua Nui, Inc.",United States,Akoni Palacat-Nelsen,"Hoʻāla Kealakekua Nui, Inc., United States",US,akoni palacat nelsen,True
Sophie,Palermo,University of Wollongong,Australia,Sophie Palermo,"University of Wollongong, Australia",AU,sophie palermo,True
Lea,Palm,KAUST,Saudi Arabia,Lea Palm,"KAUST, Saudi Arabia",SA,lea palm,True
Prof John,Pandolfi,University of Queensland,Australia,Prof John Pandolfi,"University of Queensland, Australia",AU,john pandolfi,False
Dr Erin,Papke,University of North Carolina - Wilmington,United States,Dr Erin Papke,"University of North Carolina - Wilmington, United States",US,erin papke,True
Dustin,Paradis,Marine Institute at Maui Ocean Center,United States,Dustin Paradis,"Marine Institute at Maui Ocean Center, United States",US,dustin paradis,True
Javier,Pardo Díaz,Smithsonian Tropical Research Institute - Panama,Panama,Javier Pardo Díaz,"Smithsonian Tropical Research Institute - Panama, Panama",PA,javier pardo d az,True
Jimena,Paredes de la Vega,University of Hong Kong,Hong Kong,Jimena Paredes de la Vega,"University of Hong Kong, Hong Kong",HK,jimena paredes de la vega,True
Katherine,Parker,Old Dominion University,United States,Katherine Parker,"Old Dominion University, United States",US,katherine parker,True
Dr John,Parkinson,University of South Florida,United States,Dr John Parkinson,"University of South Florida, United States",US,john parkinson,True
Spencer,Parr,University of the Virgin Islands,United States Virgin Islands,Spencer Parr,"University of the Virgin Islands, United States Virgin Islands",VI,spencer parr,True
Kailey,Pascoe,Arizona State University,United States,Kailey Pascoe,"Arizona State University, United States",US,kailey pascoe,True
Farhan,Pasolong,Luminocean,Indonesia,Farhan Pasolong,"Luminocean, Indonesia",ID,farhan pasolong,True
Shaman,Patel,Nanyang Technological University,Singapore,Shaman Patel,"Nanyang Technological University, Singapore",SG,shaman patel,True
Dr Jamila,Patterson,Suganthi Devadason Marine Research Institute,India,Dr Jamila Patterson,"Suganthi Devadason Marine Research Institute, India",IN,jamila patterson,True
Dr J.K.,Patterson Edward,Suganthi Devadason Marine Research Institute,India,Dr J.K. Patterson Edward,"Suganthi Devadason Marine Research Institute, India",IN,j k patterson edward,True
Matt,Paufve,Waitt Institute,United States,Matt Paufve,"Waitt Institute, United States",US,matt paufve,True
Anish,Paul,National Centre for Biological Sciences,India,Anish Paul,"National Centre for Biological Sciences, India",IN,anish paul,True
Ayaka,Paul,University of Cambridge,United Kingdom,Ayaka Paul,"University of Cambridge, United Kingdom",GB,ayaka paul,True
Sayeri,Paul,CSIR National Institute of India,India,Sayeri Paul,"CSIR National Institute of India, India",IN,sayeri paul,True
Dr Valerie,Paul,Smithsonian Institution,United States,Dr Valerie Paul,"Smithsonian Institution, United States",US,valerie paul,True
Jan,Paulini,University of Konstanz,Germany,Jan Paulini,"University of Konstanz, Germany",DE,jan paulini,True
Dr David,Paz-garcia,Centro de Investigaciones Biológicas del Noroeste,Mexico,Dr David Paz-garcia,"Centro de Investigaciones Biológicas del Noroeste, Mexico",MX,david paz garcia,True
Stephanie,Peak,University of South Carolina - Chapel Hill,United States,Stephanie Peak,"University of South Carolina - Chapel Hill, United States",US,stephanie peak,True
Dr Rachel,Pears,Australian Institute of Marine Science,Australia,Dr Rachel Pears,"Australian Institute of Marine Science, Australia",AU,rachel pears,True
Nicole,Pedersen,Scripps Institution of Oceanography,United States,Nicole Pedersen,"Scripps Institution of Oceanography, United States",US,nicole pedersen,True
Ricardo,Pedraza-Pohlenz,KAUST,Saudi Arabia,Ricardo Pedraza-Pohlenz,"KAUST, Saudi Arabia",SA,ricardo pedraza pohlenz,True
Yu-de,Pei,Hong Kong University of Science and Technology,Hong Kong,Yu-de Pei,"Hong Kong University of Science and Technology, Hong Kong",HK,yu de pei,True
Viktor,Peinemann,KAUST,Saudi Arabia,Viktor Peinemann,"KAUST, Saudi Arabia",SA,viktor peinemann,True
Dr Ohad,Peleg,Victoria University of Wellington,New Zealand,Dr Ohad Peleg,"Victoria University of Wellington, New Zealand",NZ,ohad peleg,False
Taleatha,Pell,James Cook University,Australia,Taleatha Pell,"James Cook University, Australia",AU,taleatha pell,True
Dr Sittiporn,Pengsakun,Ramkhamhaeng University,Thailand,Dr Sittiporn Pengsakun,"Ramkhamhaeng University, Thailand",TH,sittiporn pengsakun,True
Eleanor,Percy-Rouhaud,Max Planck Institute for Chemsitry,Germany,Eleanor Percy-Rouhaud,"Max Planck Institute for Chemsitry, Germany",DE,eleanor percy rouhaud,True
Elly,Perez,University of Guam,Guam,Elly Perez,"University of Guam, Guam",GU,elly perez,True
Natalia,Perez,Florida International University,United States,Natalia Perez,"Florida International University, United States",US,natalia perez,True
Esmeralda,Perez-Cervantes,Universidad Nacional Autónoma de México,Mexico,Esmeralda Perez-Cervantes,"Universidad Nacional Autónoma de México, Mexico",MX,esmeralda perez cervantes,True
Dr Gonzalo,Pérez-Rosales,Hong Kong University of Science and Technology,Hong Kong,Dr Gonzalo Pérez-Rosales,"Hong Kong University of Science and Technology, Hong Kong",HK,gonzalo p rez rosales,True
Dr Sarah,Peter,Zoological Survey of India,India,Dr Sarah Peter,"Zoological Survey of India, India",IN,sarah peter,True
Vid,Petrovic,University of California - San Diego,United States,Vid Petrovic,"University of California - San Diego, United States",US,vid petrovic,True
Dr Ariel,Pezner,University of Technology Sydney,Australia,Dr Ariel Pezner,"University of Technology Sydney, Australia",AU,ariel pezner,True
Elena,Pfeffer,Australian Institute of Marine Science,Australia,Elena Pfeffer,"Australian Institute of Marine Science, Australia",AU,elena pfeffer,True
Agus,Piccaluga,University of Sydney,Australia,Agus Piccaluga,"University of Sydney, Australia",AU,agus piccaluga,True
Prof Michel,Pichon,MP Tropical Marine Consultant,Australia,Prof Michel Pichon,"MP Tropical Marine Consultant, Australia",AU,michel pichon,True
Corinne,Pickering,Scripps Institution of Oceanography,United States,Corinne Pickering,"Scripps Institution of Oceanography, United States",US,corinne pickering,True
Marie-Céline,Piednoir,Positive Ripple Consulting,France,Marie-Céline Piednoir,"Positive Ripple Consulting, France",FR,marie c line piednoir,True
Jordan,Pierce,University of California - San Diego,United States,Jordan Pierce,"University of California - San Diego, United States",US,jordan pierce,True
Miriam,Pierotti,Victoria University of Wellington,New Zealand,Miriam Pierotti,"Victoria University of Wellington, New Zealand",NZ,miriam pierotti,True
Dr Adele,Pile,Great Barrier Reef Safaris,Australia,Dr Adele Pile,"Great Barrier Reef Safaris, Australia",AU,adele pile,True
Alexandra,Pineda-Muñoz,National University of Colombia - Caribbean Campus,Colombia,Alexandra Pineda-Muñoz,"National University of Colombia - Caribbean Campus, Colombia",CO,alexandra pineda mu oz,True
Letícia,Pinheiro,University of São Paulo,Brazil,Letícia Pinheiro,"University of São Paulo, Brazil",BR,let cia pinheiro,True
Victor,Pinon-Gonzalez,Academia Sinica,Taiwan,Victor Pinon-Gonzalez,"Academia Sinica, Taiwan",TW,victor pinon gonzalez,True
Sophia,Pinter,University of Wisconsin - Madison,United States,Sophia Pinter,"University of Wisconsin - Madison, United States",US,sophia pinter,True
Aurora,Pinto,Southern Cross University,Australia,Aurora Pinto,"Southern Cross University, Australia",AU,aurora pinto,True
Marie-Lauren,Piot,Palau International Coral Reef Center,Palau,Marie-Lauren Piot,"Palau International Coral Reef Center, Palau",PW,marie lauren piot,True
Supisara,Pipithkul,University of Tokyo,Japan,Supisara Pipithkul,"University of Tokyo, Japan",JP,supisara pipithkul,True
Miss Paula,Piquero,Great Barrier Reef Foundation,Australia,Miss Paula Piquero,"Great Barrier Reef Foundation, Australia",AU,paula piquero,False
Dr Larissa,Pires-Teixeira,Universidade do Estado do Rio de Janeiro,Brazil,Dr Larissa Pires-Teixeira,"Universidade do Estado do Rio de Janeiro, Brazil",BR,larissa pires teixeira,True
Kyle,Pisano,Nova Southeastern University,United States,Kyle Pisano,"Nova Southeastern University, United States",US,kyle pisano,True
Dr Valeria,Pizarro,Perry Institute for Marine Science,Colombia,Dr Valeria Pizarro,"Perry Institute for Marine Science, Colombia",CO,valeria pizarro,True
Prof Al,Place,University of Maryland,United States,Prof Al Place,"University of Maryland, United States",US,al place,True
Dr Serge,Planes,CNRS,French Polynesia,Dr Serge Planes,"CNRS, French Polynesia",PF,serge planes,True
Keyla,Plichon,Université Côte d'azur,France,Keyla Plichon,"Université Côte d'azur, France",FR,keyla plichon,True
Manuel,Ploner,Nova Southeastern University,United States,Manuel Ploner,"Nova Southeastern University, United States",US,manuel ploner,True
Dr Xavier,Pochon,Citizens of the Sea,New Zealand,Dr Xavier Pochon,"Citizens of the Sea, New Zealand",NZ,xavier pochon,True
Kahaku,Poepoe,Kuaʻāina Ulu ʻAuamo,United States,Kahaku Poepoe,"Kuaʻāina Ulu ʻAuamo, United States",US,kahaku poepoe,False
A/Prof Claudia,Pogoreutz,University of Perpignan - Domitia,France,A/Prof Claudia Pogoreutz,"University of Perpignan - Domitia, France",FR,a prof claudia pogoreutz,True
Kenzie,Pollard,University of California - Davis,United States,Kenzie Pollard,"University of California - Davis, United States",US,kenzie pollard,True
Morgan,Pomeroy,Coral Reef Watch,United States,Morgan Pomeroy,"Coral Reef Watch, United States",US,morgan pomeroy,True
Dr Emma,Pontes,University of Miami,United States,Dr Emma Pontes,"University of Miami, United States",US,emma pontes,True
Ayala,Porat,Tel Aviv University,Israel,Ayala Porat,"Tel Aviv University, Israel",IL,ayala porat,True
Dr Manuel,Poretti,University of Melbourne,Australia,Dr Manuel Poretti,"University of Melbourne, Australia",AU,manuel poretti,True
Dr Javier,Porobic,Commonwealth Scientific and Industrial Research,Australia,Dr Javier Porobic,"Commonwealth Scientific and Industrial Research, Australia",AU,javier porobic,True
Courtney,Powell,University Of The South Pacific,Fiji,Courtney Powell,"University Of The South Pacific, Fiji",FJ,courtney powell,True
Dr Maya,Powell,University of Hawai'i - Mānoa,United States,Dr Maya Powell,"University of Hawai'i - Mānoa, United States",US,maya powell,True
Dr Chloé,Pozas-Schacre,Université de la Polynésie Française,French Polynesia,Dr Chloé Pozas-Schacre,"Université de la Polynésie Française, French Polynesia",PF,chlo pozas schacre,True
Nugroho Arif,Prabowo,Yayasan Konservasi Alam Nusantara,Indonesia,Nugroho Arif Prabowo,"Yayasan Konservasi Alam Nusantara, Indonesia",ID,nugroho arif prabowo,True
Derta,Prabuning,Reef Check Indonesia,Indonesia,Derta Prabuning,"Reef Check Indonesia, Indonesia",ID,derta prabuning,True
Dr Carlos,Prada,University of Rhode Island,United States,Dr Carlos Prada,"University of Rhode Island, United States",US,carlos prada,True
Marcela,Prado-Zapata,University of California - San Diego,United States,Marcela Prado-Zapata,"University of California - San Diego, United States",US,marcela prado zapata,True
Aldo Restu Agi,Prananda,Yayasan Konservasi Alam Nusantara,Indonesia,Aldo Restu Agi Prananda,"Yayasan Konservasi Alam Nusantara, Indonesia",ID,aldo restu agi prananda,True
Dr Rian,Prasetia,Konservasi Indonesia,Indonesia,Dr Rian Prasetia,"Konservasi Indonesia, Indonesia",ID,rian prasetia,True
Dimas,Prasetyo,PT Pupuk Kalimantan Timur,Indonesia,Dimas Prasetyo,"PT Pupuk Kalimantan Timur, Indonesia",ID,dimas prasetyo,True
Dr Kat,Prata,James Cook University,Australia,Dr Kat Prata,"James Cook University, Australia",AU,kat prata,True
Dhika,Pratama,Yayasan Konservasi Alam Nusantara,Indonesia,Dhika Pratama,"Yayasan Konservasi Alam Nusantara, Indonesia",ID,dhika pratama,True
Prof Morgan,Pratchett,James Cook University,Australia,Prof Morgan Pratchett,"James Cook University, Australia",AU,morgan pratchett,True
Dr Zoe,Pratte,Montana State University,United States,Dr Zoe Pratte,"Montana State University, United States",US,zoe pratte,True
Kelly,Publico,University of the Philippines,Philippines,Kelly Publico,"University of the Philippines, Philippines",PH,kelly publico,True
Dr Marji,Puotinen,Australian Institute of Marine Science,Australia,Dr Marji Puotinen,"Australian Institute of Marine Science, Australia",AU,marji puotinen,True
Purwanto,Purwanto,Coral Triangle Center,Indonesia,Purwanto Purwanto,"Coral Triangle Center, Indonesia",ID,purwanto purwanto,True
Dr Hollie,Putnam,University of Rhode Island,United States,Dr Hollie Putnam,"University of Rhode Island, United States",US,hollie putnam,True
Thomas,Quello,Florida Atlantic University,United States,Thomas Quello,"Florida Atlantic University, United States",US,thomas quello,True
Dr Gaëlle,Quéré,SECORE International,Mauritius,Dr Gaëlle Quéré,"SECORE International, Mauritius",MU,ga lle qu r,True
Dr Kate,Quigley,Minderoo Foundation,Australia,Dr Kate Quigley,"Minderoo Foundation, Australia",AU,kate quigley,True
Dr Zach,Quinlan,University of Hawai'i - Mānoa,United States,Dr Zach Quinlan,"University of Hawai'i - Mānoa, United States",US,zach quinlan,True
Dr Elena,Quintanilla,Stazione Zoologica Anton Dohrn,Italy,Dr Elena Quintanilla,"Stazione Zoologica Anton Dohrn, Italy",IT,elena quintanilla,True
Rita,Rachmawati,National Research and Innovation Agency,Indonesia,Rita Rachmawati,"National Research and Innovation Agency, Indonesia",ID,rita rachmawati,True
Dr Nils,Rädecker,Helmholtz Institute for Functional Marine Biodiversity,Germany,Dr Nils Rädecker,"Helmholtz Institute for Functional Marine Biodiversity, Germany",DE,nils r decker,True
Leonardo,Rafalski,Universidade Federal do Rio de Janeiro,Brazil,Leonardo Rafalski,"Universidade Federal do Rio de Janeiro, Brazil",BR,leonardo rafalski,True
Fatima Ramadhanty,Rahmat,Yayasan WWF Indonesia,Indonesia,Fatima Ramadhanty Rahmat,"Yayasan WWF Indonesia, Indonesia",ID,fatima ramadhanty rahmat,True
Dr Scarlett,Raine,Queensland University of Technology,Australia,Dr Scarlett Raine,"Queensland University of Technology, Australia",AU,scarlett raine,True
Dr K Diraviya,Raj,Suganthi Devadason Marine Research Institute,India,Dr K Diraviya Raj,"Suganthi Devadason Marine Research Institute, India",IN,k diraviya raj,True
Anushka,Rajagopalan,Stony Brook University,United States,Anushka Rajagopalan,"Stony Brook University, United States",US,anushka rajagopalan,True
Dr Cassie,Raker,Connecticut College,United States,Dr Cassie Raker,"Connecticut College, United States",US,cassie raker,True
Rosie,Rallings,University of Bristol,United Kingdom,Rosie Rallings,"University of Bristol, United Kingdom",GB,rosie rallings,True
Dr Ramesh,Ramachandran,National Centre for Sustainable Coastal Management,India,Dr Ramesh Ramachandran,"National Centre for Sustainable Coastal Management, India",IN,ramesh ramachandran,True
Meenatchi,Ramanan,University of Leeds,United Kingdom,Meenatchi Ramanan,"University of Leeds, United Kingdom",GB,meenatchi ramanan,True
Dr Georgina,Ramírez-ortiz,Universidad Nacional Autónoma De México,Mexico,Dr Georgina Ramírez-ortiz,"Universidad Nacional Autónoma De México, Mexico",MX,georgina ram rez ortiz,False
Gandhi,Ramírez-Tapia,Universidad Autónoma Del Estado de Quintana Roo,Mexico,Gandhi Ramírez-Tapia,"Universidad Autónoma Del Estado de Quintana Roo, Mexico",MX,gandhi ram rez tapia,True
Dr Riovie,Ramos,Nanyang Technological University,Singapore,Dr Riovie Ramos,"Nanyang Technological University, Singapore",SG,riovie ramos,True
Dr Antares,Ramos-Álvarez,Sail for Reefs,Puerto Rico,Dr Antares Ramos-Álvarez,"Sail for Reefs, Puerto Rico",PR,antares ramos lvarez,True
Dr Chitra,Ramphul,Rebuilding with Nature,Japan,Dr Chitra Ramphul,"Rebuilding with Nature, Japan",JP,chitra ramphul,True
Bhanuka,Ranaweera,University of Moratuwa,Sri Lanka,Bhanuka Ranaweera,"University of Moratuwa, Sri Lanka",LK,bhanuka ranaweera,True
Dr Carly,Randall,Australian Institute of Marine Science,Australia,Dr Carly Randall,"Australian Institute of Marine Science, Australia",AU,carly randall,True
Dr Angela,Randazzo-eisemann,ICML/UNAM,Mexico,Dr Angela Randazzo-eisemann,"ICML/UNAM, Mexico",MX,angela randazzo eisemann,True
Janet,Rande,"Maritime and Marine Science Center of Excellence,",Indonesia,Janet Rande,"Maritime and Marine Science Center of Excellence,, Indonesia",ID,janet rande,True
Lalatiana,Randriamiharisoa,Madagascar National Parks,Madagascar,Lalatiana Randriamiharisoa,"Madagascar National Parks, Madagascar",MG,lalatiana randriamiharisoa,False
Dr Mahery,RANDRIANARIVO,World Wide Fund for Nature - Madagascar,Madagascar,Dr Mahery RANDRIANARIVO,"World Wide Fund for Nature - Madagascar, Madagascar",MG,mahery randrianarivo,True
Dr Douglas,Rasher,Bigelow Laboratory for Ocean Sciences,United States,Dr Douglas Rasher,"Bigelow Laboratory for Ocean Sciences, United States",US,douglas rasher,True
Evan,Raymond,Victoria University of Wellington,New Zealand,Evan Raymond,"Victoria University of Wellington, New Zealand",NZ,evan raymond,True
Prof laurie,raymundo,University of Guam,Guam,Prof laurie raymundo,"University of Guam, Guam",GU,laurie raymundo,True
Belay,Rayos Del Sol,University of the Philippines,Philippines,Belay Rayos Del Sol,"University of the Philippines, Philippines",PH,belay rayos del sol,True
Halimah,Razali,National University of Singapore,Singapore,Halimah Razali,"National University of Singapore, Singapore",SG,halimah razali,True
Clarissa,Reboton,Silliman University,Philippines,Clarissa Reboton,"Silliman University, Philippines",PH,clarissa reboton,True
Kristen,Reed,Nova Southeastern University,United States,Kristen Reed,"Nova Southeastern University, United States",US,kristen reed,True
Dr Jessica,Reichert,Hawaiʻi Institute of Marine Biology,United States,Dr Jessica Reichert,"Hawaiʻi Institute of Marine Biology, United States",US,jessica reichert,True
Dr Alicia,Reigel,Washington and Lee University,United States,Dr Alicia Reigel,"Washington and Lee University, United States",US,alicia reigel,True
Jasmine,Razalan Reighard,Hawaiʻi Institute of Marine Biology,United States,Jasmine Razalan Reighard,"Hawaiʻi Institute of Marine Biology, United States",US,jasmine razalan reighard,True
Prof James Davis,Reimer,University of the Ryukyus,Japan,Prof James Davis Reimer,"University of the Ryukyus, Japan",JP,james davis reimer,True
Tiny,Remmers,James Cook University,Australia,Tiny Remmers,"James Cook University, Australia",AU,tiny remmers,True
Hannah,Rempel,University of Texas - Austin,United States,Hannah Rempel,"University of Texas - Austin, United States",US,hannah rempel,True
Dr Abigail,Renegar,Nova Southeastern University,United States,Dr Abigail Renegar,"Nova Southeastern University, United States",US,abigail renegar,True
Dr Bobbie,Renfro-Price,I.CARE,United States,Dr Bobbie Renfro-Price,"I.CARE, United States",US,bobbie renfro price,True
Geraldine,Rengiil,Palau International Coral Reef Center,Palau,Geraldine Rengiil,"Palau International Coral Reef Center, Palau",PW,geraldine rengiil,False
Bibi,Renssen,Scripps Institution of Oceanography,United States,Bibi Renssen,"Scripps Institution of Oceanography, United States",US,bibi renssen,True
Sophie,Renton,James Cook University,Australia,Sophie Renton,"James Cook University, Australia",AU,sophie renton,True
Julianna,Renzi,University of California - Santa Barbara,United States,Julianna Renzi,"University of California - Santa Barbara, United States",US,julianna renzi,True
Olivier,Rey,IHPE,France,Olivier Rey,"IHPE, France",FR,olivier rey,True
Dr Néstor,Rey Villiers,Centro Interdisciplinario de Ciencias marinas,Mexico,Dr Néstor Rey Villiers,"Centro Interdisciplinario de Ciencias marinas, Mexico",MX,n stor rey villiers,True
Dr Catalina,Reyes,Great Barrier Reef Foundation,Australia,Dr Catalina Reyes,"Great Barrier Reef Foundation, Australia",AU,catalina reyes,False
Dr Mathieu,Reynaud,CRIOBE,France,Dr Mathieu Reynaud,"CRIOBE, France",FR,mathieu reynaud,True
Dr Bárbara,Ribeiro,KAUST,Saudi Arabia,Dr Bárbara Ribeiro,"KAUST, Saudi Arabia",SA,b rbara ribeiro,True
Dr Wally,Rich,KAUST,Saudi Arabia,Dr Wally Rich,"KAUST, Saudi Arabia",SA,wally rich,True
Dr Zoe,Richards,Curtin University,Australia,Dr Zoe Richards,"Curtin University, Australia",AU,zoe richards,True
Dr Angela,Richards Donà,University of Hawai'i - Mānoa,United States,Dr Angela Richards Donà,"University of Hawai'i - Mānoa, United States",US,angela richards don,True
Keana,Richmond,California State Polytechnic University,United States,Keana Richmond,"California State Polytechnic University, United States",US,keana richmond,True
Prof Bob,Richmond,University of Hawai'i - Mānoa,United States,Prof Bob Richmond,"University of Hawai'i - Mānoa, United States",US,bob richmond,False
Melanie,Ricot,Reef Conservation,Mauritius,Melanie Ricot,"Reef Conservation, Mauritius",MU,melanie ricot,True
Sarah,Rider,Clemson University,United States,Sarah Rider,"Clemson University, United States",US,sarah rider,True
Andy,Ridley,Citizens of the Reef,Australia,Andy Ridley,"Citizens of the Reef, Australia",AU,andy ridley,True
Dr Bernhard,Riegl,Nova Southeastern University,United States,Dr Bernhard Riegl,"Nova Southeastern University, United States",US,bernhard riegl,True
Bernhard,Riegl Jr.,James Cook University,United States,Bernhard Riegl Jr.,"James Cook University, United States",US,bernhard riegl jr,True
Cynthia,Riginos,Australian Institute of Marine Science,Australia,Cynthia Riginos,"Australian Institute of Marine Science, Australia",AU,cynthia riginos,True
Indy,Riley,University of Sydney,Australia,Indy Riley,"University of Sydney, Australia",AU,indy riley,True
Dr Max,Rintoul,University of Tasmania,Australia,Dr Max Rintoul,"University of Tasmania, Australia",AU,max rintoul,True
Kara,Rising,University of Derby,United Kingdom,Kara Rising,"University of Derby, United Kingdom",GB,kara rising,True
Dr Kimberly,Ritchie,University of South Carolina Beaufort,United States,Dr Kimberly Ritchie,"University of South Carolina Beaufort, United States",US,kimberly ritchie,True
Raphael,Ritson-williams,California State University Northridge,United States,Raphael Ritson-williams,"California State University Northridge, United States",US,raphael ritson williams,True
Nicolas,Rivas,Florida International University,United States,Nicolas Rivas,"Florida International University, United States",US,nicolas rivas,True
Natalia,Rivas,University of Sydney,Australia,Natalia Rivas,"University of Sydney, Australia",AU,natalia rivas,True
Dr TY,Roach,Duke University,United States,Dr TY Roach,"Duke University, United States",US,ty roach,True
James,Robinson,Lancaster University,United Kingdom,James Robinson,"Lancaster University, United Kingdom",GB,james robinson,True
Julie,Robinson,Individual,New Zealand,Julie Robinson,"Individual, New Zealand",NZ,julie robinson,True
Alejandra,Robles,Universidad Autónoma de Baja California Sur,Mexico,Alejandra Robles,"Universidad Autónoma de Baja California Sur, Mexico",MX,alejandra robles,True
Dr Luiz,Rocha,California Academy of Sciences,United States,Dr Luiz Rocha,"California Academy of Sciences, United States",US,luiz rocha,True
Dr Mariana,Rocha De Souza,University of Hawai'i,United States,Dr Mariana Rocha De Souza,"University of Hawai'i, United States",US,mariana rocha de souza,True
Magali,Rochat,World Wildlife Fund - Australia,Australia,Magali Rochat,"World Wildlife Fund - Australia, Australia",AU,magali rochat,False
Keanu,Rochette,University of Hawai'i,United States,Keanu Rochette,"University of Hawai'i, United States",US,keanu rochette,True
Dr Lisa,Rodrigues,Villanova University,United States,Dr Lisa Rodrigues,"Villanova University, United States",US,lisa rodrigues,True
Mariana,Rodrigues,KAUST,Saudi Arabia,Mariana Rodrigues,"KAUST, Saudi Arabia",SA,mariana rodrigues,True
Lucia,Rodriguez Bravo,KAUST,Saudi Arabia,Lucia Rodriguez Bravo,"KAUST, Saudi Arabia",SA,lucia rodriguez bravo,False
Patry,Rodríguez García,University of Konstanz,Cuba,Patry Rodríguez García,"University of Konstanz, Cuba",CU,patry rodr guez garc a,True
Miel,Rodríguez-jiménez,Centre for Scientific Research and Higher Education of Ensenada,Mexico,Miel Rodríguez-jiménez,"Centre for Scientific Research and Higher Education of Ensenada, Mexico",MX,miel rodr guez jim nez,True
Dr Paola,Rodríguez,Universidad De Guadalajara,Mexico,Dr Paola Rodríguez,"Universidad De Guadalajara, Mexico",MX,paola rodr guez,True
A/Prof Chris,Roelfsema,University of Queensland,Australia,A/Prof Chris Roelfsema,"University of Queensland, Australia",AU,a prof chris roelfsema,True
A.Prof Liza,Roger,Arizona State University,United States,A.Prof Liza Roger,"Arizona State University, United States",US,a prof liza roger,True
Dr Alice,Rogers,Victoria University of Wellington,New Zealand,Dr Alice Rogers,"Victoria University of Wellington, New Zealand",NZ,alice rogers,True
Ivonne,Rojas,University of Bologna,Colombia,Ivonne Rojas,"University of Bologna, Colombia",CO,ivonne rojas,True
Daniela,Rojas,Posgrado en Ciencias del Mar y Limnología,Mexico,Daniela Rojas,"Posgrado en Ciencias del Mar y Limnología, Mexico",MX,daniela rojas,True
Lala,Rokhmah,Rekam Nusantara Foundation,Indonesia,Lala Rokhmah,"Rekam Nusantara Foundation, Indonesia",ID,lala rokhmah,True
Dr Samson,Rokkarukala,CSIR National Institute of Oceanography,India,Dr Samson Rokkarukala,"CSIR National Institute of Oceanography, India",IN,samson rokkarukala,True
Marcellina,Rola,University Wuppertal,Germany,Marcellina Rola,"University Wuppertal, Germany",DE,marcellina rola,True
Daig,Romain,United Nations Development Programme,Seychelles,Daig Romain,"United Nations Development Programme, Seychelles",SC,daig romain,True
Martin,Romain,OneReef Worldwide Stewardship,United States,Martin Romain,"OneReef Worldwide Stewardship, United States",US,martin romain,True
William,Roman,University of New Caledonia,New Caledonia,William Roman,"University of New Caledonia, New Caledonia",NC,william roman,True
Caroline,Romo,University of Sydney,Australia,Caroline Romo,"University of Sydney, Australia",AU,caroline romo,True
Dr Natalia,Roos,Universidade Federal Fluminense,Brazil,Dr Natalia Roos,"Universidade Federal Fluminense, Brazil",BR,natalia roos,False
Dr Christine,Roper,University of Technology Sydney,Australia,Dr Christine Roper,"University of Technology Sydney, Australia",AU,christine roper,True
Dr Stephanie,Rosales,University of Miami / NOAA,United States,Dr Stephanie Rosales,"University of Miami / NOAA, United States",US,stephanie rosales,True
Annisya,Rosdiana,Rekam Nusantara Foundation,Indonesia,Annisya Rosdiana,"Rekam Nusantara Foundation, Indonesia",ID,annisya rosdiana,True
Dr Natalie,Rosser,University of Western Australia,New Zealand,Dr Natalie Rosser,"University of Western Australia, New Zealand",NZ,natalie rosser,True
Dr Nina,Rosset,Hawaiʻi Institute of Marine Biology,United States,Dr Nina Rosset,"Hawaiʻi Institute of Marine Biology, United States",US,nina rosset,True
Dr Ashley,Rossin,Cooperative Institute for Marine and Atmospheric,United States,Dr Ashley Rossin,"Cooperative Institute for Marine and Atmospheric, United States",US,ashley rossin,True
Lachan,Roth,Tel Aviv University,Israel,Lachan Roth,"Tel Aviv University, Israel",IL,lachan roth,True
Dr Héloïse,Rouzé,Institute for Research and Development,Mayotte,Dr Héloïse Rouzé,"Institute for Research and Development, Mayotte",YT,h lo se rouz,True
Dr Devin,Rowell,University of Queensland,Australia,Dr Devin Rowell,"University of Queensland, Australia",AU,devin rowell,True
Prof Shouraseni,Roy,University of Miami,United States,Prof Shouraseni Roy,"University of Miami, United States",US,shouraseni roy,True
Teje,Roy,Kipuka Olowalu,United States,Teje Roy,"Kipuka Olowalu, United States",US,teje roy,True
Albert,Rubio Hidalgo,KAUST,Saudi Arabia,Albert Rubio Hidalgo,"KAUST, Saudi Arabia",SA,albert rubio hidalgo,True
Amélie,Rudler,IHPE,France,Amélie Rudler,"IHPE, France",FR,am lie rudler,True
Dr Bess,Ruff,University of Sydney,Australia,Dr Bess Ruff,"University of Sydney, Australia",AU,bess ruff,True
Dr Jordan,Ruiz,University of North Carolina - Wilmington,United States,Dr Jordan Ruiz,"University of North Carolina - Wilmington, United States",US,jordan ruiz,True
Dr Alfonso,Ruiz Moreno,Smithsonian Tropical Research Institute,Finland,Dr Alfonso Ruiz Moreno,"Smithsonian Tropical Research Institute, Finland",FI,alfonso ruiz moreno,True
Paula Andrea,Ruiz Ruiz,Institute of Marine and Antarctic Studies,Australia,Paula Andrea Ruiz Ruiz,"Institute of Marine and Antarctic Studies, Australia",AU,paula andrea ruiz ruiz,True
Remedy,Rule,Guam Coral Reef Initiative,Guam,Remedy Rule,"Guam Coral Reef Initiative, Guam",GU,remedy rule,True
Markus,Rummel,Hong Kong University of Science and Technology,Hong Kong,Markus Rummel,"Hong Kong University of Science and Technology, Hong Kong",HK,markus rummel,True
James Charlie,Rupiasa,"Maritime and Marine Science Center of Excellence,",Indonesia,James Charlie Rupiasa,"Maritime and Marine Science Center of Excellence,, Indonesia",ID,james charlie rupiasa,True
Shannon,Ruseborn,National Oceanic and Atmospheric Administration,United States,Shannon Ruseborn,"National Oceanic and Atmospheric Administration, United States",US,shannon ruseborn,True
Debi,Rush,Mana Island Resort Fiji,Fiji,Debi Rush,"Mana Island Resort Fiji, Fiji",FJ,debi rush,False
Rob,Ruzicka,Florida Fish and Wildlife Conservation Commission,United States,Rob Ruzicka,"Florida Fish and Wildlife Conservation Commission, United States",US,rob ruzicka,True
Dr Emma,Ryan,University of Auckland,New Zealand,Dr Emma Ryan,"University of Auckland, New Zealand",NZ,emma ryan,True
Nicole,Ryan,Australian Institute Of Marine Science,Australia,Nicole Ryan,"Australian Institute Of Marine Science, Australia",AU,nicole ryan,True
Katy,Rylance,University of Leeds,United Kingdom,Katy Rylance,"University of Leeds, United Kingdom",GB,katy rylance,True
Krista,Ryon,The Two Frontiers Project,United States,Krista Ryon,"The Two Frontiers Project, United States",US,krista ryon,True
A.Prof Armagan,Sabetian,Auckland University of Technology,New Zealand,A.Prof Armagan Sabetian,"Auckland University of Technology, New Zealand",NZ,a prof armagan sabetian,False
Giovanna,Sabini-Leite,KAUST,Saudi Arabia,Giovanna Sabini-Leite,"KAUST, Saudi Arabia",SA,giovanna sabini leite,True
Dr Catherine,Sabinot,Institut de recherche pour le Développement,New Caledonia,Dr Catherine Sabinot,"Institut de recherche pour le Développement, New Caledonia",NC,catherine sabinot,True
Kealiʻi,Sagum,State of Hawaiʻi,United States,Kealiʻi Sagum,"State of Hawaiʻi, United States",US,keali i sagum,False
Dr Naoki,Saito,National Institute of Advanced Industrial Science and Technology,Japan,Dr Naoki Saito,"National Institute of Advanced Industrial Science and Technology, Japan",JP,naoki saito,True
Misato,Sakoh,University of the Ryukyus,Japan,Misato Sakoh,"University of the Ryukyus, Japan",JP,misato sakoh,True
Dr Eva,Salas,The Nature Conservancy,United States,Dr Eva Salas,"The Nature Conservancy, United States",US,eva salas,False
Dr Octavio,Salazar,KAUST,Saudi Arabia,Dr Octavio Salazar,"KAUST, Saudi Arabia",SA,octavio salazar,True
Melody,Salesa,University Of The South Pacific,Vanuatu,Melody Salesa,"University Of The South Pacific, Vanuatu",VU,melody salesa,False
Dr Anya,Salih,Fluoresci Research,Australia,Dr Anya Salih,"Fluoresci Research, Australia",AU,anya salih,True
Prof Elias,Samankassou,University of Geneva,Switzerland,Prof Elias Samankassou,"University of Geneva, Switzerland",CH,elias samankassou,True
Dr Eugenia,Sampayo,University of Queensland,Australia,Dr Eugenia Sampayo,"University of Queensland, Australia",AU,eugenia sampayo,True
Kimberly,Samson,Talanoa Consulting,Fiji,Kimberly Samson,"Talanoa Consulting, Fiji",FJ,kimberly samson,True
Satrio Hani,Samudra,Blue Alliance,Indonesia,Satrio Hani Samudra,"Blue Alliance, Indonesia",ID,satrio hani samudra,True
Julio,San Martin,Coral Reef Alliance,Honduras,Julio San Martin,"Coral Reef Alliance, Honduras",HN,julio san martin,True
Dr Stuart,Sandin,Scripps Institution of Oceanography,United States,Dr Stuart Sandin,"Scripps Institution of Oceanography, United States",US,stuart sandin,True
Marylaura,Sandoval Siles,Raising Coral Costa Rica,Costa Rica,Marylaura Sandoval Siles,"Raising Coral Costa Rica, Costa Rica",CR,marylaura sandoval siles,True
Wira,Sanjaya,Coral Triangle Center,Indonesia,Wira Sanjaya,"Coral Triangle Center, Indonesia",ID,wira sanjaya,True
Dr Nadia,Santodomingo,Senckenberg Nature Museum - Frankfurt,Germany,Dr Nadia Santodomingo,"Senckenberg Nature Museum - Frankfurt, Germany",DE,nadia santodomingo,True
Dr Erika,Santoro,KAUST Coral Restoration Initiative,Saudi Arabia,Dr Erika Santoro,"KAUST Coral Restoration Initiative, Saudi Arabia",SA,erika santoro,True
Lizz,Santos,Cut the Mustard Ltd.,New Zealand,Lizz Santos,"Cut the Mustard Ltd., New Zealand",NZ,lizz santos,False
Dr Rolando,Santos,Florida International University,United States,Dr Rolando Santos,"Florida International University, United States",US,rolando santos,False
Ni Wayan Purnama,Sari,Newcastle University,United Kingdom,Ni Wayan Purnama Sari,"Newcastle University, United Kingdom",GB,ni wayan purnama sari,True
Greta,Sartori,Palau International Coral Reef Center,Palau,Greta Sartori,"Palau International Coral Reef Center, Palau",PW,greta sartori,True
Clare,Sasao,Palau International Coral Reef Center,Palau,Clare Sasao,"Palau International Coral Reef Center, Palau",PW,clare sasao,True
Emma,Saso,California State University,United States,Emma Saso,"California State University, United States",US,emma saso,True
Chika,Sato,"M.M. Bridge Co., Ltd.",Japan,Chika Sato,"M.M. Bridge Co., Ltd., Japan",JP,chika sato,True
Dr Ryuju,Satomi,Waseda University,Japan,Dr Ryuju Satomi,"Waseda University, Japan",JP,ryuju satomi,False
Savanna,Saunders,University of the Virgin Islands,United States,Savanna Saunders,"University of the Virgin Islands, United States",US,savanna saunders,True
A/Prof Candida,Savage,University of Otago,Fiji,A/Prof Candida Savage,"University of Otago, Fiji",FJ,a prof candida savage,True
Jessica C.,Savage,Durrell Institute of Conservation and Ecology,United Kingdom,Jessica C. Savage,"Durrell Institute of Conservation and Ecology, United Kingdom",GB,jessica c savage,True
Dr Yvonne,Sawall,Bermuda Institute of Ocean Sciences,Bermuda,Dr Yvonne Sawall,"Bermuda Institute of Ocean Sciences, Bermuda",BM,yvonne sawall,True
Paige,Sawyers,University of New South Wales,Australia,Paige Sawyers,"University of New South Wales, Australia",AU,paige sawyers,True
Kathryn,Scafidi,University of Otago,New Zealand,Kathryn Scafidi,"University of Otago, New Zealand",NZ,kathryn scafidi,True
Dr Britta,Schaffelke,Independent Scientist,Australia,Dr Britta Schaffelke,"Independent Scientist, Australia",AU,britta schaffelke,True
Lisa,Schellenberg,Royal Netherlands Institute for Sea Research,Netherlands,Lisa Schellenberg,"Royal Netherlands Institute for Sea Research, Netherlands",NL,lisa schellenberg,True
Madelief,Schelvis,University of Hawai'i - Mānoa,United States,Madelief Schelvis,"University of Hawai'i - Mānoa, United States",US,madelief schelvis,True
Dr Nina,Schiettekatte,University of Lisbon,Portugal,Dr Nina Schiettekatte,"University of Lisbon, Portugal",PT,nina schiettekatte,True
Dr Steve,Schill,The Nature Conservancy,United States,Dr Steve Schill,"The Nature Conservancy, United States",US,steve schill,True
Dr Tom,Schils,University of Guam,Guam,Dr Tom Schils,"University of Guam, Guam",GU,tom schils,True
Merle,Schlawinsky,James Cook University,Australia,Merle Schlawinsky,"James Cook University, Australia",AU,merle schlawinsky,True
Sandra,Schleier,Puerto Rico Department of Natural and Environmental,Puerto Rico,Sandra Schleier,"Puerto Rico Department of Natural and Environmental, Puerto Rico",PR,sandra schleier,True
Dr Kareen,Schnabel,Earth Sciences New Zealand,New Zealand,Dr Kareen Schnabel,"Earth Sciences New Zealand, New Zealand",NZ,kareen schnabel,True
Jeroen,Schneider,Reef Renewal Foundation - Curacao,Curaçao,Jeroen Schneider,"Reef Renewal Foundation - Curacao, Curaçao",CW,jeroen schneider,False
Dr Verena,Schoepf,University of Amsterdam,Netherlands,Dr Verena Schoepf,"University of Amsterdam, Netherlands",NL,verena schoepf,True
Corin,Schofield,University of Plymouth,United Kingdom,Corin Schofield,"University of Plymouth, United Kingdom",GB,corin schofield,True
Yun,Scholten,Nanyang Technological University,Singapore,Yun Scholten,"Nanyang Technological University, Singapore",SG,yun scholten,True
Stephanie,Schopmeyer,Florida Fish and Wildlife Research Institute,United States,Stephanie Schopmeyer,"Florida Fish and Wildlife Research Institute, United States",US,stephanie schopmeyer,True
Nicole,Schroeter,Oldenburg University,Germany,Nicole Schroeter,"Oldenburg University, Germany",DE,nicole schroeter,True
Gracia,Schry,Coral Restoration Foundation,United States,Gracia Schry,"Coral Restoration Foundation, United States",US,gracia schry,True
Shania,Schull,Florida State University,United States,Shania Schull,"Florida State University, United States",US,shania schull,True
Dr Daniel,Schürholz,Leibniz Centre for Tropical Marine Research,Germany,Dr Daniel Schürholz,"Leibniz Centre for Tropical Marine Research, Germany",DE,daniel sch rholz,True
Whitney,Schwab,Nova Southeastern University,United States,Whitney Schwab,"Nova Southeastern University, United States",US,whitney schwab,True
Natalie,Scott,Guam Coral Reef Initiative,Guam,Natalie Scott,"Guam Coral Reef Initiative, Guam",GU,natalie scott,True
Pascal,Sebastian,Indo Ocean Foundation,Indonesia,Pascal Sebastian,"Indo Ocean Foundation, Indonesia",ID,pascal sebastian,True
Pallavi,Seburn,University Of Mauritius,Mauritius,Pallavi Seburn,"University Of Mauritius, Mauritius",MU,pallavi seburn,True
Sheryl,Seet,Camphora Pte Ltd,Singapore,Sheryl Seet,"Camphora Pte Ltd, Singapore",SG,sheryl seet,False
Maja,Seier,University of Copenhagen,Denmark,Maja Seier,"University of Copenhagen, Denmark",DK,maja seier,True
Jörg-Dieter,Seifert-Granzin,University of Salzburg,"Bolivia, Plurinational State of",Jörg-Dieter Seifert-Granzin,"University of Salzburg, Bolivia, Plurinational State of",BO,j rg dieter seifert granzin,False
Amalia,Seigel,"Rosenstiel School of Marine, Atmospheric, and Earth",United States,Amalia Seigel,"Rosenstiel School of Marine, Atmospheric, and Earth, United States",US,amalia seigel,True
Rita,Sellares,Fundación Dominicana de Estudios Marinos,Dominican Republic,Rita Sellares,"Fundación Dominicana de Estudios Marinos, Dominican Republic",DO,rita sellares,False
Annemarie,Selle,University of Oldenburg,Germany,Annemarie Selle,"University of Oldenburg, Germany",DE,annemarie selle,True
Dr François,Seneca,Centre Scientifique de Monaco,Monaco,Dr François Seneca,"Centre Scientifique de Monaco, Monaco",MC,fran ois seneca,True
Prof Davide,Seveso,University of Milano-Bicocca,Italy,Prof Davide Seveso,"University of Milano-Bicocca, Italy",IT,davide seveso,True
Ahmed,Sh Ibrahim Sh Aba,Ministry of Environment and Climate Change - Germany,Germany,Ahmed Sh Ibrahim Sh Aba,"Ministry of Environment and Climate Change - Germany, Germany",DE,ahmed sh ibrahim sh aba,True
Falak,Shaheen,CSIR National Institute of Oceanography,India,Falak Shaheen,"CSIR National Institute of Oceanography, India",IN,falak shaheen,True
Reagan,Sharkey,Nova Southeastern University,United States,Reagan Sharkey,"Nova Southeastern University, United States",US,reagan sharkey,True
Dr Elizabeth,Shaver,The Nature Conservancy,United States,Dr Elizabeth Shaver,"The Nature Conservancy, United States",US,elizabeth shaver,True
Meshal,Shawkrah,National Center of Wildlife,Saudi Arabia,Meshal Shawkrah,"National Center of Wildlife, Saudi Arabia",SA,meshal shawkrah,False
Alessandra,Shea,University of Hawai'i - Mānoa,United States,Alessandra Shea,"University of Hawai'i - Mānoa, United States",US,alessandra shea,False
Samantha,Shedd,University of Hawai'i - Mānoa,United States,Samantha Shedd,"University of Hawai'i - Mānoa, United States",US,samantha shedd,True
Cole,Sheeley,University of the Virgin Islands,United States Virgin Islands,Cole Sheeley,"University of the Virgin Islands, United States Virgin Islands",VI,cole sheeley,True
Dr Dor,Shefy,Israel Oceanographic and Limnological Research,Israel,Dr Dor Shefy,"Israel Oceanographic and Limnological Research, Israel",IL,dor shefy,True
Adeline,Shelby,University of the Virgin Islands,United States Virgin Islands,Adeline Shelby,"University of the Virgin Islands, United States Virgin Islands",VI,adeline shelby,True
Madeleine,Sherman,Hawai‘i Institute of Marine Biology,United States,Madeleine Sherman,"Hawai‘i Institute of Marine Biology, United States",US,madeleine sherman,True
Dr Zongyan,Shi,South China Sea Institute of Oceanology,China,Dr Zongyan Shi,"South China Sea Institute of Oceanology, China",CN,zongyan shi,True
Maddison,Shiels,University of Technology Sydney,Australia,Maddison Shiels,"University of Technology Sydney, Australia",AU,maddison shiels,True
Taichi,Shigemura,ECOH Corporation,Japan,Taichi Shigemura,"ECOH Corporation, Japan",JP,taichi shigemura,True
Erin,Shilling,Texas State University,United States,Erin Shilling,"Texas State University, United States",US,erin shilling,True
Prof Jeff,Shima,Victoria University of Wellington,New Zealand,Prof Jeff Shima,"Victoria University of Wellington, New Zealand",NZ,jeff shima,True
Aline,Shimada da Cruz,University of São Paulo,Brazil,Aline Shimada da Cruz,"University of São Paulo, Brazil",BR,aline shimada da cruz,True
Hidemi,Shimbo,University Of The Ryukyus,Japan,Hidemi Shimbo,"University Of The Ryukyus, Japan",JP,hidemi shimbo,True
Dr Gaurav,Shimpi,University of Tokyo,Japan,Dr Gaurav Shimpi,"University of Tokyo, Japan",JP,gaurav shimpi,True
McClaran,Shirley,University of California - San Diego,United States,McClaran Shirley,"University of California - San Diego, United States",US,mcclaran shirley,True
Jade,Shivak,Victoria University of Wellington,New Zealand,Jade Shivak,"Victoria University of Wellington, New Zealand",NZ,jade shivak,True
Morgan,Short,National Oceanic and Atmospheric Administration,United States,Morgan Short,"National Oceanic and Atmospheric Administration, United States",US,morgan short,False
Colleen,Shortal,University of North Carolina - Wilmington,United States,Colleen Shortal,"University of North Carolina - Wilmington, United States",US,colleen shortal,True
Ken,Shular,Oceanis International,Australia,Ken Shular,"Oceanis International, Australia",AU,ken shular,True
Zulfahri,Siagian,Yayasan Konservasi Alam Nusantara,Indonesia,Zulfahri Siagian,"Yayasan Konservasi Alam Nusantara, Indonesia",ID,zulfahri siagian,True
Roman,Sieler,University of Basel,Switzerland,Roman Sieler,"University of Basel, Switzerland",CH,roman sieler,True
Federica,Siena,University Of Milano-bicocca,Italy,Federica Siena,"University Of Milano-bicocca, Italy",IT,federica siena,True
Brooke,Sienkiewicz,University of Massachusetts Lowell,United States,Brooke Sienkiewicz,"University of Massachusetts Lowell, United States",US,brooke sienkiewicz,True
Prof Nyssa,Silbiger,University of Hawai'i - Mānoa,United States,Prof Nyssa Silbiger,"University of Hawai'i - Mānoa, United States",US,nyssa silbiger,True
Andressa,Silva,Universidade Federal do Rio Grande do Norte,Brazil,Andressa Silva,"Universidade Federal do Rio Grande do Norte, Brazil",BR,andressa silva,True
Dr Fernanda,Silva,Technical University of Denmark,Denmark,Dr Fernanda Silva,"Technical University of Denmark, Denmark",DK,fernanda silva,True
Prof Isabel,Marques da Silva,Universidade Lúrio,Mozambique,Prof Isabel Marques da Silva,"Universidade Lúrio, Mozambique",MZ,isabel marques da silva,False
Dr Cynthia,Silveira,University of Miami,United States,Dr Cynthia Silveira,"University of Miami, United States",US,cynthia silveira,True
Heather,Silver,The Nature Conservancy,United States,Heather Silver,"The Nature Conservancy, United States",US,heather silver,False
Prandito,Simanjuntak,Pattimura University,Indonesia,Prandito Simanjuntak,"Pattimura University, Indonesia",ID,prandito simanjuntak,True
Louis,Simon,KAUST,Saudi Arabia,Louis Simon,"KAUST, Saudi Arabia",SA,louis simon,True
Dr Noa,Simon-Blecher,Bar-Ilan University,Israel,Dr Noa Simon-Blecher,"Bar-Ilan University, Israel",IL,noa simon blecher,True
Dr Carrie,Sims,Smithsonian Tropical Research Institute,Panama,Dr Carrie Sims,"Smithsonian Tropical Research Institute, Panama",PA,carrie sims,True
Dr Jordan,Sims,University of California - Berkeley,United States,Dr Jordan Sims,"University of California - Berkeley, United States",US,jordan sims,True
S,Jahanvi,CSIR National Institute of Oceanography,India,S Jahanvi,"CSIR National Institute of Oceanography, India",IN,s jahanvi,False
Love Fire,Singh,Florida International University,United States,Love Fire Singh,"Florida International University, United States",US,love fire singh,True
Rajneel,Singh-Etuati,Sustainable Environment and Livelihood Solutions,Tuvalu,Rajneel Singh-Etuati,"Sustainable Environment and Livelihood Solutions, Tuvalu",TV,rajneel singh etuati,True
Dr Shubha,Singh,Secretariat of the Pacific Regional Environment,Samoa,Dr Shubha Singh,"Secretariat of the Pacific Regional Environment, Samoa",WS,shubha singh,True
Gavin,Singleton,Yirrganydji Gurabana Aboriginal Corporation,Australia,Gavin Singleton,"Yirrganydji Gurabana Aboriginal Corporation, Australia",AU,gavin singleton,True
Dr Frederic,Sinniger,University Of The Ryukyus,Japan,Dr Frederic Sinniger,"University Of The Ryukyus, Japan",JP,frederic sinniger,True
Dr Alexandre,Siqueira,Edith Cowan University,Australia,Dr Alexandre Siqueira,"Edith Cowan University, Australia",AU,alexandre siqueira,True
Alexandra,Skeer,University of Technology Sydney,Australia,Alexandra Skeer,"University of Technology Sydney, Australia",AU,alexandra skeer,True
Ellen,Skelton,Nova Southeastern University,United States,Ellen Skelton,"Nova Southeastern University, United States",US,ellen skelton,True
Nikol,Slynkova,Griffith University,Australia,Nikol Slynkova,"Griffith University, Australia",AU,nikol slynkova,True
Emily,Small,Bloomberg Ocean Fund,United States,Emily Small,"Bloomberg Ocean Fund, United States",US,emily small,False
Dr Patrick,Smallhorn-west,James Cook University,Australia,Dr Patrick Smallhorn-west,"James Cook University, Australia",AU,patrick smallhorn west,True
Joanna,Smart,University of Queensland,Australia,Joanna Smart,"University of Queensland, Australia",AU,joanna smart,True
Mitchell,Smelser,University of California - San Diego,United States,Mitchell Smelser,"University of California - San Diego, United States",US,mitchell smelser,True
Prof Celia,Smith,University of Hawai'i,United States,Prof Celia Smith,"University of Hawai'i, United States",US,celia smith,True
Dr Grant,Smith,Bureau of Meteorology,Australia,Dr Grant Smith,"Bureau of Meteorology, Australia",AU,grant smith,True
Harry,Smith,GIS and Spatial Ecology Lab,United States,Harry Smith,"GIS and Spatial Ecology Lab, United States",US,harry smith,False
Hillary,Smith,University of New South Wales,Australia,Hillary Smith,"University of New South Wales, Australia",AU,hillary smith,True
Dr Joy,Smith,Cooperative Institute for Marine and Atmospheric,United States,Dr Joy Smith,"Cooperative Institute for Marine and Atmospheric, United States",US,joy smith,True
Dr Robin,Smith,Arizona State University,United States,Dr Robin Smith,"Arizona State University, United States",US,robin smith,True
Dr Tyler,Smith,University of the Virgin Islands,United States Virgin Islands,Dr Tyler Smith,"University of the Virgin Islands, United States Virgin Islands",VI,tyler smith,True
Dr Jennifer,Sneed,Smithsonian Marine Station,United States,Dr Jennifer Sneed,"Smithsonian Marine Station, United States",US,jennifer sneed,True
Wen Xin,Sng,National University of Singapore,Singapore,Wen Xin Sng,"National University of Singapore, Singapore",SG,wen xin sng,True
Jake,Snyder,Hawaiʻi Institute of Marine Biology,United States,Jake Snyder,"Hawaiʻi Institute of Marine Biology, United States",US,jake snyder,True
Aran,Sofer,Tel Aviv University,Israel,Aran Sofer,"Tel Aviv University, Israel",IL,aran sofer,True
Chinmay,Somani,National Sun Yat-sen University,Taiwan,Chinmay Somani,"National Sun Yat-sen University, Taiwan",TW,chinmay somani,True
Dr Brigitte,Sommer,University of Sydney,Australia,Dr Brigitte Sommer,"University of Sydney, Australia",AU,brigitte sommer,True
Dr Young Baek,Son,KIOST,South Korea,Dr Young Baek Son,"KIOST, South Korea",KR,young baek son,True
Byeungsu,Song,KIOST,South Korea,Byeungsu Song,"KIOST, South Korea",KR,byeungsu song,True
Dr Se,Songploy,"Aquatic Resources Research Institute, Chualalongkorn",Thailand,Dr Se Songploy,"Aquatic Resources Research Institute, Chualalongkorn, Thailand",TH,se songploy,True
Brandon,Sosa,Florida International University,United States,Brandon Sosa,"Florida International University, United States",US,brandon sosa,True
Lucy,Southworth,James Cook University,Australia,Lucy Southworth,"James Cook University, Australia",AU,lucy southworth,True
Dr Jason,Spadaro,Mote Marine Laboratory,United States,Dr Jason Spadaro,"Mote Marine Laboratory, United States",US,jason spadaro,True
Dr Blake,Spady,Coral Reef Watch,Australia,Dr Blake Spady,"Coral Reef Watch, Australia",AU,blake spady,True
Dr Heather,Spalding,College of Charleston,United States,Dr Heather Spalding,"College of Charleston, United States",US,heather spalding,True
Dr Wesley,Sparagon,Scripps Institution of Oceanography,United States,Dr Wesley Sparagon,"Scripps Institution of Oceanography, United States",US,wesley sparagon,True
Dr Lauren,Speare,Georgia Institute of Technology,United States,Dr Lauren Speare,"Georgia Institute of Technology, United States",US,lauren speare,True
Robert,Spekis,Nova Southeastern University,United States,Robert Spekis,"Nova Southeastern University, United States",US,robert spekis,True
Dr Lindsay,Spiers,Florida Fish and Wildlife Conservation Commission,United States,Dr Lindsay Spiers,"Florida Fish and Wildlife Conservation Commission, United States",US,lindsay spiers,True
Kēhau,Springer,Nā Kai ʻEwalu,United States,Kēhau Springer,"Nā Kai ʻEwalu, United States",US,k hau springer,True
Dennis,Stanley,University of Western Australia,Australia,Dennis Stanley,"University of Western Australia, Australia",AU,dennis stanley,True
Dr Frank,Stanton,University of Hawai'i,United States,Dr Frank Stanton,"University of Hawai'i, United States",US,frank stanton,False
Tiara,Stark,The Nature Conservancy,United States,Tiara Stark,"The Nature Conservancy, United States",US,tiara stark,True
A/Prof Michael,Stat,University of Newcastle,Australia,A/Prof Michael Stat,"University of Newcastle, Australia",AU,a prof michael stat,False
Prof Selina,Stead,Australian Institute of Marine Science,Australia,Prof Selina Stead,"Australian Institute of Marine Science, Australia",AU,selina stead,True
Dr Alexandra,Steckbauer,G20 Coral Research and Development Accelerator,Saudi Arabia,Dr Alexandra Steckbauer,"G20 Coral Research and Development Accelerator, Saudi Arabia",SA,alexandra steckbauer,True
Danae,Stephens,University Of Miami,United States,Danae Stephens,"University Of Miami, United States",US,danae stephens,True
Callie,Stephenson,University of Hawai'i - Mānoa,United States,Callie Stephenson,"University of Hawai'i - Mānoa, United States",US,callie stephenson,True
Ivan,Steward,Tetra Tech Coffey,New Zealand,Ivan Steward,"Tetra Tech Coffey, New Zealand",NZ,ivan steward,True
Kainalu,Steward,University of Hawai'i - Mānoa,United States,Kainalu Steward,"University of Hawai'i - Mānoa, United States",US,kainalu steward,True
Dr Margaux,Steyaert,Imperial College London,United Kingdom,Dr Margaux Steyaert,"Imperial College London, United Kingdom",GB,margaux steyaert,True
Maren,Stickley,"University Of Miami Rosenstiel School of Marine,",United States,Maren Stickley,"University Of Miami Rosenstiel School of Marine,, United States",US,maren stickley,True
Dr Adrian,Stier,University of California - Santa Barbara,United States,Dr Adrian Stier,"University of California - Santa Barbara, United States",US,adrian stier,True
Dr Luca,Stirnimann,KAUST,Saudi Arabia,Dr Luca Stirnimann,"KAUST, Saudi Arabia",SA,luca stirnimann,True
Aidan,Stockley,Auckland University of Technology,New Zealand,Aidan Stockley,"Auckland University of Technology, New Zealand",NZ,aidan stockley,True
Dr Brian,Stockwell,University of the South Pacific,Fiji,Dr Brian Stockwell,"University of the South Pacific, Fiji",FJ,brian stockwell,True
Dr Curt,Storlazzi,United States Geological Survey,United States,Dr Curt Storlazzi,"United States Geological Survey, United States",US,curt storlazzi,True
Zoe,Storm,James Cook University,Australia,Zoe Storm,"James Cook University, Australia",AU,zoe storm,True
John,Stratford,Newcastle University,United Kingdom,John Stratford,"Newcastle University, United Kingdom",GB,john stratford,True
Dr Robert,Streit,University of Melbourne,Australia,Dr Robert Streit,"University of Melbourne, Australia",AU,robert streit,True
Zan,Stremler,University of California - Santa Cruz,United States,Zan Stremler,"University of California - Santa Cruz, United States",US,zan stremler,True
Dr Paige,Strudwick,University of Technology Sydney,Australia,Dr Paige Strudwick,"University of Technology Sydney, Australia",AU,paige strudwick,True
Prof Jan,Strugnell,James Cook University,Australia,Prof Jan Strugnell,"James Cook University, Australia",AU,jan strugnell,False
Dr Michael,Studivan,University of Miami,United States,Dr Michael Studivan,"University of Miami, United States",US,michael studivan,True
Dr Marleen,Stuhr,Leibniz Centre for Tropical Marine Research,Germany,Dr Marleen Stuhr,"Leibniz Centre for Tropical Marine Research, Germany",DE,marleen stuhr,True
Dr Narayani,S,Pondicherry University,India,Dr Narayani S,"Pondicherry University, India",IN,narayani s,True
Dr Wichin,Suebpala,Ramkhamhaeng University,Thailand,Dr Wichin Suebpala,"Ramkhamhaeng University, Thailand",TH,wichin suebpala,True
David,Suggett,KAUST,Saudi Arabia,David Suggett,"KAUST, Saudi Arabia",SA,david suggett,True
Sharla,Sugierski,Florida Fish and Wildlife Research Institute,United States,Sharla Sugierski,"Florida Fish and Wildlife Research Institute, United States",US,sharla sugierski,True
Tara,Abrina,James Cook University,Philippines,Tara Abrina,"James Cook University, Philippines",PH,tara abrina,True
Asst. Prof Youfang,Sun,South China Sea Institute of Oceanology,China,Asst. Prof Youfang Sun,"South China Sea Institute of Oceanology, China",CN,asst prof youfang sun,True
Darnell,Sutherland,Southern Environmental Association,Belize,Darnell Sutherland,"Southern Environmental Association, Belize",BZ,darnell sutherland,False
Dr Makamas,Sutthacheep,Ramkhamhaeng University,Thailand,Dr Makamas Sutthacheep,"Ramkhamhaeng University, Thailand",TH,makamas sutthacheep,True
Dr Go,Suzuki,Fisheries Technology Institute,Japan,Dr Go Suzuki,"Fisheries Technology Institute, Japan",JP,go suzuki,True
Hiroki,Suzuki,University Of The Ryukyus,Japan,Hiroki Suzuki,"University Of The Ryukyus, Japan",JP,hiroki suzuki,True
Hannah,Swain,University of Texas - Arlington,United States,Hannah Swain,"University of Texas - Arlington, United States",US,hannah swain,True
Dr Sara,Swaminathan,Bigelow Laboratory for Ocean Sciences,United States,Dr Sara Swaminathan,"Bigelow Laboratory for Ocean Sciences, United States",US,sara swaminathan,True
Ally,Swan,University of the Virgin Islands,United States Virgin Islands,Ally Swan,"University of the Virgin Islands, United States Virgin Islands",VI,ally swan,True
Ally,Swank,Boston University,United States,Ally Swank,"Boston University, United States",US,ally swank,True
Dr Dione,Swanson,"University Of Miami, CIMAS",United States,Dr Dione Swanson,"University Of Miami, CIMAS, United States",US,dione swanson,True
Prof Steve,Swearer,University of Western Australia,Australia,Prof Steve Swearer,"University of Western Australia, Australia",AU,steve swearer,True
Helen,Sykes,Marine Ecology Consulting,Fiji,Helen Sykes,"Marine Ecology Consulting, Fiji",FJ,helen sykes,False
Janice,Taga,Wildlife Conservation Society,Fiji,Janice Taga,"Wildlife Conservation Society, Fiji",FJ,janice taga,True
Fuamai,Tago,American Samoa Government,American Samoa,Fuamai Tago,"American Samoa Government, American Samoa",AS,fuamai tago,False
Dr Kenji,Takata,National Institute of Advanced Industrial Science and Technology,Japan,Dr Kenji Takata,"National Institute of Advanced Industrial Science and Technology, Japan",JP,kenji takata,True
Dr Annielyn,Tampus,Mindanao State University,Philippines,Dr Annielyn Tampus,"Mindanao State University, Philippines",PH,annielyn tampus,True
Bryan,Tan,University Of The Ryukyus,Philippines,Bryan Tan,"University Of The Ryukyus, Philippines",PH,bryan tan,True
Dr James,Tan,Universiti Malaysia Terengganu,Malaysia,Dr James Tan,"Universiti Malaysia Terengganu, Malaysia",MY,james tan,False
Dr Ee Suan,Tan,University Of The Ryukyus,Japan,Dr Ee Suan Tan,"University Of The Ryukyus, Japan",JP,ee suan tan,True
Joel,Tan,National University of Singapore,Singapore,Joel Tan,"National University of Singapore, Singapore",SG,joel tan,True
Esmay,Tanielu-Kobayashi,Conservation International,Samoa,Esmay Tanielu-Kobayashi,"Conservation International, Samoa",WS,esmay tanielu kobayashi,True
Andrew,Taylor,Blue Corner Marine Research,Indonesia,Andrew Taylor,"Blue Corner Marine Research, Indonesia",ID,andrew taylor,True
Dr Brett,Taylor,University of Guam,Guam,Dr Brett Taylor,"University of Guam, Guam",GU,brett taylor,True
Charlie,Taylor,Hawai'i Division of Aquatic Resources,United States,Charlie Taylor,"Hawai'i Division of Aquatic Resources, United States",US,charlie taylor,True
Dr Michelle,Taylor,Turks and Caicos Reef Fund,United Kingdom,Dr Michelle Taylor,"Turks and Caicos Reef Fund, United Kingdom",GB,michelle taylor,True
Dr Yi-Kai,Tea,Australian Museum Research Institute,Australia,Dr Yi-Kai Tea,"Australian Museum Research Institute, Australia",AU,yi kai tea,True
Faoliu,Teakau,Tuvalu Meteorological Service,Tuvalu,Faoliu Teakau,"Tuvalu Meteorological Service, Tuvalu",TV,faoliu teakau,True
Dr Sterling,Tebbett,University of Tasmania,Australia,Dr Sterling Tebbett,"University of Tasmania, Australia",AU,sterling tebbett,True
Kannapoj,Techawongstien,University Of The Ryukyus,Japan,Kannapoj Techawongstien,"University Of The Ryukyus, Japan",JP,kannapoj techawongstien,True
Zoe,Teikamata-tito,Kōrero O Te 'Ōrau,Cook Islands,Zoe Teikamata-tito,"Kōrero O Te 'Ōrau, Cook Islands",CK,zoe teikamata tito,False
Ulai,Teltull,Palau Governors Association,Palau,Ulai Teltull,"Palau Governors Association, Palau",PW,ulai teltull,False
Tony,Tenorio,Johnston Applied Marine Sciences,United States,Tony Tenorio,"Johnston Applied Marine Sciences, United States",US,tony tenorio,True
Nurhikmah,Tenripada,Hiroshima University,Japan,Nurhikmah Tenripada,"Hiroshima University, Japan",JP,nurhikmah tenripada,True
Hereiti,Teraitua,University of Wellington,New Zealand,Hereiti Teraitua,"University of Wellington, New Zealand",NZ,hereiti teraitua,False
Dr Tullia,Terraneo,KAUST,Saudi Arabia,Dr Tullia Terraneo,"KAUST, Saudi Arabia",SA,tullia terraneo,True
Dr Marko,Terzin,Australian Institute of Marine Science,Australia,Dr Marko Terzin,"Australian Institute of Marine Science, Australia",AU,marko terzin,True
Rowan,Tesch,Nortek Instruments Australia Pty Ltd,Australia,Rowan Tesch,"Nortek Instruments Australia Pty Ltd, Australia",AU,rowan tesch,True
Anuata,Tetuanui,EPHE-Paris PSL-CRIOBE,French Polynesia,Anuata Tetuanui,"EPHE-Paris PSL-CRIOBE, French Polynesia",PF,anuata tetuanui,True
Reshma,Thachara Kunnath,Justus Liebig University Giessen,Germany,Reshma Thachara Kunnath,"Justus Liebig University Giessen, Germany",DE,reshma thachara kunnath,True
Dr Thinesh,Thangadurai,Sultan Qaboos University,Oman,Dr Thinesh Thangadurai,"Sultan Qaboos University, Oman",OM,thinesh thangadurai,True
Prof Dileepa,De Croos,Wayamba University of Sri Lanka,Sri Lanka,Prof Dileepa De Croos,"Wayamba University of Sri Lanka, Sri Lanka",LK,dileepa de croos,True
Erin,Tharp,Florida Atlantic University - Harbor Branch,United States,Erin Tharp,"Florida Atlantic University - Harbor Branch, United States",US,erin tharp,True
Mackenzie,Thielmann,Division of Aquatic Resources - Hawai'i,United States,Mackenzie Thielmann,"Division of Aquatic Resources - Hawai'i, United States",US,mackenzie thielmann,True
Hoaka,Thomas,Hawai'i State Department of Land and Natural,United States,Hoaka Thomas,"Hawai'i State Department of Land and Natural, United States",US,hoaka thomas,True
Dr Luke,Thomas,Australian Institute of Marine Science,Australia,Dr Luke Thomas,"Australian Institute of Marine Science, Australia",AU,luke thomas,True
Bill,Thomas,Olohana Foundation,United States,Bill Thomas,"Olohana Foundation, United States",US,bill thomas,False
Bailey,Thomasson,Coral Restoration Foundation,United States Virgin Islands,Bailey Thomasson,"Coral Restoration Foundation, United States Virgin Islands",VI,bailey thomasson,True
A/Prof Diane,Thompson,University of Arizona,United States,A/Prof Diane Thompson,"University of Arizona, United States",US,a prof diane thompson,True
Liz,Thomson,Victoria University of Wellington,New Zealand,Liz Thomson,"Victoria University of Wellington, New Zealand",NZ,liz thomson,True
Inga,Thordar,Kanaloa,United Kingdom,Inga Thordar,"Kanaloa, United Kingdom",GB,inga thordar,False
Josine Wataï,Tiavouane,Conservation International,New Caledonia,Josine Wataï Tiavouane,"Conservation International, New Caledonia",NC,josine wata tiavouane,True
Evelyn,Tickle,Grow Reefs,United States,Evelyn Tickle,"Grow Reefs, United States",US,evelyn tickle,False
Matthew,(Tietbohl) Talas,KAUST,Saudi Arabia,Matthew (Tietbohl) Talas,"KAUST, Saudi Arabia",SA,matthew tietbohl talas,True
Kristina,Tietjen,University of Victoria,Canada,Kristina Tietjen,"University of Victoria, Canada",CA,kristina tietjen,True
Ulusapeti,Tiitii,Conservation International,Samoa,Ulusapeti Tiitii,"Conservation International, Samoa",WS,ulusapeti tiitii,False
Orlando,Timmerman,University of Cambridge,United Kingdom,Orlando Timmerman,"University of Cambridge, United Kingdom",GB,orlando timmerman,True
Chiara,Tinazzi,Victoria University of Wellington,New Zealand,Chiara Tinazzi,"Victoria University of Wellington, New Zealand",NZ,chiara tinazzi,False
Vanessa,Tirpitz,Justus Liebig University Giessen,Germany,Vanessa Tirpitz,"Justus Liebig University Giessen, Germany",DE,vanessa tirpitz,False
Dr Kaho,Tisthammer,University of Hawai'i - Mānoa,United States,Dr Kaho Tisthammer,"University of Hawai'i - Mānoa, United States",US,kaho tisthammer,True
A/Prof Peter,Todd,National University of Singapore,Singapore,A/Prof Peter Todd,"National University of Singapore, Singapore",SG,a prof peter todd,True
Prof Gildas,Todinanahary,University of Toliara,Madagascar,Prof Gildas Todinanahary,"University of Toliara, Madagascar",MG,gildas todinanahary,True
Dr Sara,Todorović,Leibniz Centre for Tropical Marine Research,Germany,Dr Sara Todorović,"Leibniz Centre for Tropical Marine Research, Germany",DE,sara todorovi,True
Dr Robert,Tomasetti,Florida International University,United States,Dr Robert Tomasetti,"Florida International University, United States",US,robert tomasetti,True
Alyssa,Tomkies,Victoria University of Wellington,New Zealand,Alyssa Tomkies,"Victoria University of Wellington, New Zealand",NZ,alyssa tomkies,True
Dr Haoya,Tong,University of Hong Kong,Hong Kong,Dr Haoya Tong,"University of Hong Kong, Hong Kong",HK,haoya tong,True
Lorenzo Massimo,Toniolo,University of Milano - Bicocca,Italy,Lorenzo Massimo Toniolo,"University of Milano - Bicocca, Italy",IT,lorenzo massimo toniolo,True
Julia Terra,Torres,University of São Paulo,Brazil,Julia Terra Torres,"University of São Paulo, Brazil",BR,julia terra torres,True
Dr Adolfo,Tortolero-langarica,Instituto Tecnológico de Bahía de Banderas,Mexico,Dr Adolfo Tortolero-langarica,"Instituto Tecnológico de Bahía de Banderas, Mexico",MX,adolfo tortolero langarica,True
Dr Giada,Tortorelli,Hawaiʻi Institute of Marine Biology,United States,Dr Giada Tortorelli,"Hawaiʻi Institute of Marine Biology, United States",US,giada tortorelli,True
Dr Andrea,Toso,University of Salento,Italy,Dr Andrea Toso,"University of Salento, Italy",IT,andrea toso,True
Dr Erica,Towle,National Oceanic and Atmospheric Administration,United States,Dr Erica Towle,"National Oceanic and Atmospheric Administration, United States",US,erica towle,True
Joe,Townsend,University of Puerto Rico - Mayagüez,Puerto Rico,Joe Townsend,"University of Puerto Rico - Mayagüez, Puerto Rico",PR,joe townsend,True
Dr Jason,Toy,Old Dominion University,United States,Dr Jason Toy,"Old Dominion University, United States",US,jason toy,True
Carlos Alberto,Tramonte,University of Hawai'i,United States,Carlos Alberto Tramonte,"University of Hawai'i, United States",US,carlos alberto tramonte,True
Dr Cawa,Tran,University of San Diego,United States,Dr Cawa Tran,"University of San Diego, United States",US,cawa tran,True
Leon,Tran,University of Hawaiʻi - Mānoa,United States,Leon Tran,"University of Hawaiʻi - Mānoa, United States",US,leon tran,True
Dr Tyas,Trialfhianty,Pelita Bangsa University,Indonesia,Dr Tyas Trialfhianty,"Pelita Bangsa University, Indonesia",ID,tyas trialfhianty,True
Dr Aline,Tribollet,Institut de recherche pour le Développement,France,Dr Aline Tribollet,"Institut de recherche pour le Développement, France",FR,aline tribollet,True
Aliyah,True,University Of Miami,United States,Aliyah True,"University Of Miami, United States",US,aliyah true,True
Prof Tadd,Truscott,KAUST,Saudi Arabia,Prof Tadd Truscott,"KAUST, Saudi Arabia",SA,tadd truscott,True
Emily,Trytten,Northeastern University,United States,Emily Trytten,"Northeastern University, United States",US,emily trytten,True
Dr Dorian,Tsai,Queensland University of Technology,Australia,Dr Dorian Tsai,"Queensland University of Technology, Australia",AU,dorian tsai,True
Marcellin,Tsihoboto,University of Antsiranana,Madagascar,Marcellin Tsihoboto,"University of Antsiranana, Madagascar",MG,marcellin tsihoboto,True
Benjamin Chien-Ming,Tu,National Academy of Marine Research,Taiwan,Benjamin Chien-Ming Tu,"National Academy of Marine Research, Taiwan",TW,benjamin chien ming tu,False
Olly,Tuisano,Taupulega Fakaofo,Tokelau,Olly Tuisano,"Taupulega Fakaofo, Tokelau",TK,olly tuisano,False
Isla,Spence,University of Alberta,Canada,Isla Spence,"University of Alberta, Canada",CA,isla spence,True
Dr Kira,Turnham,Cooperative Institute of Marine and Atmospheric,United States,Dr Kira Turnham,"Cooperative Institute of Marine and Atmospheric, United States",US,kira turnham,True
Dr Abigail,Turnlund,Helmholtz Institute for Functional Marine Biodiversity,Germany,Dr Abigail Turnlund,"Helmholtz Institute for Functional Marine Biodiversity, Germany",DE,abigail turnlund,True
Dr Lillian,Tuttle Raz,Hawai'i Cooperative Fishery Research Unit,United States,Dr Lillian Tuttle Raz,"Hawai'i Cooperative Fishery Research Unit, United States",US,lillian tuttle raz,False
Dean,Tysdale,The University Of Western Australia,Australia,Dean Tysdale,"The University Of Western Australia, Australia",AU,dean tysdale,False
Matlyn,Ua,University of Hawaiʻi - Hilo,United States,Matlyn Ua,"University of Hawaiʻi - Hilo, United States",US,matlyn ua,True
Prof Masato,Ueda,Kansai University,Japan,Prof Masato Ueda,"Kansai University, Japan",JP,masato ueda,True
Kazuma,Uesugi,Institute of Science - Tokyo,Japan,Kazuma Uesugi,"Institute of Science - Tokyo, Japan",JP,kazuma uesugi,True
Joe,Unsworth,University Of Miami,United States,Joe Unsworth,"University Of Miami, United States",US,joe unsworth,True
Dr Blake,Ushijima,University of North Carolina - Wilmington,United States,Dr Blake Ushijima,"University of North Carolina - Wilmington, United States",US,blake ushijima,True
Dr Sven,Uthicke,Australian Institute of Marine Science,Australia,Dr Sven Uthicke,"Australian Institute of Marine Science, Australia",AU,sven uthicke,True
Dr Alejandro,Valdivieso,IHPE,France,Dr Alejandro Valdivieso,"IHPE, France",FR,alejandro valdivieso,True
Dr Ilse,Valenzuela Matus,University of Porto,Portugal,Dr Ilse Valenzuela Matus,"University of Porto, Portugal",PT,ilse valenzuela matus,True
Dr Jacob,Valenzuela,Institute for Systems Biology,United States,Dr Jacob Valenzuela,"Institute for Systems Biology, United States",US,jacob valenzuela,True
Diwigdi,Valiente,Wildlife Conservation Society,Panama,Diwigdi Valiente,"Wildlife Conservation Society, Panama",PA,diwigdi valiente,False
Darryl,Valino,Earth Observatory of Singapore,Singapore,Darryl Valino,"Earth Observatory of Singapore, Singapore",SG,darryl valino,True
Mia,Vallee,University of Miami,United States,Mia Vallee,"University of Miami, United States",US,mia vallee,True
Alessandra,Vallim,The International Seakeepers Society,New Zealand,Alessandra Vallim,"The International Seakeepers Society, New Zealand",NZ,alessandra vallim,True
Maarten,van Aalst,BRANCH Applications BV / Foundation,Netherlands,Maarten van Aalst,"BRANCH Applications BV / Foundation, Netherlands",NL,maarten van aalst,False
Maarten,van der Kuijl,BRANCH Applications BV / Foundation,Netherlands,Maarten van der Kuijl,"BRANCH Applications BV / Foundation, Netherlands",NL,maarten van der kuijl,False
Meg,Van Horn,University of Guam,Guam,Meg Van Horn,"University of Guam, Guam",GU,meg van horn,True
Dennis,van Hulten,University of Auckland,New Zealand,Dennis van Hulten,"University of Auckland, New Zealand",NZ,dennis van hulten,True
Dr Alex,Van Nynatten,University of Victoria,Canada,Dr Alex Van Nynatten,"University of Victoria, Canada",CA,alex van nynatten,False
Prof Madeleine,van Oppen,University of Melbourne,Australia,Prof Madeleine van Oppen,"University of Melbourne, Australia",AU,madeleine van oppen,True
Kelly,van Woesik,North Carolina State University,United States,Kelly van Woesik,"North Carolina State University, United States",US,kelly van woesik,True
Liana,van Woesik,University of Queensland,Australia,Liana van Woesik,"University of Queensland, Australia",AU,liana van woesik,True
Sarah,VanDiepenbos,Michigan State University,United States,Sarah VanDiepenbos,"Michigan State University, United States",US,sarah vandiepenbos,True
Juliana,Vanegas,Perry Institute for Marine Science,Colombia,Juliana Vanegas,"Perry Institute for Marine Science, Colombia",CO,juliana vanegas,True
Dr Tali,Vardi,Coral Restoration Consortium,United States,Dr Tali Vardi,"Coral Restoration Consortium, United States",US,tali vardi,False
Alyssa,Varela,Hawaiʻi institute of Marine Biology,United States,Alyssa Varela,"Hawaiʻi institute of Marine Biology, United States",US,alyssa varela,True
Karen,Stone,Vava'u Environmental Protection Association,Tonga,Karen Stone,"Vava'u Environmental Protection Association, Tonga",TO,karen stone,True
Dr Ant,Vavia,Ocean Toa,Cook Islands,Dr Ant Vavia,"Ocean Toa, Cook Islands",CK,ant vavia,False
Dr Maria,Vega-rodriguez,Puerto Rico Department of Natural and Environmental,Puerto Rico,Dr Maria Vega-rodriguez,"Puerto Rico Department of Natural and Environmental, Puerto Rico",PR,maria vega rodriguez,True
Dr Rebecca,Vega Thurber,University of California - Santa Barbara,United States,Dr Rebecca Vega Thurber,"University of California - Santa Barbara, United States",US,rebecca vega thurber,True
Dr Alexander,Venn,Centre Scientifique de Monaco,Monaco,Dr Alexander Venn,"Centre Scientifique de Monaco, Monaco",MC,alexander venn,True
Killian,Ver Hoeye,"University Of Mons, Belgium",Belgium,Killian Ver Hoeye,"University Of Mons, Belgium, Belgium",BE,killian ver hoeye,True
Diana,Vergara,University Of Michigan,United States,Diana Vergara,"University Of Michigan, United States",US,diana vergara,True
Juliette,Verstaen,Cooperative Institute for Marine and Atmospheric,United States,Juliette Verstaen,"Cooperative Institute for Marine and Atmospheric, United States",US,juliette verstaen,True
Dr Jan,Vicente,Pauahi Bishop Museum,United States,Dr Jan Vicente,"Pauahi Bishop Museum, United States",US,jan vicente,True
Rindah Talitha,Vida,"Maritime and Marine Science Center of Excellence,",Indonesia,Rindah Talitha Vida,"Maritime and Marine Science Center of Excellence,, Indonesia",ID,rindah talitha vida,True
Thales,Vidal,Instituto Recifes Costeiros,Brazil,Thales Vidal,"Instituto Recifes Costeiros, Brazil",BR,thales vidal,True
Dr Jeremie,Vidal-Dupiol,IHPE,France,Dr Jeremie Vidal-Dupiol,"IHPE, France",FR,jeremie vidal dupiol,True
Natalie,Villafranca,University of Southern California,United States,Natalie Villafranca,"University of Southern California, United States",US,natalie villafranca,True
Frank,Villagomez,Coral Reef Initiative,Northern Mariana Islands,Frank Villagomez,"Coral Reef Initiative, Northern Mariana Islands",MP,frank villagomez,False
Maria,Villalpando,Fundación Dominicana de Estudios Marinos,Dominican Republic,Maria Villalpando,"Fundación Dominicana de Estudios Marinos, Dominican Republic",DO,maria villalpando,True
Dr Carmen,Villegas,National Technological Institute of Mexico,Mexico,Dr Carmen Villegas,"National Technological Institute of Mexico, Mexico",MX,carmen villegas,True
Dr Silvia,Vimercati,General Organization for Conservation of Coral Reefs in the Red Sea,Saudi Arabia,Dr Silvia Vimercati,"General Organization for Conservation of Coral Reefs in the Red Sea, Saudi Arabia",SA,silvia vimercati,True
Dr Anna,Vinton,"University Of Maine, Presque Isle; University of Southern California, Los Angeles",United States,Dr Anna Vinton,"University Of Maine, Presque Isle; University of Southern California, Los Angeles, United States",US,anna vinton,True
Dr Valerio,Visconti,Cefas,United Kingdom,Dr Valerio Visconti,"Cefas, United Kingdom",GB,valerio visconti,True
Dr Petra,Visser,University of Amsterdam,Netherlands,Dr Petra Visser,"University of Amsterdam, Netherlands",NL,petra visser,True
Prof Voranop,Viyakarn,Chulalongkorn University,Thailand,Prof Voranop Viyakarn,"Chulalongkorn University, Thailand",TH,voranop viyakarn,True
Dr Camille,Vizon,Carl Von Ossietzky University of Oldenburg,Germany,Dr Camille Vizon,"Carl Von Ossietzky University of Oldenburg, Germany",DE,camille vizon,True
Dr Noam,Vogt-vincent,University of Oxford,United Kingdom,Dr Noam Vogt-vincent,"University of Oxford, United Kingdom",GB,noam vogt vincent,True
Prof Christian,Voolstra,University of Konstanz,Germany,Prof Christian Voolstra,"University of Konstanz, Germany",DE,christian voolstra,True
Dr Joshua,Voss,Florida Atlantic University,United States,Dr Joshua Voss,"Florida Atlantic University, United States",US,joshua voss,True
Susana,Tauyavuca,Corals for Conservation,Fiji,Susana Tauyavuca,"Corals for Conservation, Fiji",FJ,susana tauyavuca,True
Dr Eric,Wade,North Carolina State University,United States,Dr Eric Wade,"North Carolina State University, United States",US,eric wade,True
Dr Luiza,Waechter,University Of Miami,United States,Dr Luiza Waechter,"University Of Miami, United States",US,luiza waechter,True
Dr Brian,Walker,National Coral Reef Institute,United States,Dr Brian Walker,"National Coral Reef Institute, United States",US,brian walker,True
Taylor,Walker,University of California - Berkeley,United States,Taylor Walker,"University of California - Berkeley, United States",US,taylor walker,True
Alex,Waller,University of Sydney,Australia,Alex Waller,"University of Sydney, Australia",AU,alex waller,False
Rowana,Walton,World Conservation Monitoring Centre,United Kingdom,Rowana Walton,"World Conservation Monitoring Centre, United Kingdom",GB,rowana walton,True
Sofia,Walzer,KAUST,Saudi Arabia,Sofia Walzer,"KAUST, Saudi Arabia",SA,sofia walzer,True
Zhongyue,Wan,University of Hong Kong,Hong Kong,Zhongyue Wan,"University of Hong Kong, Hong Kong",HK,zhongyue wan,True
Jenny,Wang,University of Sydney,Australia,Jenny Wang,"University of Sydney, Australia",AU,jenny wang,True
Yu Chieh,Wang,National Cheng Kung University,Taiwan,Yu Chieh Wang,"National Cheng Kung University, Taiwan",TW,yu chieh wang,True
Dr Daniel,Wangpraseurt,Scripps Institution of Oceanography,United States,Dr Daniel Wangpraseurt,"Scripps Institution of Oceanography, United States",US,daniel wangpraseurt,True
Fulori,Waqairagata,University of the South Pacific,Fiji,Fulori Waqairagata,"University of the South Pacific, Fiji",FJ,fulori waqairagata,False
Rosi,Waqanisau,Foreign Commonwealth Development Office,Fiji,Rosi Waqanisau,"Foreign Commonwealth Development Office, Fiji",FJ,rosi waqanisau,False
Dr Selina,Ward,University of Queensland,Australia,Dr Selina Ward,"University of Queensland, Australia",AU,selina ward,True
George,Warfel,Northwestern University - Marcelino Lab,United States,George Warfel,"Northwestern University - Marcelino Lab, United States",US,george warfel,True
Matthew,Warham,National Marine Sanctuary Foundation,United States,Matthew Warham,"National Marine Sanctuary Foundation, United States",US,matthew warham,True
Dr Mark,Warner,University of Delaware,United States,Dr Mark Warner,"University of Delaware, United States",US,mark warner,False
Bailey,Warren,Coral Reef Initiative,Northern Mariana Islands,Bailey Warren,"Coral Reef Initiative, Northern Mariana Islands",MP,bailey warren,False
Jane,Waterhouse,C2o Consulting And James Cook University,Australia,Jane Waterhouse,"C2o Consulting And James Cook University, Australia",AU,jane waterhouse,True
Leilua,Watson,Sea Grant,American Samoa,Leilua Watson,"Sea Grant, American Samoa",AS,leilua watson,False
Dane,Wattle,University of Technology Sydney,Australia,Dane Wattle,"University of Technology Sydney, Australia",AU,dane wattle,True
Kay,Watty,Helmholtz Institute for Functional Marine Biodiversity,Germany,Kay Watty,"Helmholtz Institute for Functional Marine Biodiversity, Germany",DE,kay watty,True
Dr Wojciech,Wawrzynski,G20 Coral Research and Development Accelerator,Saudi Arabia,Dr Wojciech Wawrzynski,"G20 Coral Research and Development Accelerator, Saudi Arabia",SA,wojciech wawrzynski,False
Elizabeth,Weatherup,University of North Carolina - Wilmington,United States,Elizabeth Weatherup,"University of North Carolina - Wilmington, United States",US,elizabeth weatherup,True
Maryann,Webb,University of Hawai‘i - Mānoa,United States,Maryann Webb,"University of Hawai‘i - Mānoa, United States",US,maryann webb,True
Margot,Webster,Blue Alliance,"Tanzania, United Republic of",Margot Webster,"Blue Alliance, Tanzania, United Republic of",TZ,margot webster,True
Crystle,Wee,Australian Institute of Marine Science,Australia,Crystle Wee,"Australian Institute of Marine Science, Australia",AU,crystle wee,True
Edric,Wee,National University of Singapore,Singapore,Edric Wee,"National University of Singapore, Singapore",SG,edric wee,True
Dr Hin Boo,Wee,Universiti Kebangsaan Malaysia,Malaysia,Dr Hin Boo Wee,"Universiti Kebangsaan Malaysia, Malaysia",MY,hin boo wee,True
Bert,Weeks,Stantec GS,United States,Bert Weeks,"Stantec GS, United States",US,bert weeks,False
Ponchanok,Weeriyanun,Old Dominion University,United States,Ponchanok Weeriyanun,"Old Dominion University, United States",US,ponchanok weeriyanun,True
Dr Bradley,Weiler,University Of Miami,United States,Dr Bradley Weiler,"University Of Miami, United States",US,bradley weiler,True
Vivienne,Weir,University of Guam,Guam,Vivienne Weir,"University of Guam, Guam",GU,vivienne weir,True
Virginia,Weis,Oregon State University,United States,Virginia Weis,"Oregon State University, United States",US,virginia weis,True
Madison,Weise,University of California - Santa Barbara,United States,Madison Weise,"University of California - Santa Barbara, United States",US,madison weise,True
Dr Noreen,Wejieme,University of New Caledonia,New Caledonia,Dr Noreen Wejieme,"University of New Caledonia, New Caledonia",NC,noreen wejieme,True
Marthen,Welly,Coral Triangle Center,Indonesia,Marthen Welly,"Coral Triangle Center, Indonesia",ID,marthen welly,True
Dr Alexandra,Wen,University Of Miami,United States,Dr Alexandra Wen,"University Of Miami, United States",US,alexandra wen,True
Pei Wen,Tang,National Taiwan Ocean University,Malaysia,Pei Wen Tang,"National Taiwan Ocean University, Malaysia",MY,pei wen tang,True
Dr Amelia,Wenger,Wildlife Conservation Society,Australia,Dr Amelia Wenger,"Wildlife Conservation Society, Australia",AU,amelia wenger,True
Rebecca,Wenker,National Oceanic and Atmospheric Administration,United States,Rebecca Wenker,"National Oceanic and Atmospheric Administration, United States",US,rebecca wenker,True
Dr Casey,Whalen,University of the Virgin Islands,United States Virgin Islands,Dr Casey Whalen,"University of the Virgin Islands, United States Virgin Islands",VI,casey whalen,True
Sasha,Wheeler,Nova Southeastern University,United States,Sasha Wheeler,"Nova Southeastern University, United States",US,sasha wheeler,True
Hannah,Whitaker,University of Western Australia,Australia,Hannah Whitaker,"University of Western Australia, Australia",AU,hannah whitaker,True
Darla,White,"Darla White - Marine Ecological Consulting, LLC",United States,Darla White,"Darla White - Marine Ecological Consulting, LLC, United States",US,darla white,True
Dr Erick,White,Oregon State University,United States,Dr Erick White,"Oregon State University, United States",US,erick white,True
Cameron,White-Spunner,University College London,United Kingdom,Cameron White-Spunner,"University College London, United Kingdom",GB,cameron white spunner,True
Jane,Wia,The Nature Conservancy,Papua New Guinea,Jane Wia,"The Nature Conservancy, Papua New Guinea",PG,jane wia,False
Dr Keiko,Wilkins,University of Hawai'i - Mānoa,United States,Dr Keiko Wilkins,"University of Hawai'i - Mānoa, United States",US,keiko wilkins,True
Dr Shaun,Wilkinson,Wilderlab,Australia,Dr Shaun Wilkinson,"Wilderlab, Australia",AU,shaun wilkinson,False
Ashton,Williams,Division of Aquatic and Wildlife Resources - Guam,Guam,Ashton Williams,"Division of Aquatic and Wildlife Resources - Guam, Guam",GU,ashton williams,True
Haley,Williams,Wildlife Conservation Society,United States,Haley Williams,"Wildlife Conservation Society, United States",US,haley williams,False
Mary,Williams,Florida International University,United States,Mary Williams,"Florida International University, United States",US,mary williams,True
Dr Sara,Williams,Mote Marine Laboratory,United States,Dr Sara Williams,"Mote Marine Laboratory, United States",US,sara williams,True
Dr David,Williamson,Great Barrier Reef Marine Park Authority,Australia,Dr David Williamson,"Great Barrier Reef Marine Park Authority, Australia",AU,david williamson,True
Zoe,Willis,Florida Atlantic University - Harbor Branch,United States,Zoe Willis,"Florida Atlantic University - Harbor Branch, United States",US,zoe willis,True
Abbie,Wilson,Nova Southeastern University,United States,Abbie Wilson,"Nova Southeastern University, United States",US,abbie wilson,False
Hope,Wilson,Nova Southeastern University,United States,Hope Wilson,"Nova Southeastern University, United States",US,hope wilson,False
Nick,Wilson,Ohio State University,United States,Nick Wilson,"Ohio State University, United States",US,nick wilson,False
Lisa,Wolf,Victoria University of Wellington,New Zealand,Lisa Wolf,"Victoria University of Wellington, New Zealand",NZ,lisa wolf,False
James,Wong,University of Newcastle,Australia,James Wong,"University of Newcastle, Australia",AU,james wong,True
Sophie,Wong,University of Alabama,United States,Sophie Wong,"University of Alabama, United States",US,sophie wong,True
Dr Seonock,Woo,KIOST,South Korea,Dr Seonock Woo,"KIOST, South Korea",KR,seonock woo,True
Silia,Woodside,Cape Eleuthera Institute,Bahamas,Silia Woodside,"Cape Eleuthera Institute, Bahamas",BS,silia woodside,False
Liz,Wu,Arizona State University,United States,Liz Wu,"Arizona State University, United States",US,liz wu,True
Dr Longjun,Wu,Hong Kong University of Science and Technology,Hong Kong,Dr Longjun Wu,"Hong Kong University of Science and Technology, Hong Kong",HK,longjun wu,True
Kai,Wulf,Saba Conservation Foundation,Netherlands,Kai Wulf,"Saba Conservation Foundation, Netherlands",NL,kai wulf,True
Prof Janie,Wulff,Florida State University,United States,Prof Janie Wulff,"Florida State University, United States",US,janie wulff,True
Ms Dana,Wusinich-Mendez,Coral Reef Conservation Program,United States,Ms Dana Wusinich-Mendez,"Coral Reef Conservation Program, United States",US,dana wusinich mendez,True
Prof Alex,Wyatt,Hong Kong University of Science and Techonology,Hong Kong,Prof Alex Wyatt,"Hong Kong University of Science and Techonology, Hong Kong",HK,alex wyatt,True
Dr Nan,Xiang,Chinese University of Hong Kong,Hong Kong,Dr Nan Xiang,"Chinese University of Hong Kong, Hong Kong",HK,nan xiang,True
Dr Tingting,Xiang,University of California - Riverside,United States,Dr Tingting Xiang,"University of California - Riverside, United States",US,tingting xiang,True
Dr Ting,Xu,Hong Kong University of Science and Technology,China,Dr Ting Xu,"Hong Kong University of Science and Technology, China",CN,ting xu,False
Dr Shoji,Yamamoto,Tokyo Metropolitan University,Japan,Dr Shoji Yamamoto,"Tokyo Metropolitan University, Japan",JP,shoji yamamoto,True
Benedict,Yamamura,Marshall Islands Marine Resources Authority,Marshall Islands,Benedict Yamamura,"Marshall Islands Marine Resources Authority, Marshall Islands",MH,benedict yamamura,True
Dr Helen,Yan,University of Sydney,Australia,Dr Helen Yan,"University of Sydney, Australia",AU,helen yan,True
Huajing,Yan,KAUST,Saudi Arabia,Huajing Yan,"KAUST, Saudi Arabia",SA,huajing yan,True
Guohan,Yang,University of Leeds,United Kingdom,Guohan Yang,"University of Leeds, United Kingdom",GB,guohan yang,True
Juntao,Yang,Tokyo Metropolitan University,Japan,Juntao Yang,"Tokyo Metropolitan University, Japan",JP,juntao yang,True
Yan Zhi,Yap,Experimental Marine Ecology Lab,Singapore,Yan Zhi Yap,"Experimental Marine Ecology Lab, Singapore",SG,yan zhi yap,True
Grace,Yarger,Australian Institute of Marine Science,Australia,Grace Yarger,"Australian Institute of Marine Science, Australia",AU,grace yarger,True
Dr Nina,Yasuda,University of Tokyo,Japan,Dr Nina Yasuda,"University of Tokyo, Japan",JP,nina yasuda,True
Dr Thamasak,Yeemin,Ramkhamhaeng University,Thailand,Dr Thamasak Yeemin,"Ramkhamhaeng University, Thailand",TH,thamasak yeemin,True
Alric,Yeow,National University of Singapore,Singapore,Alric Yeow,"National University of Singapore, Singapore",SG,alric yeow,True
Prof Sai-kit,Yeung,Hong Kong University of Science and Technology,Hong Kong,Prof Sai-kit Yeung,"Hong Kong University of Science and Technology, Hong Kong",HK,sai kit yeung,True
Sam King Fung,Yiu,University of Hong Kong,Hong Kong,Sam King Fung Yiu,"University of Hong Kong, Hong Kong",HK,sam king fung yiu,True
Clara,Yong,National University of Singapore,Singapore,Clara Yong,"National University of Singapore, Singapore",SG,clara yong,False
Momoe,Yoshida,James Cook University,Australia,Momoe Yoshida,"James Cook University, Australia",AU,momoe yoshida,True
Yoshikatsu,Nakano,Meio University,Japan,Yoshikatsu Nakano,"Meio University, Japan",JP,yoshikatsu nakano,True
Nicole K,Young,Florida Atlantic University,United States,Nicole K Young,"Florida Atlantic University, United States",US,nicole k young,True
Kathy,Young,Reef Conservation,Mauritius,Kathy Young,"Reef Conservation, Mauritius",MU,kathy young,True
Caitlin,Younis,University of Technology Sydney,Australia,Caitlin Younis,"University of Technology Sydney, Australia",AU,caitlin younis,True
Ana,Yranzo Duque,Instituto de Zoología y Ecología Tropical,"Venezuela, Bolivarian Republic of",Ana Yranzo Duque,"Instituto de Zoología y Ecología Tropical, Venezuela, Bolivarian Republic of",VE,ana yranzo duque,True
Sing-pei,Yu,National Cheng Kung University,Taiwan,Sing-pei Yu,"National Cheng Kung University, Taiwan",TW,sing pei yu,True
Dr Xiaolei,Yu,South China Sea Institute of Oceanology,China,Dr Xiaolei Yu,"South China Sea Institute of Oceanology, China",CN,xiaolei yu,True
Xiaopeng,Yu,Guangxi University,China,Xiaopeng Yu,"Guangxi University, China",CN,xiaopeng yu,False
Ben,Yuen,Soneva Conservation and Sustainability Maldives,Maldives,Ben Yuen,"Soneva Conservation and Sustainability Maldives, Maldives",MV,ben yuen,False
Nanda,Sachra,World Wildlife Fund - Indonesia,Indonesia,Nanda Sachra,"World Wildlife Fund - Indonesia, Indonesia",ID,nanda sachra,False
Dr Joaquin,Yus,Spanish National Research Council,Spain,Dr Joaquin Yus,"Spanish National Research Council, Spain",ES,joaquin yus,True
Dr Ikuko,Yuyama,Yamaguchi University,Japan,Dr Ikuko Yuyama,"Yamaguchi University, Japan",JP,ikuko yuyama,True
Jean Aimé,Zafimahatradraibe,Institut Halieutique et des Sciences Marines/University,Madagascar,Jean Aimé Zafimahatradraibe,"Institut Halieutique et des Sciences Marines/University, Madagascar",MG,jean aim zafimahatradraibe,True
Zach,Zagon,North Carolina State University,United States,Zach Zagon,"North Carolina State University, United States",US,zach zagon,True
A.Prof Jessica,Zamborain Mason,KAUST & Harvard T.H. Chan School of Public Health,Saudi Arabia,A.Prof Jessica Zamborain Mason,"KAUST & Harvard T.H. Chan School of Public Health, Saudi Arabia",SA,a prof jessica zamborain mason,True
Greta,Zampa,Australian Institute of Marine Science,Australia,Greta Zampa,"Australian Institute of Marine Science, Australia",AU,greta zampa,True
Prof Mikolaj,Zapalski,University of Warsaw,Poland,Prof Mikolaj Zapalski,"University of Warsaw, Poland",PL,mikolaj zapalski,True
Prof Fernando,Zapata,Universidad del Valle,Colombia,Prof Fernando Zapata,"Universidad del Valle, Colombia",CO,fernando zapata,True
Dr Kyle,Zawada,Macquarie University,Australia,Dr Kyle Zawada,"Macquarie University, Australia",AU,kyle zawada,True
Bryant J,Zebedy,Marshall Islands Marine Resources Authority,Marshall Islands,Bryant J Zebedy,"Marshall Islands Marine Resources Authority, Marshall Islands",MH,bryant j zebedy,True
Alexandra,Zelaya,University of North Carolina - Wilmington,United States,Alexandra Zelaya,"University of North Carolina - Wilmington, United States",US,alexandra zelaya,True
Calina,Zepeda,The Nature Conservancy,Mexico,Calina Zepeda,"The Nature Conservancy, Mexico",MX,calina zepeda,False
Dr Brian,Zgliczynski,Scripps Institution of Oceanography,United States,Dr Brian Zgliczynski,"Scripps Institution of Oceanography, United States",US,brian zgliczynski,True
Mengjin,Zhang,University of Hong Kong,Hong Kong,Mengjin Zhang,"University of Hong Kong, Hong Kong",HK,mengjin zhang,True
Prof Meixia,Zhao,South China Sea Institute of Oceanology,China,Prof Meixia Zhao,"South China Sea Institute of Oceanology, China",CN,meixia zhao,True
Sharon,Ziegler-Chong,University of Hawaiʻi,United States,Sharon Ziegler-Chong,"University of Hawaiʻi, United States",US,sharon ziegler chong,True
Prof Jens,Zinke,University of Leicester,United Kingdom,Prof Jens Zinke,"University of Leicester, United Kingdom",GB,jens zinke,False
Dr Didier,Zoccola,Centre Scientifique de Monaco,Monaco,Dr Didier Zoccola,"Centre Scientifique de Monaco, Monaco",MC,didier zoccola,True
Piper,Zola,College of Charleston,United States,Piper Zola,"College of Charleston, United States",US,piper zola,True
William,Zozaya,CRIOBE,French Polynesia,William Zozaya,"CRIOBE, French Polynesia",PF,william zozaya,True
Najwa,Zulkifly,Universiti Malaysia Terengganu,Malaysia,Najwa Zulkifly,"Universiti Malaysia Terengganu, Malaysia",MY,najwa zulkifly,True
Sophia,Zummo,Scripps Institution of Oceanography,United States,Sophia Zummo,"Scripps Institution of Oceanography, United States",US,sophia zummo,True
